#pragma once
#define CAT_IMG_W 300
#define CAT_IMG_H 185
const uint16_t cat_img[55500] = {
  0x0000, 0x0000, 0x0000, 0x0000, 0x0000, 0x0000, 0x0000, 0x0000, 0x0000, 0x0000, 0x0000, 0x0000, 0x0000, 0x0000, 0x0000, 0x0000,
  0x0000, 0x0000, 0x0000, 0x0000, 0x0000, 0x0000, 0x0000, 0x0000, 0x0000, 0x0000, 0x0000, 0x0000, 0x0000, 0x0000, 0x0000, 0x0000,
  0x0000, 0x0000, 0x0000, 0x0000, 0x0000, 0x0000, 0x0000, 0x0000, 0x0000, 0x0000, 0x0000, 0x0000, 0x0000, 0x0000, 0x0000, 0x0000,
  0x0000, 0x0000, 0x0000, 0x0000, 0x0000, 0x0000, 0x0000, 0x0000, 0x0000, 0x0000, 0x0000, 0x0000, 0x0000, 0x0000, 0x0000, 0x0000,
  0x0000, 0x0000, 0x0000, 0x0000, 0x0000, 0x0000, 0x0000, 0x0000, 0x0000, 0x0000, 0x0000, 0x0000, 0x0000, 0x0000, 0x0000, 0x0000,
  0x0000, 0x0000, 0x0000, 0x0000, 0x0000, 0x0000, 0x0000, 0x0000, 0x0000, 0x0000, 0x0000, 0x0000, 0x0000, 0x0000, 0x0000, 0x0000,
  0x0000, 0x0000, 0x0000, 0x0000, 0x0000, 0x0000, 0x0000, 0x0000, 0x0000, 0x0000, 0x0000, 0x0000, 0x0000, 0x0000, 0x0000, 0x0000,
  0x0000, 0x0000, 0x0000, 0x0000, 0x0000, 0x0000, 0x0000, 0x0000, 0x0000, 0x0000, 0x0000, 0x0000, 0x0000, 0x0000, 0x0000, 0x0000,
  0x0000, 0x0000, 0x0000, 0x0000, 0x0000, 0x0000, 0x0000, 0x0000, 0x0000, 0x0000, 0x0000, 0x0000, 0x0000, 0x0000, 0x0000, 0x0000,
  0x0000, 0x0000, 0x0000, 0x0000, 0x0000, 0x0000, 0x0000, 0x0000, 0x0000, 0x0000, 0x0000, 0x0000, 0x0000, 0x0000, 0x0000, 0x0000,
  0x0000, 0x0000, 0x0000, 0x0000, 0x0000, 0x0000, 0x0000, 0x0000, 0x0000, 0x0000, 0x0000, 0x0000, 0x0000, 0x0000, 0x0000, 0x0000,
  0x0000, 0x0000, 0x0000, 0x0000, 0x0000, 0x0000, 0x0000, 0x0000, 0x0000, 0x0000, 0x0000, 0x0000, 0x0000, 0x0000, 0x0000, 0x0000,
  0x0000, 0x0000, 0x0000, 0x0000, 0x0000, 0x0000, 0x0000, 0x0000, 0x0000, 0x0000, 0x0000, 0x0000, 0x0000, 0x0000, 0x0000, 0x0000,
  0x0000, 0x0000, 0x0000, 0x0000, 0x0000, 0x0000, 0x0000, 0x0000, 0x0000, 0x0000, 0x0000, 0x0000, 0x0000, 0x0000, 0x0000, 0x0000,
  0x0000, 0x0000, 0x0000, 0x0000, 0x0000, 0x0000, 0x0000, 0x0000, 0x0000, 0x0000, 0x0000, 0x0000, 0x0000, 0x0000, 0x0000, 0x0000,
  0x0000, 0x0000, 0x0000, 0x0000, 0x0000, 0x0000, 0x0000, 0x0000, 0x0000, 0x0000, 0x0000, 0x0000, 0x0000, 0x0000, 0x0000, 0x0000,
  0x0000, 0x0000, 0x0000, 0x0000, 0x0000, 0x0000, 0x0000, 0x0000, 0x0000, 0x0000, 0x0000, 0x0000, 0x0000, 0x0000, 0x0000, 0x0000,
  0x0000, 0x0000, 0x0000, 0x0000, 0x0000, 0x0000, 0x0000, 0x0000, 0x0000, 0x0000, 0x0000, 0x0000, 0x0000, 0x0000, 0x0000, 0x0000,
  0x0000, 0x0000, 0x0000, 0x0000, 0x0000, 0x0000, 0x0000, 0x0000, 0x0000, 0x0000, 0x0000, 0x0000, 0x0000, 0x0000, 0x0000, 0x0000,
  0x0000, 0x0000, 0x0000, 0x0000, 0x0000, 0x0000, 0x0000, 0x0000, 0x0000, 0x0000, 0x0000, 0x0000, 0x0000, 0x0000, 0x0000, 0x0000,
  0x0000, 0x0000, 0x0000, 0x0000, 0x0000, 0x0000, 0x0000, 0x0000, 0x0000, 0x0000, 0x0000, 0x0000, 0x0000, 0x0000, 0x0000, 0x0000,
  0x0000, 0x0000, 0x0000, 0x0000, 0x0000, 0x0000, 0x0000, 0x0000, 0x0000, 0x0000, 0x0000, 0x0000, 0x0000, 0x0000, 0x0000, 0x0000,
  0x0000, 0x0000, 0x0000, 0x0000, 0x0000, 0x0000, 0x0000, 0x0000, 0x0000, 0x0000, 0x0000, 0x0000, 0x0000, 0x0000, 0x0000, 0x0000,
  0x0000, 0x0000, 0x0000, 0x0000, 0x0000, 0x0000, 0x0000, 0x0000, 0x0000, 0x0000, 0x0000, 0x0000, 0x0000, 0x0000, 0x0000, 0x0000,
  0x0000, 0x0000, 0x0000, 0x0000, 0x0000, 0x0000, 0x0000, 0x0000, 0x0000, 0x0000, 0x0000, 0x0000, 0x0000, 0x0000, 0x0000, 0x0000,
  0x0000, 0x0000, 0x0000, 0x0000, 0x0000, 0x0000, 0x0000, 0x0000, 0x0000, 0x0000, 0x0000, 0x0000, 0x0000, 0x0000, 0x0000, 0x0000,
  0x0000, 0x0000, 0x0000, 0x0000, 0x0000, 0x0000, 0x0000, 0x0000, 0x0000, 0x0000, 0x0000, 0x0000, 0x0000, 0x0000, 0x0000, 0x0000,
  0x0000, 0x0000, 0x0000, 0x0000, 0x0000, 0x0000, 0x0000, 0x0000, 0x0000, 0x0000, 0x0000, 0x0000, 0x0000, 0x0000, 0x0000, 0x0000,
  0x0000, 0x0000, 0x0000, 0x0000, 0x0000, 0x0000, 0x0000, 0x0000, 0x0000, 0x0000, 0x0000, 0x0000, 0x0000, 0x0000, 0x0000, 0x0000,
  0x0000, 0x0000, 0x0000, 0x0000, 0x0000, 0x0000, 0x0000, 0x0000, 0x0000, 0x0000, 0x0000, 0x0000, 0x0000, 0x0000, 0x0000, 0x0000,
  0x0000, 0x0000, 0x0000, 0x0000, 0x0000, 0x0000, 0x0000, 0x0000, 0x0000, 0x0000, 0x0000, 0x0000, 0x0000, 0x0000, 0x0000, 0x0000,
  0x0000, 0x0000, 0x0000, 0x0000, 0x0000, 0x0000, 0x0000, 0x0000, 0x0000, 0x0000, 0x0000, 0x0000, 0x0000, 0x0000, 0x0000, 0x0000,
  0x0000, 0x0000, 0x0000, 0x0000, 0x0000, 0x0000, 0x0000, 0x0000, 0x0000, 0x0000, 0x0000, 0x0000, 0x0000, 0x0000, 0x0000, 0x0000,
  0x0000, 0x0000, 0x0000, 0x0000, 0x0000, 0x0000, 0x0000, 0x0000, 0x0000, 0x0000, 0x0000, 0x0000, 0x0000, 0x0000, 0x0000, 0x0000,
  0x0000, 0x0000, 0x0000, 0x0000, 0x0000, 0x0000, 0x0000, 0x0000, 0x0000, 0x0000, 0x0000, 0x0000, 0x0000, 0x0000, 0x0000, 0x0000,
  0x0000, 0x0000, 0x0000, 0x0000, 0x0000, 0x0000, 0x0000, 0x0000, 0x0000, 0x0000, 0x0000, 0x0000, 0x0000, 0x0000, 0x0000, 0x0000,
  0x0000, 0x0000, 0x0000, 0x0000, 0x0000, 0x0000, 0x0000, 0x0000, 0x0000, 0x0000, 0x0000, 0x0000, 0x0000, 0x0000, 0x0000, 0x0000,
  0x0000, 0x0000, 0x0000, 0x0000, 0x0000, 0x0000, 0x0000, 0x0000, 0x0000, 0x0000, 0x0000, 0x0000, 0x0000, 0x0000, 0x0000, 0x0000,
  0x0000, 0x0000, 0x0000, 0x0000, 0x0000, 0x0000, 0x0000, 0x0000, 0x0000, 0x0000, 0x0000, 0x0000, 0x0000, 0x0000, 0x0000, 0x0000,
  0x0000, 0x0000, 0x0000, 0x0000, 0x0000, 0x0000, 0x0000, 0x0000, 0x0000, 0x0000, 0x0000, 0x0000, 0x0000, 0x0000, 0x0000, 0x0000,
  0x0000, 0x0000, 0x0000, 0x0000, 0x0000, 0x0000, 0x0000, 0x0000, 0x0000, 0x0000, 0x0000, 0x0000, 0x0000, 0x0000, 0x0000, 0x0000,
  0x0000, 0x0000, 0x0000, 0x0000, 0x0000, 0x0000, 0x0000, 0x0000, 0x0000, 0x0000, 0x0000, 0x0000, 0x0000, 0x0000, 0x0000, 0x0000,
  0x0000, 0x0000, 0x0000, 0x0000, 0x0000, 0x0000, 0x0000, 0x0000, 0x0000, 0x0000, 0x0000, 0x0000, 0x0000, 0x0000, 0x0000, 0x0000,
  0x0000, 0x0000, 0x0000, 0x0000, 0x0000, 0x0000, 0x0000, 0x0000, 0x0000, 0x0000, 0x0000, 0x0000, 0x0000, 0x0000, 0x0000, 0x0000,
  0x0000, 0x0000, 0x0000, 0x0000, 0x0000, 0x0000, 0x0000, 0x0000, 0x0000, 0x0000, 0x0000, 0x0000, 0x0000, 0x0000, 0x0000, 0x0000,
  0x0000, 0x0000, 0x0000, 0x0000, 0x0000, 0x0000, 0x0000, 0x0000, 0x0000, 0x0000, 0x0000, 0x0000, 0x0000, 0x0000, 0x0000, 0x0000,
  0x0000, 0x0000, 0x0000, 0x0000, 0x0000, 0x0000, 0x0000, 0x0000, 0x0000, 0x0000, 0x0000, 0x0000, 0x0000, 0x0000, 0x0000, 0x0000,
  0x0000, 0x0000, 0x0000, 0x0000, 0x0000, 0x0000, 0x0000, 0x0000, 0x0000, 0x0000, 0x0000, 0x0000, 0x0000, 0x0000, 0x0000, 0x0000,
  0x0000, 0x0000, 0x0000, 0x0000, 0x0000, 0x0000, 0x0000, 0x0000, 0x0000, 0x0000, 0x0000, 0x0000, 0x0000, 0x0000, 0x0000, 0x0000,
  0x0000, 0x0000, 0x0000, 0x0000, 0x0000, 0x0000, 0x0000, 0x0000, 0x0000, 0x0000, 0x0000, 0x0000, 0x0000, 0x0000, 0x0000, 0x0000,
  0x0000, 0x0000, 0x0000, 0x0000, 0x0000, 0x0000, 0x0000, 0x0000, 0x0000, 0x0000, 0x0000, 0x0000, 0x0000, 0x0000, 0x0000, 0x0000,
  0x0000, 0x0000, 0x0000, 0x0000, 0x0000, 0x0000, 0x0000, 0x0000, 0x0000, 0x0000, 0x0000, 0x0000, 0x0000, 0x0000, 0x0000, 0x0000,
  0x0000, 0x0000, 0x0000, 0x0000, 0x0000, 0x0000, 0x0000, 0x0000, 0x0000, 0x0000, 0x0000, 0x0000, 0x0000, 0x0000, 0x0000, 0x0000,
  0x0000, 0x0000, 0x0000, 0x0000, 0x0000, 0x0000, 0x0000, 0x0000, 0x0000, 0x0000, 0x0000, 0x0000, 0x0000, 0x0000, 0x0000, 0x0000,
  0x0000, 0x0000, 0x0000, 0x0000, 0x0000, 0x0000, 0x0000, 0x0000, 0x0000, 0x0000, 0x0000, 0x0000, 0x0000, 0x0000, 0x0000, 0x0000,
  0x0000, 0x0000, 0x0000, 0x0000, 0x0000, 0x0000, 0x0000, 0x0000, 0x0000, 0x0000, 0x0000, 0x0000, 0x0000, 0x0000, 0x0000, 0x0000,
  0x0000, 0x0000, 0x0000, 0x0000, 0x0000, 0x0000, 0x0000, 0x0000, 0x0000, 0x0000, 0x0000, 0x0000, 0x0000, 0x0000, 0x0000, 0x0000,
  0x0000, 0x0000, 0x0000, 0x0000, 0x0000, 0x0000, 0x0000, 0x0000, 0x0000, 0x0000, 0x0000, 0x0000, 0x0000, 0x0000, 0x0000, 0x0000,
  0x0000, 0x0000, 0x0000, 0x0000, 0x0000, 0x0000, 0x0000, 0x0000, 0x0000, 0x0000, 0x0000, 0x0000, 0x0000, 0x0000, 0x0000, 0x0000,
  0x0000, 0x0000, 0x0000, 0x0000, 0x0000, 0x0000, 0x0000, 0x0000, 0x0000, 0x0000, 0x0000, 0x0000, 0x0000, 0x0000, 0x0000, 0x0000,
  0x0000, 0x0000, 0x0000, 0x0000, 0x0000, 0x0000, 0x0000, 0x0000, 0x0000, 0x0000, 0x0000, 0x0000, 0x0000, 0x0000, 0x0000, 0x0000,
  0x0000, 0x0000, 0x0000, 0x0000, 0x0000, 0x0000, 0x0000, 0x0000, 0x0000, 0x0000, 0x0000, 0x0000, 0x0000, 0x0000, 0x0000, 0x0000,
  0x0000, 0x0000, 0x0000, 0x0000, 0x0000, 0x0000, 0x0000, 0x0000, 0x0000, 0x0000, 0x0000, 0x0000, 0x0000, 0x0000, 0x0000, 0x0000,
  0x0000, 0x0000, 0x0000, 0x0000, 0x0000, 0x0000, 0x0000, 0x0000, 0x0000, 0x0000, 0x0000, 0x0000, 0x0000, 0x0000, 0x0000, 0x0000,
  0x0000, 0x0000, 0x0000, 0x0000, 0x0000, 0x0000, 0x0000, 0x0000, 0x0000, 0x0000, 0x0000, 0x0000, 0x0000, 0x0000, 0x0000, 0x0000,
  0x0000, 0x0000, 0x0000, 0x0000, 0x0000, 0x0000, 0x0000, 0x0000, 0x0000, 0x0000, 0x0000, 0x0000, 0x0000, 0x0000, 0x0000, 0x0000,
  0x0000, 0x0000, 0x0000, 0x0000, 0x0000, 0x0000, 0x0000, 0x0000, 0x0000, 0x0000, 0x0000, 0x0000, 0x0000, 0x0000, 0x0000, 0x0000,
  0x0000, 0x0000, 0x0000, 0x0000, 0x0000, 0x0000, 0x0000, 0x0000, 0x0000, 0x0000, 0x0000, 0x0000, 0x0000, 0x0000, 0x0000, 0x0000,
  0x0000, 0x0000, 0x0000, 0x0000, 0x0000, 0x0000, 0x0000, 0x0000, 0x0000, 0x0000, 0x0000, 0x0000, 0x0000, 0x0000, 0x0000, 0x0000,
  0x0000, 0x0000, 0x0000, 0x0000, 0x0000, 0x0000, 0x0000, 0x0000, 0x0000, 0x0000, 0x0000, 0x0000, 0x0000, 0x0000, 0x0000, 0x0000,
  0x0000, 0x0000, 0x0000, 0x0000, 0x0000, 0x0000, 0x0000, 0x0000, 0x0000, 0x0000, 0x0000, 0x0000, 0x0000, 0x0000, 0x0000, 0x0000,
  0x0000, 0x0000, 0x0000, 0x0000, 0x0000, 0x0000, 0x0000, 0x0000, 0x0000, 0x0000, 0x0000, 0x0000, 0x0000, 0x0000, 0x0000, 0x0000,
  0x0000, 0x0000, 0x0000, 0x0000, 0x0000, 0x0000, 0x0000, 0x0000, 0x0000, 0x0000, 0x0000, 0x0000, 0x0000, 0x0000, 0x0000, 0x0000,
  0x0000, 0x0000, 0x0000, 0x0000, 0x0000, 0x0000, 0x0000, 0x0000, 0x0000, 0x0000, 0x0000, 0x0000, 0x0000, 0x0000, 0x0000, 0x0000,
  0x0000, 0x0000, 0x0000, 0x0000, 0x0000, 0x0000, 0x0000, 0x0000, 0x0000, 0x0000, 0x0000, 0x0000, 0x0000, 0x0000, 0x0000, 0x0000,
  0x0000, 0x0000, 0x0000, 0x0000, 0x0000, 0x0000, 0x0000, 0x0000, 0x0000, 0x0000, 0x0000, 0x0000, 0x0000, 0x0000, 0x0000, 0x0000,
  0x0000, 0x0000, 0x0000, 0x0000, 0x0000, 0x0000, 0x0000, 0x0000, 0x0000, 0x0000, 0x0000, 0x0000, 0x0000, 0x0000, 0x0000, 0x0000,
  0x0000, 0x0000, 0x0000, 0x0000, 0x0000, 0x0000, 0x0000, 0x0000, 0x0000, 0x0000, 0x0000, 0x0000, 0x0000, 0x0000, 0x0000, 0x0000,
  0x0000, 0x0000, 0x0000, 0x0000, 0x0000, 0x0000, 0x0000, 0x0000, 0x0000, 0x0000, 0x0000, 0x0000, 0x0000, 0x0000, 0x0000, 0x0000,
  0x0000, 0x0000, 0x0000, 0x0000, 0x0000, 0x0000, 0x0000, 0x0000, 0x0000, 0x0000, 0x0000, 0x0000, 0x0000, 0x0000, 0x0000, 0x0000,
  0x0000, 0x0000, 0x0000, 0x0000, 0x0000, 0x0000, 0x0000, 0x0000, 0x0000, 0x0000, 0x0000, 0x0000, 0x0000, 0x0000, 0x0000, 0x0000,
  0x0000, 0x0000, 0x0000, 0x0000, 0x0000, 0x0000, 0x0000, 0x0000, 0x0000, 0x0000, 0x0000, 0x0000, 0x0000, 0x0000, 0x0000, 0x0000,
  0x0000, 0x0000, 0x0000, 0x0000, 0x0000, 0x0000, 0x0000, 0x0000, 0x0000, 0x0000, 0x0000, 0x0000, 0x0000, 0x0000, 0x0000, 0x0000,
  0x0000, 0x0000, 0x0000, 0x0000, 0x0000, 0x0000, 0x0000, 0x0000, 0x0000, 0x0000, 0x0000, 0x0000, 0x0000, 0x0000, 0x0000, 0x0000,
  0x0000, 0x0000, 0x0000, 0x0000, 0x0000, 0x0000, 0x0000, 0x0000, 0x0000, 0x0000, 0x0000, 0x0000, 0x0000, 0x0000, 0x0000, 0x0000,
  0x0000, 0x0000, 0x0000, 0x0000, 0x0000, 0x0000, 0x0000, 0x0000, 0x0000, 0x0000, 0x0000, 0x0000, 0x0000, 0x0000, 0x0000, 0x0000,
  0x0000, 0x0000, 0x0000, 0x0000, 0x0000, 0x0000, 0x0000, 0x0000, 0x0000, 0x0000, 0x0000, 0x0000, 0x0000, 0x0000, 0x0000, 0x0000,
  0x0000, 0x0000, 0x0000, 0x0000, 0x0000, 0x0000, 0x0000, 0x0000, 0x0000, 0x0000, 0x0000, 0x0000, 0x0000, 0x0000, 0x0000, 0x0000,
  0x0000, 0x0000, 0x0000, 0x0000, 0x0000, 0x0000, 0x0000, 0x0000, 0x0000, 0x0000, 0x0000, 0x0000, 0x0000, 0x0000, 0x0000, 0x0000,
  0x0000, 0x0000, 0x0000, 0x0000, 0x0000, 0x0000, 0x0000, 0x0000, 0x0000, 0x0000, 0x0000, 0x0000, 0x0000, 0x0000, 0x0000, 0x0000,
  0x0000, 0x0000, 0x0000, 0x0000, 0x0000, 0x0000, 0x0000, 0x0000, 0x0000, 0x0000, 0x0000, 0x0000, 0x0000, 0x0000, 0x0000, 0x0000,
  0x0000, 0x0000, 0x0000, 0x0000, 0x0000, 0x0000, 0x0000, 0x0000, 0x0000, 0x0000, 0x0000, 0x0000, 0x0000, 0x0000, 0x0000, 0x0000,
  0x0000, 0x0000, 0x0000, 0x0000, 0x0000, 0x0000, 0x0000, 0x0000, 0x0000, 0x0000, 0x0000, 0x0000, 0x0000, 0x0000, 0x0000, 0x0000,
  0x0000, 0x0000, 0x0000, 0x0000, 0x0000, 0x0000, 0x0000, 0x0000, 0x0000, 0x0000, 0x0000, 0x0000, 0x0000, 0x0000, 0x0000, 0x0000,
  0x0000, 0x0000, 0x0000, 0x0000, 0x0000, 0x0000, 0x0000, 0x0000, 0x0000, 0x0000, 0x0000, 0x0000, 0x0000, 0x0000, 0x0000, 0x0000,
  0x0000, 0x0000, 0x0000, 0x0000, 0x0000, 0x0000, 0x0000, 0x0000, 0x0000, 0x0000, 0x0000, 0x0000, 0x0000, 0x0000, 0x0000, 0x0000,
  0x0000, 0x0000, 0x0000, 0x0000, 0x0000, 0x0000, 0x0000, 0x0000, 0x0000, 0x0000, 0x0000, 0x0000, 0x0000, 0x0000, 0x0000, 0x0000,
  0x0000, 0x0000, 0x0000, 0x0000, 0x0000, 0x0000, 0x0000, 0x0000, 0x0000, 0x0000, 0x0000, 0x0000, 0x0000, 0x0000, 0x0000, 0x0000,
  0x0000, 0x0000, 0x0000, 0x0000, 0x0000, 0x0000, 0x0000, 0x0000, 0x0000, 0x0000, 0x0000, 0x0000, 0x0000, 0x0000, 0x0000, 0x0000,
  0x0000, 0x0000, 0x0000, 0x0000, 0x0000, 0x0000, 0x0000, 0x0000, 0x0000, 0x0000, 0x0000, 0x0000, 0x0000, 0x0000, 0x0000, 0x0000,
  0x0000, 0x0000, 0x0000, 0x0000, 0x0000, 0x0000, 0x0000, 0x0000, 0x0000, 0x0000, 0x0000, 0x0000, 0x0000, 0x0000, 0x0000, 0x0000,
  0x0000, 0x0000, 0x0000, 0x0000, 0x0000, 0x0000, 0x0000, 0x0000, 0x0000, 0x0000, 0x0000, 0x0000, 0x0000, 0x0000, 0x0000, 0x0000,
  0x0000, 0x0000, 0x0000, 0x0000, 0x0000, 0x0000, 0x0000, 0x0000, 0x0000, 0x0000, 0x0000, 0x0000, 0x0000, 0x0000, 0x0000, 0x0000,
  0x0000, 0x0000, 0x0000, 0x0000, 0x0000, 0x0000, 0x0000, 0x0000, 0x0000, 0x0000, 0x0000, 0x0000, 0x0000, 0x0000, 0x0000, 0x0000,
  0x0000, 0x0000, 0x0000, 0x0000, 0x0000, 0x0000, 0x0000, 0x0000, 0x0000, 0x0000, 0x0000, 0x0000, 0x0000, 0x0000, 0x0000, 0x0000,
  0x0000, 0x0000, 0x0000, 0x0000, 0x0000, 0x0000, 0x0000, 0x0000, 0x0000, 0x0000, 0x0000, 0x0000, 0x0000, 0x0000, 0x0000, 0x0000,
  0x0000, 0x0000, 0x0000, 0x0000, 0x0000, 0x0000, 0x0000, 0x0000, 0x0000, 0x0000, 0x0000, 0x0000, 0x0000, 0x0000, 0x0000, 0x0000,
  0x0000, 0x0000, 0x0000, 0x0000, 0x0000, 0x0000, 0x0000, 0x0000, 0x0000, 0x0000, 0x0000, 0x0000, 0x0000, 0x0000, 0x0000, 0x0000,
  0x0000, 0x0000, 0x0000, 0x0000, 0x0000, 0x0000, 0x0000, 0x0000, 0x0000, 0x0000, 0x0000, 0x0000, 0x0000, 0x0000, 0x0000, 0x0000,
  0x0000, 0x0000, 0x0000, 0x0000, 0x0000, 0x0000, 0x0000, 0x0000, 0x0000, 0x0000, 0x0000, 0x0000, 0x0000, 0x0000, 0x0000, 0x0000,
  0x0000, 0x0000, 0x0000, 0x0000, 0x0000, 0x0000, 0x0000, 0x0000, 0x0000, 0x0000, 0x0000, 0x0000, 0x0000, 0x0000, 0x0000, 0x0000,
  0x0000, 0x0000, 0x0000, 0x0000, 0x0000, 0x0000, 0x0000, 0x0000, 0x0000, 0x0000, 0x0000, 0x0000, 0x0000, 0x0000, 0x0000, 0x0000,
  0x0000, 0x0000, 0x0000, 0x0000, 0x0000, 0x0000, 0x0000, 0x0000, 0x0000, 0x0000, 0x0000, 0x0000, 0x0000, 0x0000, 0x0000, 0x0000,
  0x0000, 0x0000, 0x0000, 0x0000, 0x0000, 0x0000, 0x0000, 0x0000, 0x0000, 0x0000, 0x0000, 0x0000, 0x0000, 0x0000, 0x0000, 0x0000,
  0x0000, 0x0000, 0x0000, 0x0000, 0x0000, 0x0000, 0x0000, 0x0000, 0x0000, 0x0000, 0x0000, 0x0000, 0x0000, 0x0000, 0x0000, 0x0000,
  0x0000, 0x0000, 0x0000, 0x0000, 0x0000, 0x0000, 0x0000, 0x0000, 0x0000, 0x0000, 0x0000, 0x0000, 0x0000, 0x0000, 0x0000, 0x0000,
  0x0000, 0x0000, 0x0000, 0x0000, 0x0000, 0x0000, 0x0000, 0x0000, 0x0000, 0x0000, 0x0000, 0x0000, 0x0000, 0x0000, 0x0000, 0x0000,
  0x0000, 0x0000, 0x0000, 0x0000, 0x0000, 0x0000, 0x0000, 0x0000, 0x0000, 0x0000, 0x0000, 0x0000, 0x0000, 0x0000, 0x0000, 0x0000,
  0x0000, 0x0000, 0x0000, 0x0000, 0x0000, 0x0000, 0x0000, 0x0000, 0x0000, 0x0000, 0x0000, 0x0000, 0x0000, 0x0000, 0x0000, 0x0000,
  0x0000, 0x0000, 0x0000, 0x0000, 0x0000, 0x0000, 0x0000, 0x0000, 0x0000, 0x0000, 0x0000, 0x0000, 0x0000, 0x0000, 0x0000, 0x0000,
  0x0000, 0x0000, 0x0000, 0x0000, 0x0000, 0x0000, 0x0000, 0x0000, 0x0000, 0x0000, 0x0000, 0x0000, 0x0000, 0x0000, 0x0000, 0x0000,
  0x0000, 0x0000, 0x0000, 0x0000, 0x0000, 0x0000, 0x0000, 0x0000, 0x0000, 0x0000, 0x0000, 0x0000, 0x0000, 0x0000, 0x0000, 0x0000,
  0x0000, 0x0000, 0x0000, 0x0000, 0x0000, 0x0000, 0x0000, 0x0000, 0x0000, 0x0000, 0x0000, 0x0000, 0x0000, 0x0000, 0x0000, 0x0000,
  0x0000, 0x0000, 0x0000, 0x0000, 0x0000, 0x0000, 0x0000, 0x0000, 0x0000, 0x0000, 0x0000, 0x0000, 0x0000, 0x0000, 0x0000, 0x0000,
  0x0000, 0x0000, 0x0000, 0x0000, 0x0000, 0x0000, 0x0000, 0x0000, 0x0000, 0x0000, 0x0000, 0x0000, 0x0000, 0x0000, 0x0000, 0x0000,
  0x0000, 0x0000, 0x0000, 0x0000, 0x0000, 0x0000, 0x0000, 0x0000, 0x0000, 0x0000, 0x0000, 0x0000, 0x0000, 0x0000, 0x0000, 0x0000,
  0x0000, 0x0000, 0x0000, 0x0000, 0x0000, 0x0000, 0x0000, 0x0000, 0x0000, 0x0000, 0x0000, 0x0000, 0x0000, 0x0000, 0x0000, 0x0000,
  0x0000, 0x0000, 0x0000, 0x0000, 0x0000, 0x0000, 0x0000, 0x0000, 0x0000, 0x0000, 0x0000, 0x0000, 0x0000, 0x0000, 0x0000, 0x0000,
  0x0000, 0x0000, 0x0000, 0x0000, 0x0000, 0x0000, 0x0000, 0x0000, 0x0000, 0x0000, 0x0000, 0x0000, 0x0000, 0x0000, 0x0000, 0x0000,
  0x0000, 0x0000, 0x0000, 0x0000, 0x0000, 0x0000, 0x0000, 0x0000, 0x0000, 0x0000, 0x0000, 0x0000, 0x0000, 0x0000, 0x0000, 0x0000,
  0x0000, 0x0000, 0x0000, 0x0000, 0x0000, 0x0000, 0x0000, 0x0000, 0x0000, 0x0000, 0x0000, 0x0000, 0x0000, 0x0000, 0x0000, 0x0000,
  0x0000, 0x0000, 0x0000, 0x0000, 0x0000, 0x0000, 0x0000, 0x0000, 0x0000, 0x0000, 0x0000, 0x0000, 0x0000, 0x0000, 0x0000, 0x0000,
  0x0000, 0x0000, 0x0000, 0x0000, 0x0000, 0x0000, 0x0000, 0x0000, 0x0000, 0x0000, 0x0000, 0x0000, 0x0000, 0x0000, 0x0000, 0x0000,
  0x0000, 0x0000, 0x0000, 0x0000, 0x0000, 0x0000, 0x0000, 0x0000, 0x0000, 0x0000, 0x0000, 0x0000, 0x0000, 0x0000, 0x0000, 0x0000,
  0x0000, 0x0000, 0x0000, 0x0000, 0x0000, 0x0000, 0x0000, 0x0000, 0x0000, 0x0000, 0x0000, 0x0000, 0x0000, 0x0000, 0x0000, 0x0000,
  0x0000, 0x0000, 0x0000, 0x0000, 0x0000, 0x0000, 0x0000, 0x0000, 0x0000, 0x0000, 0x0000, 0x0000, 0x0000, 0x0000, 0x0000, 0x0000,
  0x0000, 0x0000, 0x0000, 0x0000, 0x0000, 0x0000, 0x0000, 0x0000, 0x0000, 0x0000, 0x0000, 0x0000, 0x0000, 0x0000, 0x0000, 0x0000,
  0x0000, 0x0000, 0x0000, 0x0000, 0x0000, 0x0000, 0x0000, 0x0000, 0x0000, 0x0000, 0x0000, 0x0000, 0x0000, 0x0000, 0x0000, 0x0000,
  0x0000, 0x0000, 0x0000, 0x0000, 0x0000, 0x0000, 0x0000, 0x0000, 0x0000, 0x0000, 0x0000, 0x0000, 0x0000, 0x0000, 0x0000, 0x0000,
  0x0000, 0x0000, 0x0000, 0x0000, 0x0000, 0x0000, 0x0000, 0x0000, 0x0000, 0x0000, 0x0000, 0x0000, 0x0000, 0x0000, 0x0000, 0x0000,
  0x0000, 0x0000, 0x0000, 0x0000, 0x0000, 0x0000, 0x0000, 0x0000, 0x0000, 0x0000, 0x0000, 0x0000, 0x0000, 0x0000, 0x0000, 0x0000,
  0x0000, 0x0000, 0x0000, 0x0000, 0x0000, 0x0000, 0x0000, 0x0000, 0x0000, 0x0000, 0x0000, 0x0000, 0x0000, 0x0000, 0x0000, 0x0000,
  0x0000, 0x0000, 0x0000, 0x0000, 0x0000, 0x0000, 0x0000, 0x0000, 0x0000, 0x0000, 0x0000, 0x0000, 0x0000, 0x0000, 0x0000, 0x0000,
  0x0000, 0x0000, 0x0000, 0x0000, 0x0000, 0x0000, 0x0000, 0x0000, 0x0000, 0x0000, 0x0000, 0x0000, 0x0000, 0x0000, 0x0000, 0x0000,
  0x0000, 0x0000, 0x0000, 0x0000, 0x0000, 0x0000, 0x0000, 0x0000, 0x0000, 0x0000, 0x0000, 0x0000, 0x0000, 0x0000, 0x0000, 0x0000,
  0x0000, 0x0000, 0x0000, 0x0000, 0x0000, 0x0000, 0x0000, 0x0000, 0x0000, 0x0000, 0x0000, 0x0000, 0x0000, 0x0000, 0x0000, 0x0000,
  0x0000, 0x0000, 0x0000, 0x0000, 0x0000, 0x0000, 0x0000, 0x0000, 0x0000, 0x0000, 0x0000, 0x0000, 0x0000, 0x0000, 0x0000, 0x0000,
  0x0000, 0x0000, 0x0000, 0x0000, 0x0000, 0x0000, 0x0000, 0x0000, 0x0000, 0x0000, 0x0000, 0x0000, 0x0000, 0x0000, 0x0000, 0x0000,
  0x0000, 0x0000, 0x0000, 0x0000, 0x0000, 0x0000, 0x0000, 0x0000, 0x0000, 0x0000, 0x0000, 0x0000, 0x0000, 0x0000, 0x0000, 0x0000,
  0x0000, 0x0000, 0x0000, 0x0000, 0x0000, 0x0000, 0x0000, 0x0000, 0x0000, 0x0000, 0x0000, 0x0000, 0x0000, 0x0000, 0x0000, 0x0000,
  0x0000, 0x0000, 0x0000, 0x0000, 0x0000, 0x0000, 0x0000, 0x0000, 0x0000, 0x0000, 0x0000, 0x0000, 0x0000, 0x0000, 0x0000, 0x0000,
  0x0000, 0x0000, 0x0000, 0x0000, 0x0000, 0x0000, 0x0000, 0x0000, 0x0000, 0x0000, 0x0000, 0x0000, 0x0000, 0x0000, 0x0000, 0x0000,
  0x0000, 0x0000, 0x0000, 0x0000, 0x0000, 0x0000, 0x0000, 0x0000, 0x0000, 0x0000, 0x0000, 0x0000, 0x0000, 0x0000, 0x0000, 0x0000,
  0x0000, 0x0000, 0x0000, 0x0000, 0x0000, 0x0000, 0x0000, 0x0000, 0x0000, 0x0000, 0x0000, 0x0000, 0x0000, 0x0000, 0x0000, 0x0000,
  0x0000, 0x0000, 0x0000, 0x0000, 0x0000, 0x0000, 0x0000, 0x0000, 0x0000, 0x0000, 0x0000, 0x0000, 0x0000, 0x0000, 0x0000, 0x0000,
  0x0000, 0x0000, 0x0000, 0x0000, 0x0000, 0x0000, 0x0000, 0x0000, 0x0000, 0x0000, 0x0000, 0x0000, 0x0000, 0x0000, 0x0000, 0x0000,
  0x0000, 0x0000, 0x0000, 0x0000, 0x0000, 0x0000, 0x0000, 0x0000, 0x0000, 0x0000, 0x0000, 0x0000, 0x0000, 0x0000, 0x0000, 0x0000,
  0x0000, 0x0000, 0x0000, 0x0000, 0x0000, 0x0000, 0x0000, 0x0000, 0x0000, 0x0000, 0x0000, 0x0000, 0x0000, 0x0000, 0x0000, 0x0000,
  0x0000, 0x0000, 0x0000, 0x0000, 0x0000, 0x0000, 0x0000, 0x0000, 0x0000, 0x0000, 0x0000, 0x0000, 0x0000, 0x0000, 0x0000, 0x0000,
  0x0000, 0x0000, 0x0000, 0x0000, 0x0000, 0x0000, 0x0000, 0x0000, 0x0000, 0x0000, 0x0000, 0x0000, 0x0000, 0x0000, 0x0000, 0x0000,
  0x0000, 0x0000, 0x0000, 0x0000, 0x0000, 0x0000, 0x0000, 0x0000, 0x0000, 0x0000, 0x0000, 0x0000, 0x0000, 0x0000, 0x0000, 0x0000,
  0x0000, 0x0000, 0x0000, 0x0000, 0x0000, 0x0000, 0x0000, 0x0000, 0x0000, 0x0000, 0x0000, 0x0000, 0x0000, 0x0000, 0x0000, 0x0000,
  0x0000, 0x0000, 0x0000, 0x0000, 0x0000, 0x0000, 0x0000, 0x0000, 0x0000, 0x0000, 0x0000, 0x0000, 0x0000, 0x0000, 0x0000, 0x0000,
  0x0000, 0x0000, 0x0000, 0x0000, 0x0000, 0x0000, 0x0000, 0x0000, 0x0000, 0x0000, 0x0000, 0x0000, 0x0000, 0x0000, 0x0000, 0x0000,
  0x0000, 0x0000, 0x0000, 0x0000, 0x0000, 0x0000, 0x0000, 0x0000, 0x0000, 0x0000, 0x0000, 0x0000, 0x0000, 0x0000, 0x0000, 0x0000,
  0x0000, 0x0000, 0x0000, 0x0000, 0x0000, 0x0000, 0x0000, 0x0000, 0x0000, 0x0000, 0x0000, 0x0000, 0x0000, 0x0000, 0x0000, 0x0000,
  0x0000, 0x0000, 0x0000, 0x0000, 0x0000, 0x0000, 0x0000, 0x0000, 0x0000, 0x0000, 0x0000, 0x0000, 0x0000, 0x0000, 0x0000, 0x0000,
  0x0000, 0x0000, 0x0000, 0x0000, 0x0000, 0x0000, 0x0000, 0x0000, 0x0000, 0x0000, 0x0000, 0x0000, 0x0000, 0x0000, 0x0000, 0x0000,
  0x0000, 0x0000, 0x0000, 0x0000, 0x0000, 0x0000, 0x0000, 0x0000, 0x0000, 0x0000, 0x0000, 0x0000, 0x0000, 0x0000, 0x0000, 0x0000,
  0x0000, 0x0000, 0x0000, 0x0000, 0x0000, 0x0000, 0x0000, 0x0000, 0x0000, 0x0000, 0x0000, 0x0000, 0x0000, 0x0000, 0x0000, 0x0000,
  0x0000, 0x0000, 0x0000, 0x0000, 0x0000, 0x0000, 0x0000, 0x0000, 0x0000, 0x0000, 0x0000, 0x0000, 0x0000, 0x0000, 0x0000, 0x0000,
  0x0000, 0x0000, 0x0000, 0x0000, 0x0000, 0x0000, 0x0000, 0x0000, 0x0000, 0x0000, 0x0000, 0x0000, 0x0000, 0x0000, 0x0000, 0x0000,
  0x0000, 0x0000, 0x0000, 0x0000, 0x0000, 0x0000, 0x0000, 0x0000, 0x0000, 0x0000, 0x0000, 0x0000, 0x0000, 0x0000, 0x0000, 0x0000,
  0x0000, 0x0000, 0x0000, 0x0000, 0x0000, 0x0000, 0x0000, 0x0000, 0x0000, 0x0000, 0x0000, 0x0000, 0x0000, 0x0000, 0x0000, 0x0000,
  0x0000, 0x0000, 0x0000, 0x0000, 0x0000, 0x0000, 0x0000, 0x0000, 0x0000, 0x0000, 0x0000, 0x0000, 0x0000, 0x0000, 0x0000, 0x0000,
  0x0000, 0x0000, 0x0000, 0x0000, 0x0000, 0x0000, 0x0000, 0x0000, 0x0000, 0x0000, 0x0000, 0x0000, 0x0000, 0x0000, 0x0000, 0x0000,
  0x0000, 0x0000, 0x0000, 0x0000, 0x0000, 0x0000, 0x0000, 0x0000, 0x0000, 0x0000, 0x0000, 0x0000, 0x0000, 0x0000, 0x0000, 0x0000,
  0x0000, 0x0000, 0x0000, 0x0000, 0x0000, 0x0000, 0x0000, 0x0000, 0x0000, 0x0000, 0x0000, 0x0000, 0x0000, 0x0000, 0x0000, 0x0000,
  0x0000, 0x0000, 0x0000, 0x0000, 0x0000, 0x0000, 0x0000, 0x0000, 0x0000, 0x0000, 0x0000, 0x0000, 0x0000, 0x0000, 0x0000, 0x0000,
  0x0000, 0x0000, 0x0000, 0x0000, 0x0000, 0x0000, 0x0000, 0x0000, 0x0000, 0x0000, 0x0000, 0x0000, 0x0000, 0x0000, 0x0000, 0x0000,
  0x0000, 0x0000, 0x0000, 0x0000, 0x0000, 0x0000, 0x0000, 0x0000, 0x0000, 0x0000, 0x0000, 0x0000, 0x0000, 0x0000, 0x0000, 0x0000,
  0x0000, 0x0000, 0x0000, 0x0000, 0x0000, 0x0000, 0x0000, 0x0000, 0x0000, 0x0000, 0x0000, 0x0000, 0x0000, 0x0000, 0x0000, 0x0000,
  0x0000, 0x0000, 0x0000, 0x0000, 0x0000, 0x0000, 0x0000, 0x0000, 0x0000, 0x0000, 0x0000, 0x0000, 0x0000, 0x0000, 0x0000, 0x0000,
  0x0000, 0x0000, 0x0000, 0x0000, 0x0000, 0x0000, 0x0000, 0x0000, 0x0000, 0x0000, 0x0000, 0x0000, 0x0000, 0x0000, 0x0000, 0x0000,
  0x0000, 0x0000, 0x0000, 0x0000, 0x0000, 0x0000, 0x0000, 0x0000, 0x0000, 0x0000, 0x0000, 0x0000, 0x0000, 0x0000, 0x0000, 0x0000,
  0x0000, 0x0000, 0x0000, 0x0000, 0x0000, 0x0000, 0x0000, 0x0000, 0x0000, 0x0000, 0x0000, 0x0000, 0x0000, 0x0000, 0x0000, 0x0000,
  0x0000, 0x0000, 0x0000, 0x0000, 0x0000, 0x0000, 0x0000, 0x0000, 0x0000, 0x0000, 0x0000, 0x0000, 0x0000, 0x0000, 0x0000, 0x0000,
  0x0000, 0x0000, 0x0000, 0x0000, 0x0000, 0x0000, 0x0000, 0x0000, 0x0000, 0x0000, 0x0000, 0x0000, 0x0000, 0x0000, 0x0000, 0x0000,
  0x0000, 0x0000, 0x0000, 0x0000, 0x0000, 0x0000, 0x0000, 0x0000, 0x0000, 0x0000, 0x0000, 0x0000, 0x0000, 0x0000, 0x0000, 0x0000,
  0x0000, 0x0000, 0x0000, 0x0000, 0x0000, 0x0000, 0x0000, 0x0000, 0x0000, 0x0000, 0x0000, 0x0000, 0x0000, 0x0000, 0x0000, 0x0000,
  0x0000, 0x0000, 0x0000, 0x0000, 0x0000, 0x0000, 0x0000, 0x0000, 0x0000, 0x0000, 0x0000, 0x0000, 0x0000, 0x0000, 0x0000, 0x0000,
  0x0000, 0x0000, 0x0000, 0x0000, 0x0000, 0x0000, 0x0000, 0x0000, 0x0000, 0x0000, 0x0000, 0x0000, 0x0000, 0x0000, 0x0000, 0x0000,
  0x0000, 0x0000, 0x0000, 0x0000, 0x0000, 0x0000, 0x0000, 0x0000, 0x0000, 0x0000, 0x0000, 0x0000, 0x0000, 0x0000, 0x0000, 0x0000,
  0x0000, 0x0000, 0x0000, 0x0000, 0x0000, 0x0000, 0x0000, 0x0000, 0x0000, 0x0000, 0x0000, 0x0000, 0x0000, 0x0000, 0x0000, 0x0000,
  0x0000, 0x0000, 0x0000, 0x0000, 0x0000, 0x0000, 0x0000, 0x0000, 0x0000, 0x0000, 0x0000, 0x0000, 0x0000, 0x0000, 0x0000, 0x0000,
  0x0000, 0x0000, 0x0000, 0x0000, 0x0000, 0x0000, 0x0000, 0x0000, 0x0000, 0x0000, 0x0000, 0x0000, 0x0000, 0x0000, 0x0000, 0x0000,
  0x0000, 0x0000, 0x0000, 0x0000, 0x0000, 0x0000, 0x0000, 0x0000, 0x0000, 0x0000, 0x0000, 0x0000, 0x0000, 0x0000, 0x0000, 0x0000,
  0x0000, 0x0000, 0x0000, 0x0000, 0x0000, 0x0000, 0x0000, 0x0000, 0x0000, 0x0000, 0x0000, 0x0000, 0x0000, 0x0000, 0x0000, 0x0000,
  0x0000, 0x0000, 0x0000, 0x0000, 0x0000, 0x0000, 0x0000, 0x0000, 0x0000, 0x0000, 0x0000, 0x0000, 0x0000, 0x0000, 0x0000, 0x0000,
  0x0000, 0x0000, 0x0000, 0x0000, 0x0000, 0x0000, 0x0000, 0x0000, 0x0000, 0x0000, 0x0000, 0x0000, 0x0000, 0x0000, 0x0000, 0x0000,
  0x0000, 0x0000, 0x0000, 0x0000, 0x0000, 0x0000, 0x0000, 0x0000, 0x0000, 0x0000, 0x0000, 0x0000, 0x0000, 0x0000, 0x0000, 0x0000,
  0x0000, 0x0000, 0x0000, 0x0000, 0x0000, 0x0000, 0x0000, 0x0000, 0x0000, 0x0000, 0x0000, 0x0000, 0x0000, 0x0000, 0x0000, 0x0000,
  0x0000, 0x0000, 0x0000, 0x0000, 0x0000, 0x0000, 0x0000, 0x0000, 0x0000, 0x0000, 0x0000, 0x0000, 0x0000, 0x0000, 0x0000, 0x0000,
  0x0000, 0x0000, 0x0000, 0x0000, 0x0000, 0x0000, 0x0000, 0x0000, 0x0000, 0x0000, 0x0000, 0x0000, 0x0000, 0x0000, 0x0000, 0x0000,
  0x0000, 0x0000, 0x0000, 0x0000, 0x0000, 0x0000, 0x0000, 0x0000, 0x0000, 0x0000, 0x0000, 0x0000, 0x0000, 0x0000, 0x0000, 0x0000,
  0x0000, 0x0000, 0x0000, 0x0000, 0x0000, 0x0000, 0x0000, 0x0000, 0x0000, 0x0000, 0x0000, 0x0000, 0x0000, 0x0000, 0x0000, 0x0000,
  0x0000, 0x0000, 0x0000, 0x0000, 0x0000, 0x0000, 0x0000, 0x0000, 0x0000, 0x0000, 0x0000, 0x0000, 0x0000, 0x0000, 0x0000, 0x0000,
  0x0000, 0x0000, 0x0000, 0x0000, 0x0000, 0x0000, 0x0000, 0x0000, 0x0000, 0x0000, 0x0000, 0x0000, 0x0000, 0x0000, 0x0000, 0x0000,
  0x0000, 0x0000, 0x0000, 0x0000, 0x0000, 0x0000, 0x0000, 0x0000, 0x0000, 0x0000, 0x0000, 0x0000, 0x0000, 0x0000, 0x0000, 0x0000,
  0x0000, 0x0000, 0x0000, 0x0000, 0x0000, 0x0000, 0x0000, 0x0000, 0x0000, 0x0000, 0x0000, 0x0000, 0x0000, 0x0000, 0x0000, 0x0000,
  0x0000, 0x0000, 0x0000, 0x0000, 0x0000, 0x0000, 0x0000, 0x0000, 0x0000, 0x0000, 0x0000, 0x0000, 0x0000, 0x0000, 0x0000, 0x0000,
  0x0000, 0x0000, 0x0000, 0x0000, 0x0000, 0x0000, 0x0000, 0x0000, 0x0000, 0x0000, 0x0000, 0x0000, 0x0000, 0x0000, 0x0000, 0x0000,
  0x0000, 0x0000, 0x0000, 0x0000, 0x0000, 0x0000, 0x0000, 0x0000, 0x0000, 0x0000, 0x0000, 0x0000, 0x0000, 0x0000, 0x0000, 0x0000,
  0x0000, 0x0000, 0x0000, 0x0000, 0x0000, 0x0000, 0x0000, 0x0000, 0x0000, 0x0000, 0x0000, 0x0000, 0x0000, 0x0000, 0x0000, 0x0000,
  0x0000, 0x0000, 0x0000, 0x0000, 0x0000, 0x0000, 0x0000, 0x0000, 0x0000, 0x0000, 0x0000, 0x0000, 0x0000, 0x0000, 0x0000, 0x0000,
  0x0000, 0x0000, 0x0000, 0x0000, 0x0000, 0x0000, 0x0000, 0x0000, 0x0000, 0x0000, 0x0000, 0x0000, 0x0000, 0x0000, 0x0000, 0x0000,
  0x0000, 0x0000, 0x0000, 0x0000, 0x0000, 0x0000, 0x0000, 0x0000, 0x0000, 0x0000, 0x0000, 0x0000, 0x0000, 0x0000, 0x0000, 0x0000,
  0x0000, 0x0000, 0x0000, 0x0000, 0x0000, 0x0000, 0x0000, 0x0000, 0x0000, 0x0000, 0x0000, 0x0000, 0x0000, 0x0000, 0x0000, 0x0000,
  0x0000, 0x0000, 0x0000, 0x0000, 0x0000, 0x0000, 0x0000, 0x0000, 0x0000, 0x0000, 0x0000, 0x0000, 0x0000, 0x0000, 0x0000, 0x0000,
  0x0000, 0x0000, 0x0000, 0x0000, 0x0000, 0x0000, 0x0000, 0x0000, 0x0000, 0x0000, 0x0000, 0x0000, 0x0000, 0x0000, 0x0000, 0x0000,
  0x0000, 0x0000, 0x0000, 0x0000, 0x0000, 0x0000, 0x0000, 0x0000, 0x0000, 0x0000, 0x0000, 0x0000, 0x0000, 0x0000, 0x0000, 0x0000,
  0x0000, 0x0000, 0x0000, 0x0000, 0x0000, 0x0000, 0x0000, 0x0000, 0x0000, 0x0000, 0x0000, 0x0000, 0x0000, 0x0000, 0x0000, 0x0000,
  0x0000, 0x0000, 0x0000, 0x0000, 0x0000, 0x0000, 0x0000, 0x0000, 0x0000, 0x0000, 0x0000, 0x0000, 0x0000, 0x0000, 0x0000, 0x0000,
  0x0000, 0x0000, 0x0000, 0x0000, 0x0000, 0x0000, 0x0000, 0x0000, 0x0000, 0x0000, 0x0000, 0x0000, 0x0000, 0x0000, 0x0000, 0x0000,
  0x0000, 0x0000, 0x0000, 0x0000, 0x0000, 0x0000, 0x0000, 0x0000, 0x0000, 0x0000, 0x0000, 0x0000, 0x0000, 0x0000, 0x0000, 0x0000,
  0x0000, 0x0000, 0x0000, 0x0000, 0x0000, 0x0000, 0x0000, 0x0000, 0x0000, 0x0000, 0x0000, 0x0000, 0x0000, 0x0000, 0x0000, 0x0000,
  0x0000, 0x0000, 0x0000, 0x0000, 0x0000, 0x0000, 0x0000, 0x0000, 0x0000, 0x0000, 0x0000, 0x0000, 0x0000, 0x0000, 0x0000, 0x0000,
  0x0000, 0x0000, 0x0000, 0x0000, 0x0000, 0x0000, 0x0000, 0x0000, 0x0000, 0x0000, 0x0000, 0x0000, 0x0000, 0x0000, 0x0000, 0x0000,
  0x0000, 0x0000, 0x0000, 0x0000, 0x0000, 0x0000, 0x0000, 0x0000, 0x0000, 0x0000, 0x0000, 0x0000, 0x0000, 0x0000, 0x0000, 0x0000,
  0x0000, 0x0000, 0x0000, 0x0000, 0x0000, 0x0000, 0x0000, 0x0000, 0x0000, 0x0000, 0x0000, 0x0000, 0x0000, 0x0000, 0x0000, 0x0000,
  0x0000, 0x0000, 0x0000, 0x0000, 0x0000, 0x0000, 0x0000, 0x0000, 0x0000, 0x0000, 0x0000, 0x0000, 0x0000, 0x0000, 0x0000, 0x0000,
  0x0000, 0x0000, 0x0000, 0x0000, 0x0000, 0x0000, 0x0000, 0x0000, 0x0000, 0x0000, 0x0000, 0x0000, 0x0000, 0x0000, 0x0000, 0x0000,
  0x0000, 0x0000, 0x0000, 0x0000, 0x0000, 0x0000, 0x0000, 0x0000, 0x0000, 0x0000, 0x0000, 0x0000, 0x0000, 0x0000, 0x0000, 0x0000,
  0x0000, 0x0000, 0x0000, 0x0000, 0x0000, 0x0000, 0x0000, 0x0000, 0x0000, 0x0000, 0x0000, 0x0000, 0x0000, 0x0000, 0x0000, 0x0000,
  0x0000, 0x0000, 0x0000, 0x0000, 0x0000, 0x0000, 0x0000, 0x0000, 0x0000, 0x0000, 0x0000, 0x0000, 0x0000, 0x0000, 0x0000, 0x0000,
  0x0000, 0x0000, 0x0000, 0x0000, 0x0000, 0x0000, 0x0000, 0x0000, 0x0000, 0x0000, 0x0000, 0x0000, 0x0000, 0x0000, 0x0000, 0x0000,
  0x0000, 0x0000, 0x0000, 0x0000, 0x0000, 0x0000, 0x0000, 0x0000, 0x0000, 0x0000, 0x0000, 0x0000, 0x0000, 0x0000, 0x0000, 0x0000,
  0x0000, 0x0000, 0x0000, 0x0000, 0x0000, 0x0000, 0x0000, 0x0000, 0x0000, 0x0000, 0x0000, 0x0000, 0x0000, 0x0000, 0x0000, 0x0000,
  0x0000, 0x0000, 0x0000, 0x0000, 0x0000, 0x0000, 0x0000, 0x0000, 0x0000, 0x0000, 0x0000, 0x0000, 0x0000, 0x0000, 0x0000, 0x0000,
  0x0000, 0x0000, 0x0000, 0x0000, 0x0000, 0x0000, 0x0000, 0x0000, 0x0000, 0x0000, 0x0000, 0x0000, 0x0000, 0x0000, 0x0000, 0x0000,
  0x0000, 0x0000, 0x0000, 0x0000, 0x0000, 0x0000, 0x0000, 0x0000, 0x0000, 0x0000, 0x0000, 0x0000, 0x0000, 0x0000, 0x0000, 0x0000,
  0x0000, 0x0000, 0x0000, 0x0000, 0x0000, 0x0000, 0x0000, 0x0000, 0x0000, 0x0000, 0x0000, 0x0000, 0x0000, 0x0000, 0x0000, 0x0000,
  0x0000, 0x0000, 0x0000, 0x0000, 0x0000, 0x0000, 0x0000, 0x0000, 0x0000, 0x0000, 0x0000, 0x0000, 0x0000, 0x0000, 0x0000, 0x0000,
  0x0000, 0x0000, 0x0000, 0x0000, 0x0000, 0x0000, 0x0000, 0x0000, 0x0000, 0x0000, 0x0000, 0x0000, 0x0000, 0x0000, 0x0000, 0x0000,
  0x0000, 0x0000, 0x0000, 0x0000, 0x0000, 0x0000, 0x0000, 0x0000, 0x0000, 0x0000, 0x0000, 0x0000, 0x0000, 0x0000, 0x0000, 0x0000,
  0x0000, 0x0000, 0x0000, 0x0000, 0x0000, 0x0000, 0x0000, 0x0000, 0x0000, 0x0000, 0x0000, 0x0000, 0x0000, 0x0000, 0x0000, 0x0000,
  0x0000, 0x0000, 0x0000, 0x0000, 0x0000, 0x0000, 0x0000, 0x0000, 0x0000, 0x0000, 0x0000, 0x0000, 0x0000, 0x0000, 0x0000, 0x0000,
  0x0000, 0x0000, 0x0000, 0x0000, 0x0000, 0x0000, 0x0000, 0x0000, 0x0000, 0x0000, 0x0000, 0x0000, 0x0000, 0x0000, 0x0000, 0x0000,
  0x0000, 0x0000, 0x0000, 0x0000, 0x0000, 0x0000, 0x0000, 0x0000, 0x0000, 0x0000, 0x0000, 0x0000, 0x0000, 0x0000, 0x0000, 0x0000,
  0x0000, 0x0000, 0x0000, 0x0000, 0x0000, 0x0000, 0x0000, 0x0000, 0x0000, 0x0000, 0x0000, 0x0000, 0x0000, 0x0000, 0x0000, 0x0000,
  0x0000, 0x0000, 0x0000, 0x0000, 0x0000, 0x0000, 0x0000, 0x0000, 0x0000, 0x0000, 0x0000, 0x0000, 0x0000, 0x0000, 0x0000, 0x0000,
  0x0000, 0x0000, 0x0000, 0x0000, 0x0000, 0x0000, 0x0000, 0x0000, 0x0000, 0x0000, 0x0000, 0x0000, 0x0000, 0x0000, 0x0000, 0x0000,
  0x0000, 0x0000, 0x0000, 0x0000, 0x0000, 0x0000, 0x0000, 0x0000, 0x0000, 0x0000, 0x0000, 0x0000, 0x0000, 0x0000, 0x0000, 0x0000,
  0x0000, 0x0000, 0x0000, 0x0000, 0x0000, 0x0000, 0x0000, 0x0000, 0x0000, 0x0000, 0x0000, 0x0000, 0x0000, 0x0000, 0x0000, 0x0000,
  0x0000, 0x0000, 0x0000, 0x0000, 0x0000, 0x0000, 0x0000, 0x0000, 0x0000, 0x0000, 0x0000, 0x0000, 0x0000, 0x0000, 0x0000, 0x0000,
  0x0000, 0x0000, 0x0000, 0x0000, 0x0000, 0x0000, 0x0000, 0x0000, 0x0000, 0x0000, 0x0000, 0x0000, 0x0000, 0x0000, 0x0000, 0x0000,
  0x0000, 0x0000, 0x0000, 0x0000, 0x0000, 0x0000, 0x0000, 0x0000, 0x0000, 0x0000, 0x0000, 0x0000, 0x0000, 0x0000, 0x0000, 0x0000,
  0x0000, 0x0000, 0x0000, 0x0000, 0x0000, 0x0000, 0x0000, 0x0000, 0x0000, 0x0000, 0x0000, 0x0000, 0x0000, 0x0000, 0x0000, 0x0000,
  0x0000, 0x0000, 0x0000, 0x0000, 0x0000, 0x0000, 0x0000, 0x0000, 0x0000, 0x0000, 0x0000, 0x0000, 0x0000, 0x0000, 0x0000, 0x0000,
  0x0000, 0x0000, 0x0000, 0x0000, 0x0000, 0x0000, 0x0000, 0x0000, 0x0000, 0x0000, 0x0000, 0x0000, 0x0000, 0x0000, 0x0000, 0x0000,
  0x0000, 0x0000, 0x0000, 0x0000, 0x0000, 0x0000, 0x0000, 0x0000, 0x0000, 0x0000, 0x0000, 0x0000, 0x0000, 0x0000, 0x0000, 0x0000,
  0x0000, 0x0000, 0x0000, 0x0000, 0x0000, 0x0000, 0x0000, 0x0000, 0x0000, 0x0000, 0x0000, 0x0000, 0x0000, 0x0000, 0x0000, 0x0000,
  0x0000, 0x0000, 0x0000, 0x0000, 0x0000, 0x0000, 0x0000, 0x0000, 0x0000, 0x0000, 0x0000, 0x0000, 0x0000, 0x0000, 0x0000, 0x0000,
  0x0000, 0x0000, 0x0000, 0x0000, 0x0000, 0x0000, 0x0000, 0x0000, 0x0000, 0x0000, 0x0000, 0x0000, 0x0000, 0x0000, 0x0000, 0x0000,
  0x0000, 0x0000, 0x0000, 0x0000, 0x0000, 0x0000, 0x0000, 0x0000, 0x0000, 0x0000, 0x0000, 0x0000, 0x0000, 0x0000, 0x0000, 0x0000,
  0x0000, 0x0000, 0x0000, 0x0000, 0x0000, 0x0000, 0x0000, 0x0000, 0x0000, 0x0000, 0x0000, 0x0000, 0x0000, 0x0000, 0x0000, 0x0000,
  0x0000, 0x0000, 0x0000, 0x0000, 0x0000, 0x0000, 0x0000, 0x0000, 0x0000, 0x0000, 0x0000, 0x0000, 0x0000, 0x0000, 0x0000, 0x0000,
  0x0000, 0x0000, 0x0000, 0x0000, 0x0000, 0x0000, 0x0000, 0x0000, 0x0000, 0x0000, 0x0000, 0x0000, 0x0000, 0x0000, 0x0000, 0x0000,
  0x0000, 0x0000, 0x0000, 0x0000, 0x0000, 0x0000, 0x0000, 0x0000, 0x0000, 0x0000, 0x0000, 0x0000, 0x0000, 0x0000, 0x0000, 0x0000,
  0x0000, 0x0000, 0x0000, 0x0000, 0x0000, 0x0000, 0x0000, 0x0000, 0x0000, 0x0000, 0x0000, 0x0000, 0x0000, 0x0000, 0x0000, 0x0000,
  0x0000, 0x0000, 0x0000, 0x0000, 0x0000, 0x0000, 0x0000, 0x0000, 0x0000, 0x0000, 0x0000, 0x0000, 0x0000, 0x0000, 0x0000, 0x0000,
  0x0000, 0x0000, 0x0000, 0x0000, 0x0000, 0x0000, 0x0000, 0x0000, 0x0000, 0x0000, 0x0000, 0x0000, 0x0000, 0x0000, 0x0000, 0x0000,
  0x0000, 0x0000, 0x0000, 0x0000, 0x0000, 0x0000, 0x0000, 0x0000, 0x0000, 0x0000, 0x0000, 0x0000, 0x0000, 0x0000, 0x0000, 0x0000,
  0x0000, 0x0000, 0x0000, 0x0000, 0x0000, 0x0000, 0x0000, 0x0000, 0x0000, 0x0000, 0x0000, 0x0000, 0x0000, 0x0000, 0x0000, 0x0000,
  0x0000, 0x0000, 0x0000, 0x0000, 0x0000, 0x0000, 0x0000, 0x0000, 0x0000, 0x0000, 0x0000, 0x0000, 0x0000, 0x0000, 0x0000, 0x0000,
  0x0000, 0x0000, 0x0000, 0x0000, 0x0000, 0x0000, 0x0000, 0x0000, 0x0000, 0x0000, 0x0000, 0x0000, 0x0000, 0x0000, 0x0000, 0x0000,
  0x0000, 0x0000, 0x0000, 0x0000, 0x0000, 0x0000, 0x0000, 0x0000, 0x0000, 0x0000, 0x0000, 0x0000, 0x0000, 0x0000, 0x0000, 0x0000,
  0x0000, 0x0000, 0x0000, 0x0000, 0x0000, 0x0000, 0x0000, 0x0000, 0x0000, 0x0000, 0x0000, 0x0000, 0x0000, 0x0000, 0x0000, 0x0000,
  0x0000, 0x0000, 0x0000, 0x0000, 0x0000, 0x0000, 0x0000, 0x0000, 0x0000, 0x0000, 0x0000, 0x0000, 0x0000, 0x0000, 0x0000, 0x0000,
  0x0000, 0x0000, 0x0000, 0x0000, 0x0000, 0x0000, 0x0000, 0x0000, 0x0000, 0x0000, 0x0000, 0x0000, 0x0000, 0x0000, 0x0000, 0x0000,
  0x0000, 0x0000, 0x0000, 0x0000, 0x0000, 0x0000, 0x0000, 0x0000, 0x0000, 0x0000, 0x0000, 0x0000, 0x0000, 0x0000, 0x0000, 0x0000,
  0x0000, 0x0000, 0x0000, 0x0000, 0x0000, 0x0000, 0x0000, 0x0000, 0x0000, 0x0000, 0x0000, 0x0000, 0x0000, 0x0000, 0x0000, 0x0000,
  0x0000, 0x0000, 0x0000, 0x0000, 0x0000, 0x0000, 0x0000, 0x0000, 0x0000, 0x0000, 0x0000, 0x0000, 0x0000, 0x0000, 0x0000, 0x0000,
  0x0000, 0x0000, 0x0000, 0x0000, 0x0000, 0x0000, 0x0000, 0x0000, 0x0000, 0x0000, 0x0000, 0x0000, 0x0000, 0x0000, 0x0000, 0x0000,
  0x0000, 0x0000, 0x0000, 0x0000, 0x0000, 0x0000, 0x0000, 0x0000, 0x0000, 0x0000, 0x0000, 0x0000, 0x0000, 0x0000, 0x0000, 0x0000,
  0x0000, 0x0000, 0x0000, 0x0000, 0x0000, 0x0000, 0x0000, 0x0000, 0x0000, 0x0000, 0x0000, 0x0000, 0x0000, 0x0000, 0x0000, 0x0000,
  0x0000, 0x0000, 0x0000, 0x0000, 0x0000, 0x0000, 0x0000, 0x0000, 0x0000, 0x0000, 0x0000, 0x0000, 0x0000, 0x0000, 0x0000, 0x0000,
  0x0000, 0x0000, 0x0000, 0x0000, 0x0000, 0x0000, 0x0000, 0x0000, 0x0000, 0x0000, 0x0000, 0x0000, 0x0000, 0x0000, 0x0000, 0x0000,
  0x0000, 0x0000, 0x0000, 0x0000, 0x0000, 0x0000, 0x0000, 0x0000, 0x0000, 0x0000, 0x0000, 0x0000, 0x0000, 0x0000, 0x0000, 0x0000,
  0x0000, 0x0000, 0x0000, 0x0000, 0x0000, 0x0000, 0x0000, 0x0000, 0x0000, 0x0000, 0x0000, 0x0000, 0x0000, 0x0000, 0x0000, 0x0000,
  0x0000, 0x0000, 0x0000, 0x0000, 0x0000, 0x0000, 0x0000, 0x0000, 0x0000, 0x0000, 0x0000, 0x0000, 0x0000, 0x0000, 0x0000, 0x0000,
  0x0000, 0x0000, 0x0000, 0x0000, 0x0000, 0x0000, 0x0000, 0x0000, 0x0000, 0x0000, 0x0000, 0x0000, 0x0000, 0x0000, 0x0000, 0x0000,
  0x0000, 0x0000, 0x0000, 0x0000, 0x0000, 0x0000, 0x0000, 0x0000, 0x0000, 0x0000, 0x0000, 0x0000, 0x0000, 0x0000, 0x0000, 0x0000,
  0x0000, 0x0000, 0x0000, 0x0000, 0x0000, 0x0000, 0x0000, 0x0000, 0x0000, 0x0000, 0x0000, 0x0000, 0x0000, 0x0000, 0x0000, 0x0000,
  0x0000, 0x0000, 0x0000, 0x0000, 0x0000, 0x0000, 0x0000, 0x0000, 0x0000, 0x0000, 0x0000, 0x0000, 0x0000, 0x0000, 0x0000, 0x0000,
  0x0000, 0x0000, 0x0000, 0x0000, 0x0000, 0x0000, 0x0000, 0x0000, 0x0000, 0x0000, 0x0000, 0x0000, 0x0000, 0x0000, 0x0000, 0x0000,
  0x0000, 0x0000, 0x0000, 0x0000, 0x0000, 0x0000, 0x0000, 0x0000, 0x0000, 0x0000, 0x0000, 0x0000, 0x0000, 0x0000, 0x0000, 0x0000,
  0x0000, 0x0000, 0x0000, 0x0000, 0x0000, 0x0000, 0x0000, 0x0000, 0x0000, 0x0000, 0x0000, 0x0000, 0x0000, 0x0000, 0x0000, 0x0000,
  0x0000, 0x0000, 0x0000, 0x0000, 0x0000, 0x0000, 0x0000, 0x0000, 0x0000, 0x0000, 0x0000, 0x0000, 0x0000, 0x0000, 0x0000, 0x0000,
  0x0000, 0x0000, 0x0000, 0x0000, 0x0000, 0x0000, 0x0000, 0x0000, 0x0000, 0x0000, 0x0000, 0x0000, 0x0000, 0x0000, 0x0000, 0x0000,
  0x0000, 0x0000, 0x0000, 0x0000, 0x0000, 0x0000, 0x0000, 0x0000, 0x0000, 0x0000, 0x0000, 0x0000, 0x0000, 0x0000, 0x0000, 0x0000,
  0x0000, 0x0000, 0x0000, 0x0000, 0x0000, 0x0000, 0x0000, 0x0000, 0x0000, 0x0000, 0x0000, 0x0000, 0x0000, 0x0000, 0x0000, 0x0000,
  0x0000, 0x0000, 0x0000, 0x0000, 0x0000, 0x0000, 0x0000, 0x0000, 0x0000, 0x0000, 0x0000, 0x0000, 0x0000, 0x0000, 0x0000, 0x0000,
  0x0000, 0x0000, 0x0000, 0x0000, 0x0000, 0x0000, 0x0000, 0x0000, 0x0000, 0x0000, 0x0000, 0x0000, 0x0000, 0x0000, 0x0000, 0x0000,
  0x0000, 0x0000, 0x0000, 0x0000, 0x0000, 0x0000, 0x0000, 0x0000, 0x0000, 0x0000, 0x0000, 0x0000, 0x0000, 0x0000, 0x0000, 0x0000,
  0x0000, 0x0000, 0x0000, 0x0000, 0x0000, 0x0000, 0x0000, 0x0000, 0x0000, 0x0000, 0x0000, 0x0000, 0x0000, 0x0000, 0x0000, 0x0000,
  0x0000, 0x0000, 0x0000, 0x0000, 0x0000, 0x0000, 0x0000, 0x0000, 0x0000, 0x0000, 0x0000, 0x0000, 0x0000, 0x0000, 0x0000, 0x0000,
  0x0000, 0x0000, 0x0000, 0x0000, 0x0000, 0x0000, 0x0000, 0x0000, 0x0000, 0x0000, 0x0000, 0x0000, 0x0000, 0x0000, 0x0000, 0x0000,
  0x0000, 0x0000, 0x0000, 0x0000, 0x0000, 0x0000, 0x0000, 0x0000, 0x0000, 0x0000, 0x0000, 0x0000, 0x0000, 0x0000, 0x0000, 0x0000,
  0x0000, 0x0000, 0x0000, 0x0000, 0x0000, 0x0000, 0x0000, 0x0000, 0x0000, 0x0000, 0x0000, 0x0000, 0x0000, 0x0000, 0x0000, 0x0000,
  0x0000, 0x0000, 0x0000, 0x0000, 0x0000, 0x0000, 0x0000, 0x0000, 0x0000, 0x0000, 0x0000, 0x0000, 0x0000, 0x0000, 0x0000, 0x0000,
  0x0000, 0x0000, 0x0000, 0x0000, 0x0000, 0x0000, 0x0000, 0x0000, 0x0000, 0x0000, 0x0000, 0x0000, 0x0000, 0x0000, 0x0000, 0x0000,
  0x0000, 0x0000, 0x0000, 0x0000, 0x0000, 0x0000, 0x0000, 0x0000, 0x0000, 0x0000, 0x0000, 0x0000, 0x0000, 0x0000, 0x0000, 0x0000,
  0x0000, 0x0000, 0x0000, 0x0000, 0x0000, 0x0000, 0x0000, 0x0000, 0x0000, 0x0000, 0x0000, 0x0000, 0x0000, 0x0000, 0x0000, 0x0000,
  0x0000, 0x0000, 0x0000, 0x0000, 0x0000, 0x0000, 0x0000, 0x0000, 0x0000, 0x0000, 0x0000, 0x0000, 0x0000, 0x0000, 0x0000, 0x0000,
  0x0000, 0x0000, 0x0000, 0x0000, 0x0000, 0x0000, 0x0000, 0x0000, 0x0000, 0x0000, 0x0000, 0x0000, 0x0000, 0x0000, 0x0000, 0x0000,
  0x0000, 0x0000, 0x0000, 0x0000, 0x0000, 0x0000, 0x0000, 0x0000, 0x0000, 0x0000, 0x0000, 0x0000, 0x0000, 0x0000, 0x0000, 0x0000,
  0x0000, 0x0000, 0x0000, 0x0000, 0x0000, 0x0000, 0x0000, 0x0000, 0x0000, 0x0000, 0x0000, 0x0000, 0x0000, 0x0000, 0x0000, 0x0000,
  0x0000, 0x0000, 0x0000, 0x0000, 0x0000, 0x0000, 0x0000, 0x0000, 0x0000, 0x0000, 0x0000, 0x0000, 0x0000, 0x0000, 0x0000, 0x0000,
  0x0000, 0x0000, 0x0000, 0x0000, 0x0000, 0x0000, 0x0000, 0x0000, 0x0000, 0x0000, 0x0000, 0x0000, 0x0000, 0x0000, 0x0000, 0x0000,
  0x0000, 0x0000, 0x0000, 0x0000, 0x0000, 0x0000, 0x0000, 0x0000, 0x0000, 0x0000, 0x0000, 0x0000, 0x0000, 0x0000, 0x0000, 0x0000,
  0x0000, 0x0000, 0x0000, 0x0000, 0x0000, 0x0000, 0x0000, 0x0000, 0x0000, 0x0000, 0x0000, 0x0000, 0x0000, 0x0000, 0x0000, 0x0000,
  0x0000, 0x0000, 0x0000, 0x0000, 0x0000, 0x0000, 0x0000, 0x0000, 0x0000, 0x0000, 0x0000, 0x0000, 0x0000, 0x0000, 0x0000, 0x0000,
  0x0000, 0x0000, 0x0000, 0x0000, 0x0000, 0x0000, 0x0000, 0x0000, 0x0000, 0x0000, 0x0000, 0x0000, 0x0000, 0x0000, 0x0000, 0x0000,
  0x0000, 0x0000, 0x0000, 0x0000, 0x0000, 0x0000, 0x0000, 0x0000, 0x0000, 0x0000, 0x0000, 0x0000, 0x0000, 0x0000, 0x0000, 0x0000,
  0x0000, 0x0000, 0x0000, 0x0000, 0x0000, 0x0000, 0x0000, 0x0000, 0x0000, 0x0000, 0x0000, 0x0000, 0x0000, 0x0000, 0x0000, 0x0000,
  0x0000, 0x0000, 0x0000, 0x0000, 0x0000, 0x0000, 0x0000, 0x0000, 0x0000, 0x0000, 0x0000, 0x0000, 0x0000, 0x0000, 0x0000, 0x0000,
  0x0000, 0x0000, 0x0000, 0x0000, 0x0000, 0x0000, 0x0000, 0x0000, 0x0000, 0x0000, 0x0000, 0x0000, 0x0000, 0x0000, 0x0000, 0x0000,
  0x0000, 0x0000, 0x0000, 0x0000, 0x0000, 0x0000, 0x0000, 0x0000, 0x0000, 0x0000, 0x0000, 0x0000, 0x0000, 0x0000, 0x0000, 0x0000,
  0x0000, 0x0000, 0x0000, 0x0000, 0x0000, 0x0000, 0x0000, 0x0000, 0x0000, 0x0000, 0x0000, 0x0000, 0x0000, 0x0000, 0x0000, 0x0000,
  0x0000, 0x0000, 0x0000, 0x0000, 0x0000, 0x0000, 0x0000, 0x0000, 0x0000, 0x0000, 0x0000, 0x0000, 0x0000, 0x0000, 0x0000, 0x0000,
  0x0000, 0x0000, 0x0000, 0x0000, 0x0000, 0x0000, 0x0000, 0x0000, 0x0000, 0x0000, 0x0000, 0x0000, 0x0000, 0x0000, 0x0000, 0x0000,
  0x0000, 0x0000, 0x0000, 0x0000, 0x0000, 0x0000, 0x0000, 0x0000, 0x0000, 0x0000, 0x0000, 0x0000, 0x0000, 0x0000, 0x0000, 0x0000,
  0x0000, 0x0000, 0x0000, 0x0000, 0x0000, 0x0000, 0x0000, 0x0000, 0x0000, 0x0000, 0x0000, 0x0000, 0x0000, 0x0000, 0x0000, 0x0000,
  0x0000, 0x0000, 0x0000, 0x0000, 0x0000, 0x0000, 0x0000, 0x0000, 0x0000, 0x0000, 0x0000, 0x0000, 0x0000, 0x0000, 0x0000, 0x0000,
  0x0000, 0x0000, 0x0000, 0x0000, 0x0000, 0x0000, 0x0000, 0x0000, 0x0000, 0x0000, 0x0000, 0x0000, 0x0000, 0x0000, 0x0000, 0x0000,
  0x0000, 0x0000, 0x0000, 0x0000, 0x0000, 0x0000, 0x0000, 0x0000, 0x0000, 0x0000, 0x0000, 0x0000, 0x0000, 0x0000, 0x0000, 0x0000,
  0x0000, 0x0000, 0x0000, 0x0000, 0x0000, 0x0000, 0x0000, 0x0000, 0x0000, 0x0000, 0x0000, 0x0000, 0x0000, 0x0000, 0x0000, 0x0000,
  0x0000, 0x0000, 0x0000, 0x0000, 0x0000, 0x0000, 0x0000, 0x0000, 0x0000, 0x0000, 0x0000, 0x0000, 0x0000, 0x0000, 0x0000, 0x0000,
  0x0000, 0x0000, 0x0000, 0x0000, 0x0000, 0x0000, 0x0000, 0x0000, 0x0000, 0x0000, 0x0000, 0x0000, 0x0000, 0x0000, 0x0000, 0x0000,
  0x0000, 0x0000, 0x0000, 0x0000, 0x0000, 0x0000, 0x0000, 0x0000, 0x0000, 0x0000, 0x0000, 0x0000, 0x0000, 0x0000, 0x0000, 0x0000,
  0x0000, 0x0000, 0x0000, 0x0000, 0x0000, 0x0000, 0x0000, 0x0000, 0x0000, 0x0000, 0x0000, 0x0000, 0x0000, 0x0000, 0x0000, 0x0000,
  0x0000, 0x0000, 0x0000, 0x0000, 0x0000, 0x0000, 0x0000, 0x0000, 0x0000, 0x0000, 0x0000, 0x0000, 0x0000, 0x0000, 0x0000, 0x0000,
  0x0000, 0x0000, 0x0000, 0x0000, 0x0000, 0x0000, 0x0000, 0x0000, 0x0000, 0x0000, 0x0000, 0x0000, 0x0000, 0x0000, 0x0000, 0x0000,
  0x0000, 0x0000, 0x0000, 0x0000, 0x0000, 0x0000, 0x0000, 0x0000, 0x0000, 0x0000, 0x0000, 0x0000, 0x0000, 0x0000, 0x0000, 0x0000,
  0x0000, 0x0000, 0x0000, 0x0000, 0x0000, 0x0000, 0x0000, 0x0000, 0x0000, 0x0000, 0x0000, 0x0000, 0x0000, 0x0000, 0x0000, 0x0000,
  0x0000, 0x0000, 0x0000, 0x0000, 0x0000, 0x0000, 0x0000, 0x0000, 0x0000, 0x0000, 0x0000, 0x0000, 0x0000, 0x0000, 0x0000, 0x0000,
  0x0000, 0x0000, 0x0000, 0x0000, 0x0000, 0x0000, 0x0000, 0x0000, 0x0000, 0x0000, 0x0000, 0x0000, 0x0000, 0x0000, 0x0000, 0x0000,
  0x0000, 0x0000, 0x0000, 0x0000, 0x0000, 0x0000, 0x0000, 0x0000, 0x0000, 0x0000, 0x0000, 0x0000, 0x0000, 0x0000, 0x0000, 0x0000,
  0x0000, 0x0000, 0x0000, 0x0000, 0x0000, 0x0000, 0x0000, 0x0000, 0x0000, 0x0000, 0x0000, 0x0000, 0x0000, 0x0000, 0x0000, 0x0000,
  0x0000, 0x0000, 0x0000, 0x0000, 0x0000, 0x0000, 0x0000, 0x0000, 0x0000, 0x0000, 0x0000, 0x0000, 0x0000, 0x0000, 0x0000, 0x0000,
  0x0000, 0x0000, 0x0000, 0x0000, 0x0000, 0x0000, 0x0000, 0x0000, 0x0000, 0x0000, 0x0000, 0x0000, 0x0000, 0x0000, 0x0000, 0x0000,
  0x0000, 0x0000, 0x0000, 0x0000, 0x0000, 0x0000, 0x0000, 0x0000, 0x0000, 0x0000, 0x0000, 0x0000, 0x0000, 0x0000, 0x0000, 0x0000,
  0x0000, 0x0000, 0x0000, 0x0000, 0x0000, 0x0000, 0x0000, 0x0000, 0x0000, 0x0000, 0x0000, 0x0000, 0x0000, 0x0000, 0x0000, 0x0000,
  0x0000, 0x0000, 0x0000, 0x0000, 0x0000, 0x0000, 0x0000, 0x0000, 0x0000, 0x0000, 0x0000, 0x0000, 0x0000, 0x0000, 0x0000, 0x0000,
  0x0000, 0x0000, 0x0000, 0x0000, 0x0000, 0x0000, 0x0000, 0x0000, 0x0000, 0x0000, 0x0000, 0x0000, 0x0000, 0x0000, 0x0000, 0x0000,
  0x0000, 0x0000, 0x0000, 0x0000, 0x0000, 0x0000, 0x0000, 0x0000, 0x0000, 0x0000, 0x0000, 0x0000, 0x0000, 0x0000, 0x0000, 0x0000,
  0x0000, 0x0000, 0x0000, 0x0000, 0x0000, 0x0000, 0x0000, 0x0000, 0x0000, 0x0000, 0x0000, 0x0000, 0x0000, 0x0000, 0x0000, 0x0000,
  0x0000, 0x0000, 0x0000, 0x0000, 0x0000, 0x0000, 0x0000, 0x0000, 0x0000, 0x0000, 0x0000, 0x0000, 0x0000, 0x0000, 0x0000, 0x0000,
  0x0000, 0x0000, 0x0000, 0x0000, 0x0000, 0x0000, 0x0000, 0x0000, 0x0000, 0x0000, 0x0000, 0x0000, 0x0000, 0x0000, 0x0000, 0x0000,
  0x0000, 0x0000, 0x0000, 0x0000, 0x0000, 0x0000, 0x0000, 0x0000, 0x0000, 0x0000, 0x0000, 0x0000, 0x0000, 0x0000, 0x0000, 0x0000,
  0x0000, 0x0000, 0x0000, 0x0000, 0x0000, 0x0000, 0x0000, 0x0000, 0x0000, 0x0000, 0x0000, 0x0000, 0x0000, 0x0000, 0x0000, 0x0000,
  0x0000, 0x0000, 0x0000, 0x0000, 0x8208, 0xC310, 0x2421, 0xA639, 0x2421, 0x0000, 0x0000, 0x0000, 0x0000, 0x0000, 0x0000, 0x0000,
  0x0000, 0x0000, 0x0000, 0x0000, 0x0000, 0x0000, 0x0000, 0x0000, 0x0000, 0x0000, 0x0000, 0x0000, 0x0000, 0x0000, 0x0000, 0x0000,
  0x0000, 0x0000, 0x0000, 0x0000, 0x0000, 0x0000, 0x0000, 0x0000, 0x0000, 0x0000, 0x0000, 0x0000, 0x0000, 0x0000, 0x0000, 0x0000,
  0x0000, 0x0000, 0x0000, 0x0000, 0x0000, 0x0000, 0x0000, 0x0000, 0x0000, 0x0000, 0x0000, 0x0000, 0x0000, 0x0000, 0x0000, 0x0000,
  0x0000, 0x0000, 0x0000, 0x0000, 0x0000, 0x0000, 0x0000, 0x0000, 0x0000, 0x0000, 0x0000, 0x0000, 0x0000, 0x0000, 0x0000, 0x0000,
  0x0000, 0x0000, 0x0000, 0x0000, 0x0000, 0x0000, 0x0000, 0x0000, 0x0000, 0x0000, 0x0000, 0x0000, 0x0000, 0x0000, 0x0000, 0x0000,
  0x0000, 0x0000, 0x0000, 0x0000, 0x0000, 0x0000, 0x0000, 0x0000, 0x0000, 0x0000, 0x4529, 0x074A, 0xE741, 0x074A, 0xA639, 0x0421,
  0x6208, 0x0000, 0x0000, 0x0000, 0x0000, 0x0000, 0x0000, 0x0000, 0x0000, 0x0000, 0x0000, 0x0000, 0x0000, 0x0000, 0x0000, 0x0000,
  0x0000, 0x0000, 0x0000, 0x0000, 0x0000, 0x0000, 0x0000, 0x0000, 0x0000, 0x0000, 0x0000, 0x0000, 0x0000, 0x0000, 0x0000, 0x0000,
  0x0000, 0x0000, 0x0000, 0x0000, 0x0000, 0x0000, 0x0000, 0x0000, 0x0000, 0x0000, 0x0000, 0x0000, 0x0000, 0x0000, 0x0000, 0x0000,
  0x0000, 0x0000, 0x0000, 0x0000, 0x0000, 0x0000, 0x0000, 0x0000, 0x0000, 0x0000, 0x0000, 0x0000, 0x0000, 0x0000, 0x0000, 0x0000,
  0x0000, 0x0000, 0x0000, 0x0000, 0x0000, 0x0000, 0x0000, 0x0000, 0x0000, 0x0000, 0x0000, 0x0000, 0x0000, 0x0000, 0x0000, 0x0000,
  0x0000, 0x0000, 0x0000, 0x0000, 0x0000, 0x0000, 0x0000, 0x0000, 0x0000, 0x0000, 0x0000, 0x0000, 0x0000, 0x0000, 0x0000, 0x0000,
  0x0000, 0x0000, 0x0000, 0x0000, 0x0000, 0x0000, 0x0000, 0x0000, 0x0000, 0x0000, 0x0000, 0x0000, 0x0000, 0x0000, 0x0000, 0x0000,
  0x0000, 0x0000, 0x0000, 0x0000, 0x0000, 0x0000, 0x0000, 0x0000, 0x0000, 0x0000, 0x0000, 0x0000, 0x0000, 0x0000, 0x0000, 0x0000,
  0x0000, 0x0000, 0x0000, 0x0000, 0x0000, 0x0000, 0x0000, 0x0000, 0x0000, 0x0000, 0x0000, 0x0000, 0x0000, 0x0000, 0x0000, 0x0000,
  0x0000, 0x0000, 0x0000, 0x0000, 0x0000, 0x0000, 0x0000, 0x0000, 0x0000, 0x0000, 0x0000, 0x0000, 0x0000, 0x0000, 0x0000, 0x0000,
  0x0000, 0x0000, 0x0000, 0x0000, 0x0000, 0x0000, 0x0000, 0x0000, 0x0000, 0x0000, 0x0000, 0x0000, 0x0000, 0x0000, 0x0000, 0x0000,
  0x0000, 0x0000, 0x0000, 0x0000, 0x0000, 0x0000, 0x0000, 0x0000, 0x0000, 0x0000, 0x0000, 0x0000, 0x0000, 0x0000, 0x0000, 0xE318,
  0xC639, 0x0742, 0x074A, 0x6852, 0xEA6A, 0x0A6B, 0xE649, 0xA218, 0x0000, 0x0000, 0x0000, 0x0000, 0x0000, 0x0000, 0x0000, 0x0000,
  0x0000, 0x0000, 0x0000, 0x0000, 0x0000, 0x0000, 0x0000, 0x0000, 0x0000, 0x0000, 0x0000, 0x0000, 0x0000, 0x0000, 0x0000, 0x0000,
  0x0000, 0x0000, 0x0000, 0x0000, 0x0000, 0x0000, 0x0000, 0x0000, 0x0000, 0x0000, 0x0000, 0x0000, 0x0000, 0x0000, 0x0000, 0x0000,
  0x0000, 0x0000, 0x0000, 0x0000, 0x0000, 0x0000, 0x0000, 0x0000, 0x0000, 0x0000, 0x0000, 0x0000, 0x0000, 0x0000, 0x0000, 0x0000,
  0x0000, 0x0000, 0x0000, 0x0000, 0x0000, 0x0000, 0x0000, 0x0000, 0x0000, 0x0000, 0x0000, 0x0000, 0x0000, 0x0000, 0x0000, 0x0000,
  0x0000, 0x0000, 0x0000, 0x0000, 0x0000, 0x0000, 0x0000, 0x0000, 0x0000, 0x0000, 0x0000, 0x0000, 0x0000, 0x0000, 0x0000, 0x0000,
  0x0000, 0x0000, 0x0000, 0x0000, 0x4431, 0xC96A, 0x0973, 0x8862, 0xE641, 0xC639, 0xC639, 0xA639, 0x6529, 0x0000, 0x0000, 0x0000,
  0x0000, 0x0000, 0x0000, 0x0000, 0x0000, 0x0000, 0x0000, 0x0000, 0x0000, 0x0000, 0x0000, 0x0000, 0x0000, 0x0000, 0x0000, 0x0000,
  0x0000, 0x0000, 0x0000, 0x0000, 0x0000, 0x0000, 0x0000, 0x0000, 0x0000, 0x0000, 0x0000, 0x0000, 0x0000, 0x0000, 0x0000, 0x0000,
  0x0000, 0x0000, 0x0000, 0x0000, 0x0000, 0x0000, 0x0000, 0x0000, 0x0000, 0x0000, 0x0000, 0x0000, 0x0000, 0x0000, 0x0000, 0x0000,
  0x0000, 0x0000, 0x0000, 0x0000, 0x0000, 0x0000, 0x0000, 0x0000, 0x0000, 0x0000, 0x0000, 0x0000, 0x0000, 0x0000, 0x0000, 0x0000,
  0x0000, 0x0000, 0x0000, 0x0000, 0x0000, 0x0000, 0x0000, 0x0000, 0x0000, 0x0000, 0x0000, 0x0000, 0x0000, 0x0000, 0x0000, 0x0000,
  0x0000, 0x0000, 0x0000, 0x0000, 0x0000, 0x0000, 0x0000, 0x0000, 0x0000, 0x0000, 0x0000, 0x0000, 0x0000, 0x0000, 0x0000, 0x0000,
  0x0000, 0x0000, 0x0000, 0x0000, 0x0000, 0x0000, 0x0000, 0x0000, 0x0000, 0x0000, 0x0000, 0x0000, 0x0000, 0x0000, 0x0000, 0x0000,
  0x0000, 0x0000, 0x0000, 0x0000, 0x0000, 0x0000, 0x0000, 0x0000, 0x0000, 0x0000, 0x0000, 0x0000, 0x0000, 0x0000, 0x0000, 0x0000,
  0x0000, 0x0000, 0x0000, 0x0000, 0x0000, 0x0000, 0x0000, 0x0000, 0x0000, 0x0000, 0x0000, 0x0000, 0x0000, 0x0000, 0x0000, 0x0000,
  0x0000, 0x0000, 0x0000, 0x0000, 0x0000, 0x0000, 0x0000, 0x0000, 0x0000, 0x0000, 0x0000, 0x0000, 0x0000, 0x0000, 0x0000, 0x0000,
  0x0000, 0x0000, 0x0000, 0x0000, 0x0000, 0x0000, 0x0000, 0x0000, 0x0000, 0x0000, 0x0000, 0x0000, 0x0000, 0x0000, 0x0000, 0x0000,
  0x0000, 0x0000, 0x0000, 0x0000, 0x0000, 0x0000, 0x0000, 0x0000, 0x0000, 0x0000, 0xE318, 0x6529, 0x4429, 0x2421, 0x0321, 0xE318,
  0x0421, 0xC641, 0xA862, 0x6862, 0x6439, 0x0000, 0x0000, 0x0000, 0x0000, 0x0000, 0x0000, 0x0000, 0x0000, 0x0000, 0x0000, 0x0000,
  0x0000, 0x0000, 0x0000, 0x0000, 0x0000, 0x0000, 0x0000, 0x0000, 0x0000, 0x0000, 0x0000, 0x0000, 0x0000, 0x0000, 0x0000, 0x0000,
  0x0000, 0x0000, 0x0000, 0x0000, 0x0000, 0x0000, 0x0000, 0x0000, 0x0000, 0x0000, 0x0000, 0x0000, 0x0000, 0x0000, 0x0000, 0x0000,
  0x0000, 0x0000, 0x0000, 0x0000, 0x0000, 0x0000, 0x0000, 0x0000, 0x0000, 0x0000, 0x0000, 0x0000, 0x0000, 0x0000, 0x0000, 0x0000,
  0x0000, 0x0000, 0x0000, 0x0000, 0x0000, 0x0000, 0x0000, 0x0000, 0x0000, 0x0000, 0x0000, 0x0000, 0x0000, 0x0000, 0x0000, 0x0000,
  0x0000, 0x0000, 0x0000, 0x0000, 0x0000, 0x0000, 0x0000, 0x0000, 0x0000, 0x0000, 0x0000, 0x0000, 0x0000, 0x0000, 0x8110, 0x265A,
  0xE972, 0x064A, 0x4429, 0xC318, 0xC218, 0x2421, 0x0421, 0x4429, 0xA639, 0x4529, 0x0000, 0x0000, 0x0000, 0x0000, 0x0000, 0x0000,
  0x0000, 0x0000, 0x0000, 0x0000, 0x0000, 0x0000, 0x0000, 0x0000, 0x0000, 0x0000, 0x0000, 0x0000, 0x0000, 0x0000, 0x0000, 0x0000,
  0x0000, 0x0000, 0x0000, 0x0000, 0x0000, 0x0000, 0x0000, 0x0000, 0x0000, 0x0000, 0x0000, 0x0000, 0x0000, 0x0000, 0x0000, 0x0000,
  0x0000, 0x0000, 0x0000, 0x0000, 0x0000, 0x0000, 0x0000, 0x0000, 0x0000, 0x0000, 0x0000, 0x0000, 0x0000, 0x0000, 0x0000, 0x0000,
  0x0000, 0x0000, 0x0000, 0x0000, 0x0000, 0x0000, 0x0000, 0x0000, 0x0000, 0x0000, 0x0000, 0x0000, 0x0000, 0x0000, 0x0000, 0x0000,
  0x0000, 0x0000, 0x0000, 0x0000, 0x0000, 0x0000, 0x0000, 0x0000, 0x0000, 0x0000, 0x0000, 0x0000, 0x0000, 0x0000, 0x0000, 0x0000,
  0x0000, 0x0000, 0x0000, 0x0000, 0x0000, 0x0000, 0x0000, 0x0000, 0x0000, 0x0000, 0x0000, 0x0000, 0x0000, 0x0000, 0x0000, 0x0000,
  0x0000, 0x0000, 0x0000, 0x0000, 0x0000, 0x0000, 0x0000, 0x0000, 0x0000, 0x0000, 0x0000, 0x0000, 0x0000, 0x0000, 0x0000, 0x0000,
  0x0000, 0x0000, 0x0000, 0x0000, 0x0000, 0x0000, 0x0000, 0x0000, 0x0000, 0x0000, 0x0000, 0x0000, 0x0000, 0x0000, 0x0000, 0x0000,
  0x0000, 0x0000, 0x0000, 0x0000, 0x0000, 0x0000, 0x0000, 0x0000, 0x0000, 0x0000, 0x0000, 0x0000, 0x0000, 0x0000, 0x0000, 0x0000,
  0x0000, 0x0000, 0x0000, 0x0000, 0x0000, 0x0000, 0x0000, 0x0000, 0x0000, 0x0000, 0x0000, 0x0000, 0x0000, 0x0000, 0x0000, 0x0000,
  0x0000, 0x0000, 0x0000, 0x0000, 0x0000, 0x0000, 0x0000, 0x0000, 0x0000, 0x0000, 0x0000, 0x0000, 0x0000, 0x0000, 0x0000, 0x0000,
  0x0000, 0x0000, 0x0000, 0x0000, 0x0000, 0x0000, 0x6529, 0x0321, 0xE318, 0x2421, 0x2421, 0x0421, 0xC318, 0xC318, 0x0421, 0xA539,
  0x2752, 0xE649, 0x6110, 0x0000, 0x0000, 0x0000, 0x0000, 0x0000, 0x0000, 0x0000, 0x0000, 0x0000, 0x0000, 0x0000, 0x0000, 0x0000,
  0x0000, 0x0000, 0x0000, 0x0000, 0x0000, 0x0000, 0x0000, 0x0000, 0x0000, 0x0000, 0x0000, 0x0000, 0x0000, 0x0000, 0x0000, 0x0000,
  0x0000, 0x0000, 0x0000, 0x0000, 0x0000, 0x0000, 0x0000, 0x0000, 0x0000, 0x0000, 0x0000, 0x0000, 0x0000, 0x0000, 0x0000, 0x0000,
  0x0000, 0x0000, 0x0000, 0x0000, 0x0000, 0x0000, 0x0000, 0x0000, 0x0000, 0x0000, 0x0000, 0x0000, 0x0000, 0x0000, 0x0000, 0x0000,
  0x0000, 0x0000, 0x0000, 0x0000, 0x0000, 0x0000, 0x0000, 0x0000, 0x0000, 0x0000, 0x0000, 0x0000, 0x0000, 0x0000, 0x0000, 0x0000,
  0x0000, 0x0000, 0x0000, 0x0000, 0x0000, 0x0000, 0x0000, 0x0000, 0x0000, 0xE220, 0x475A, 0x475A, 0x6531, 0xE320, 0xE318, 0xE320,
  0x4529, 0x0421, 0x0321, 0x2421, 0x4429, 0x8531, 0x0000, 0x0000, 0x0000, 0x0000, 0x0000, 0x0000, 0x0000, 0x0000, 0x0000, 0x0000,
  0x0000, 0x0000, 0x0000, 0x0000, 0x0000, 0x0000, 0x0000, 0x0000, 0x0000, 0x0000, 0x0000, 0x0000, 0x0000, 0x0000, 0x0000, 0x0000,
  0x0000, 0x0000, 0x0000, 0x0000, 0x0000, 0x0000, 0x0000, 0x0000, 0x0000, 0x0000, 0x0000, 0x0000, 0x0000, 0x0000, 0x0000, 0x0000,
  0x0000, 0x0000, 0x0000, 0x0000, 0x0000, 0x0000, 0x0000, 0x0000, 0x0000, 0x0000, 0x0000, 0x0000, 0x0000, 0x0000, 0x0000, 0x0000,
  0x0000, 0x0000, 0x0000, 0x0000, 0x0000, 0x0000, 0x0000, 0x0000, 0x0000, 0x0000, 0x0000, 0x0000, 0x0000, 0x0000, 0x0000, 0x0000,
  0x0000, 0x0000, 0x0000, 0x0000, 0x0000, 0x0000, 0x0000, 0x0000, 0x0000, 0x0000, 0x0000, 0x0000, 0x0000, 0x0000, 0x0000, 0x0000,
  0x0000, 0x0000, 0x0000, 0x0000, 0x0000, 0x0000, 0x0000, 0x0000, 0x0000, 0x0000, 0x0000, 0x0000, 0x0000, 0x0000, 0x0000, 0x0000,
  0x0000, 0x0000, 0x0000, 0x0000, 0x0000, 0x0000, 0x0000, 0x0000, 0x0000, 0x0000, 0x0000, 0x0000, 0x0000, 0x0000, 0x0000, 0x0000,
  0x0000, 0x0000, 0x0000, 0x0000, 0x0000, 0x0000, 0x0000, 0x0000, 0x0000, 0x0000, 0x0000, 0x0000, 0x0000, 0x0000, 0x0000, 0x0000,
  0x0000, 0x0000, 0x0000, 0x0000, 0x0000, 0x0000, 0x0000, 0x0000, 0x0000, 0x0000, 0x0000, 0x0000, 0x0000, 0x0000, 0x0000, 0x0000,
  0x0000, 0x0000, 0x0000, 0x0000, 0x0000, 0x0000, 0x0000, 0x0000, 0x0000, 0x0000, 0x0000, 0x0000, 0x0000, 0x0000, 0x0000, 0x0000,
  0x0000, 0x0000, 0x0000, 0x0000, 0x0000, 0x0000, 0x0000, 0x0000, 0x0000, 0x0000, 0x0000, 0x0000, 0x0000, 0x0000, 0x0000, 0x0000,
  0x0000, 0xE318, 0x4429, 0x0321, 0xE318, 0x0421, 0xC318, 0x2421, 0x4529, 0xE318, 0xC318, 0x0321, 0x6531, 0x0752, 0x2652, 0xC218,
  0x0000, 0x0000, 0x0000, 0x0000, 0x0000, 0x0000, 0x0000, 0x0000, 0x0000, 0x0000, 0x0000, 0x0000, 0x0000, 0x0000, 0x0000, 0x0000,
  0x0000, 0x0000, 0x0000, 0x0000, 0x0000, 0x0000, 0x0000, 0x0000, 0x0000, 0x0000, 0x0000, 0x0000, 0x0000, 0x0000, 0x0000, 0x0000,
  0x0000, 0x0000, 0x0000, 0x0000, 0x0000, 0x0000, 0x0000, 0x0000, 0x0000, 0x0000, 0x0000, 0x0000, 0x0000, 0x0000, 0x0000, 0x0000,
  0x0000, 0x0000, 0x0000, 0x0000, 0x0000, 0x0000, 0x0000, 0x0000, 0x0000, 0x0000, 0x0000, 0x0000, 0x0000, 0x0000, 0x0000, 0x0000,
  0x0000, 0x0000, 0x0000, 0x0000, 0x0000, 0x0000, 0x0000, 0x0000, 0x0000, 0x0000, 0x0000, 0x0000, 0x0000, 0x0000, 0x0000, 0x0000,
  0x0000, 0x0000, 0x0000, 0x0000, 0x2331, 0xA86A, 0xC541, 0x2429, 0x2421, 0x6531, 0xA631, 0x8631, 0x6529, 0x2421, 0x2421, 0xE318,
  0xE320, 0x4429, 0x0000, 0x0000, 0x0000, 0x0000, 0x0000, 0x0000, 0x0000, 0x0000, 0x0000, 0x0000, 0x0000, 0x0000, 0x0000, 0x0000,
  0x0000, 0x0000, 0x0000, 0x0000, 0x0000, 0x0000, 0x0000, 0x0000, 0x0000, 0x0000, 0x0000, 0x0000, 0x0000, 0x0000, 0x0000, 0x0000,
  0x0000, 0x0000, 0x0000, 0x0000, 0x0000, 0x0000, 0x0000, 0x0000, 0x0000, 0x0000, 0x0000, 0x0000, 0x0000, 0x0000, 0x0000, 0x0000,
  0x0000, 0x0000, 0x0000, 0x0000, 0x0000, 0x0000, 0x0000, 0x0000, 0x0000, 0x0000, 0x0000, 0x0000, 0x0000, 0x0000, 0x0000, 0x0000,
  0x0000, 0x0000, 0x0000, 0x0000, 0x0000, 0x0000, 0x0000, 0x0000, 0x0000, 0x0000, 0x0000, 0x0000, 0x0000, 0x0000, 0x0000, 0x0000,
  0x0000, 0x0000, 0x0000, 0x0000, 0x0000, 0x0000, 0x0000, 0x0000, 0x0000, 0x0000, 0x0000, 0x0000, 0x0000, 0x0000, 0x0000, 0x0000,
  0x0000, 0x0000, 0x0000, 0x0000, 0x0000, 0x0000, 0x0000, 0x0000, 0x0000, 0x0000, 0x0000, 0x0000, 0x0000, 0x0000, 0x0000, 0x0000,
  0x0000, 0x0000, 0x0000, 0x0000, 0x0000, 0x0000, 0x0000, 0x0000, 0x0000, 0x0000, 0x0000, 0x0000, 0x0000, 0x0000, 0x0000, 0x0000,
  0x0000, 0x0000, 0x0000, 0x0000, 0x0000, 0x0000, 0x0000, 0x0000, 0x0000, 0x0000, 0x0000, 0x0000, 0x0000, 0x0000, 0x0000, 0x0000,
  0x0000, 0x0000, 0x0000, 0x0000, 0x0000, 0x0000, 0x0000, 0x0000, 0x0000, 0x0000, 0x0000, 0x0000, 0x0000, 0x0000, 0x0000, 0x0000,
  0x0000, 0x0000, 0x0000, 0x0000, 0x0000, 0x0000, 0x0000, 0x0000, 0x0000, 0x0000, 0x0000, 0x0000, 0x0000, 0x0000, 0x0000, 0x0000,
  0x0000, 0x0000, 0x0000, 0x0000, 0x0000, 0x0000, 0x0000, 0x0000, 0x0000, 0x0000, 0x0000, 0x0000, 0x0000, 0x4529, 0x0421, 0x0421,
  0x2421, 0x2421, 0x2421, 0xE418, 0x6629, 0x8629, 0x2421, 0x2421, 0xE318, 0x2421, 0x064A, 0xC549, 0x2331, 0x0000, 0x0000, 0x0000,
  0x0000, 0x0000, 0x0000, 0x0000, 0x0000, 0x0000, 0x0000, 0x0000, 0x0000, 0x0000, 0x0000, 0x0000, 0x0000, 0x0000, 0x0000, 0x0000,
  0x0000, 0x0000, 0x0000, 0x0000, 0x0000, 0x0000, 0x0000, 0x0000, 0x0000, 0x0000, 0x0000, 0x0000, 0x0000, 0x0000, 0x0000, 0x0000,
  0x0000, 0x0000, 0x0000, 0x0000, 0x0000, 0x0000, 0x0000, 0x0000, 0x0000, 0x0000, 0x0000, 0x0000, 0x0000, 0x0000, 0x0000, 0x0000,
  0x0000, 0x0000, 0x0000, 0x0000, 0x0000, 0x0000, 0x0000, 0x0000, 0x0000, 0x0000, 0x0000, 0x0000, 0x0000, 0x0000, 0x0000, 0x0000,
  0x0000, 0x0000, 0x0000, 0x0000, 0x0000, 0x0000, 0x0000, 0x0000, 0x0000, 0x0000, 0x0000, 0x0000, 0x0000, 0x0000, 0x0000, 0x2329,
  0x0652, 0xE649, 0x0321, 0x0421, 0x4529, 0x6529, 0x6529, 0x6629, 0x4529, 0x4521, 0x4521, 0xC318, 0xC318, 0x6531, 0x0421, 0x0000,
  0x0000, 0x0000, 0x0000, 0x0000, 0x0000, 0x0000, 0x0000, 0x0000, 0x0000, 0x0000, 0x0000, 0x0000, 0x0000, 0x0000, 0x0000, 0x0000,
  0x0000, 0x0000, 0x0000, 0x0000, 0x0000, 0x0000, 0x0000, 0x0000, 0x0000, 0x0000, 0x0000, 0x0000, 0x0000, 0x0000, 0x0000, 0x0000,
  0x0000, 0x0000, 0x0000, 0x0000, 0x0000, 0x0000, 0x0000, 0x0000, 0x0000, 0x0000, 0x0000, 0x0000, 0x0000, 0x0000, 0x0000, 0x0000,
  0x0000, 0x0000, 0x0000, 0x0000, 0x0000, 0x0000, 0x0000, 0x0000, 0x0000, 0x0000, 0x0000, 0x0000, 0x0000, 0x0000, 0x0000, 0x0000,
  0x0000, 0x0000, 0x0000, 0x0000, 0x0000, 0x0000, 0x0000, 0x0000, 0x0000, 0x0000, 0x0000, 0x0000, 0x0000, 0x0000, 0x0000, 0x0000,
  0x0000, 0x0000, 0x0000, 0x0000, 0x0000, 0x0000, 0x0000, 0x0000, 0x0000, 0x0000, 0x0000, 0x0000, 0x0000, 0x0000, 0x0000, 0x0000,
  0x0000, 0x0000, 0x0000, 0x0000, 0x0000, 0x0000, 0x0000, 0x0000, 0x0000, 0x0000, 0x0000, 0x0000, 0x0000, 0x0000, 0x0000, 0x0000,
  0x0000, 0x0000, 0x0000, 0x0000, 0x0000, 0x0000, 0x0000, 0x0000, 0x0000, 0x0000, 0x0000, 0x0000, 0x0000, 0x0000, 0x0000, 0x0000,
  0x0000, 0x0000, 0x0000, 0x0000, 0x0000, 0x0000, 0x0000, 0x0000, 0x0000, 0x0000, 0x0000, 0x0000, 0x0000, 0x0000, 0x0000, 0x0000,
  0x0000, 0x0000, 0x0000, 0x0000, 0x0000, 0x0000, 0x0000, 0x0000, 0x0000, 0x0000, 0x0000, 0x0000, 0x0000, 0x0000, 0x0000, 0x0000,
  0x0000, 0x0000, 0x0000, 0x0000, 0x0000, 0x0000, 0x0000, 0x0000, 0x0000, 0x0000, 0x0000, 0x0000, 0x0000, 0x0000, 0x0000, 0x0000,
  0x0000, 0x0000, 0x0000, 0x0000, 0x0000, 0x0000, 0x0000, 0x0000, 0x0000, 0x6529, 0x4429, 0xE318, 0xE318, 0xE318, 0x2521, 0x6629,
  0x2521, 0x8629, 0xE839, 0x6529, 0x4429, 0x4529, 0x4429, 0xA539, 0x8862, 0x6431, 0x0000, 0x0000, 0x0000, 0x0000, 0x0000, 0x0000,
  0x0000, 0x0000, 0x0000, 0x0000, 0x0000, 0x0000, 0x0000, 0x0000, 0x0000, 0x0000, 0x0000, 0x0000, 0x0000, 0x0000, 0x0000, 0x0000,
  0x0000, 0x0000, 0x0000, 0x0000, 0x0000, 0x0000, 0x0000, 0x0000, 0x0000, 0x0000, 0x0000, 0x0000, 0x0000, 0x0000, 0x0000, 0x0000,
  0x0000, 0x0000, 0x0000, 0x0000, 0x0000, 0x0000, 0x0000, 0x0000, 0x0000, 0x0000, 0x0000, 0x0000, 0x0000, 0x0000, 0x0000, 0x0000,
  0x0000, 0x0000, 0x0000, 0x0000, 0x0000, 0x0000, 0x0000, 0x0000, 0x0000, 0x0000, 0x0000, 0x0000, 0x0000, 0x0000, 0x0000, 0x0000,
  0x0000, 0x0000, 0x0000, 0x0000, 0x0000, 0x0000, 0x0000, 0x0000, 0x0000, 0x0000, 0x6431, 0x2752, 0x074A, 0x2421, 0x6531, 0xE739,
  0xC739, 0xC731, 0x6629, 0x0421, 0x0421, 0x2521, 0xE318, 0xE418, 0x2421, 0x8531, 0x6529, 0x0000, 0x0000, 0x0000, 0x0000, 0x0000,
  0x0000, 0x0000, 0x0000, 0x0000, 0x0000, 0x0000, 0x0000, 0x0000, 0x0000, 0x0000, 0x0000, 0x0000, 0x0000, 0x0000, 0x0000, 0x0000,
  0x0000, 0x0000, 0x0000, 0x0000, 0x0000, 0x0000, 0x0000, 0x0000, 0x0000, 0x0000, 0x0000, 0x0000, 0x0000, 0x0000, 0x0000, 0x0000,
  0x0000, 0x0000, 0x0000, 0x0000, 0x0000, 0x0000, 0x0000, 0x0000, 0x0000, 0x0000, 0x0000, 0x0000, 0x0000, 0x0000, 0x0000, 0x0000,
  0x0000, 0x0000, 0x0000, 0x0000, 0x0000, 0x0000, 0x0000, 0x0000, 0x0000, 0x0000, 0x0000, 0x0000, 0x0000, 0x0000, 0x0000, 0x0000,
  0x0000, 0x0000, 0x0000, 0x0000, 0x0000, 0x0000, 0x0000, 0x0000, 0x0000, 0x0000, 0x0000, 0x0000, 0x0000, 0x0000, 0x0000, 0x0000,
  0x0000, 0x0000, 0x0000, 0x0000, 0x0000, 0x0000, 0x0000, 0x0000, 0x0000, 0x0000, 0x0000, 0x0000, 0x0000, 0x0000, 0x0000, 0x0000,
  0x0000, 0x0000, 0x0000, 0x0000, 0x0000, 0x0000, 0x0000, 0x0000, 0x0000, 0x0000, 0x0000, 0x0000, 0x0000, 0x0000, 0x0000, 0x0000,
  0x0000, 0x0000, 0x0000, 0x0000, 0x0000, 0x0000, 0x0000, 0x0000, 0x0000, 0x0000, 0x0000, 0x0000, 0x0000, 0x0000, 0x0000, 0x0000,
  0x0000, 0x0000, 0x0000, 0x0000, 0x0000, 0x0000, 0x0000, 0x0000, 0x0000, 0x0000, 0x0000, 0x0000, 0x0000, 0x0000, 0x0000, 0x0000,
  0x0000, 0x0000, 0x0000, 0x0000, 0x0000, 0x0000, 0x0000, 0x0000, 0x0000, 0x0000, 0x0000, 0x0000, 0x0000, 0x0000, 0x0000, 0x0000,
  0x0000, 0x0000, 0x0000, 0x0000, 0x0000, 0x0000, 0x0000, 0x0000, 0x0000, 0x0000, 0x0000, 0x0000, 0x0000, 0x0000, 0x0000, 0x0000,
  0x0000, 0x0000, 0x0000, 0x0000, 0x0000, 0xA631, 0x4529, 0xC318, 0xA210, 0x2521, 0x4529, 0x6629, 0x8631, 0xA731, 0xE739, 0xC739,
  0x6529, 0x6531, 0x8531, 0x0000, 0x8531, 0x2752, 0x2331, 0x0000, 0x0000, 0x0000, 0x0000, 0x0000, 0x0000, 0x0000, 0x0000, 0x0000,
  0x0000, 0x0000, 0x0000, 0x0000, 0x0000, 0x0000, 0x0000, 0x0000, 0x0000, 0x0000, 0x0000, 0x0000, 0x0000, 0x0000, 0x0000, 0x0000,
  0x0000, 0x0000, 0x0000, 0x0000, 0x0000, 0x0000, 0x0000, 0x0000, 0x0000, 0x0000, 0x0000, 0x0000, 0x0000, 0x0000, 0x0000, 0x0000,
  0x0000, 0x0000, 0x0000, 0x0000, 0x0000, 0x0000, 0x0000, 0x0000, 0x0000, 0x0000, 0x0000, 0x0000, 0x0000, 0x0000, 0x0000, 0x0000,
  0x0000, 0x0000, 0x0000, 0x0000, 0x0000, 0x0000, 0x0000, 0x0000, 0x0000, 0x0000, 0x0000, 0x0000, 0x0000, 0x0000, 0x0000, 0x0000,
  0x0000, 0x0000, 0x0000, 0x0000, 0x0000, 0x6439, 0xE649, 0x6531, 0x0321, 0xE318, 0xC639, 0x8631, 0xC739, 0x2942, 0xC731, 0xA731,
  0x6629, 0x4521, 0x2421, 0xC318, 0xE318, 0x6529, 0xA639, 0x0000, 0x0000, 0x0000, 0x0000, 0x0000, 0x0000, 0x0000, 0x0000, 0x0000,
  0x0000, 0x0000, 0x0000, 0x0000, 0x0000, 0x0000, 0x0000, 0x0000, 0x0000, 0x0000, 0x0000, 0x0000, 0x0000, 0x0000, 0x0000, 0x0000,
  0x0000, 0x0000, 0x0000, 0x0000, 0x0000, 0x0000, 0x0000, 0x0000, 0x0000, 0x0000, 0x0000, 0x0000, 0x0000, 0x0000, 0x0000, 0x0000,
  0x0000, 0x0000, 0x0000, 0x0000, 0x0000, 0x0000, 0x0000, 0x0000, 0x0000, 0x0000, 0x0000, 0x0000, 0x0000, 0x0000, 0x0000, 0x0000,
  0x0000, 0x0000, 0x0000, 0x0000, 0x0000, 0x0000, 0x0000, 0x0000, 0x0000, 0x0000, 0x0000, 0x0000, 0x0000, 0x0000, 0x0000, 0x0000,
  0x0000, 0x0000, 0x0000, 0x0000, 0x0000, 0x0000, 0x0000, 0x0000, 0x0000, 0x0000, 0x0000, 0x0000, 0x0000, 0x0000, 0x0000, 0x0000,
  0x0000, 0x0000, 0x0000, 0x0000, 0x0000, 0x0000, 0x0000, 0x0000, 0x0000, 0x0000, 0x0000, 0x0000, 0x0000, 0x0000, 0x0000, 0x0000,
  0x0000, 0x0000, 0x0000, 0x0000, 0x0000, 0x0000, 0x0000, 0x0000, 0x0000, 0x0000, 0x0000, 0x0000, 0x0000, 0x0000, 0x0000, 0x0000,
  0x0000, 0x0000, 0x0000, 0x0000, 0x0000, 0x0000, 0x0000, 0x0000, 0x0000, 0x0000, 0x0000, 0x0000, 0x0000, 0x0000, 0x0000, 0x0000,
  0x0000, 0x0000, 0x0000, 0x0000, 0x0000, 0x0000, 0x0000, 0x0000, 0x0000, 0x0000, 0x0000, 0x0000, 0x0000, 0x0000, 0x0000, 0x0000,
  0x0000, 0x0000, 0x0000, 0x0000, 0x0000, 0x0000, 0x0000, 0x0000, 0x0000, 0x0000, 0x0000, 0x0000, 0x0000, 0x0000, 0x0000, 0x0000,
  0x0000, 0x0000, 0x0000, 0x0000, 0x0000, 0x0000, 0x0000, 0x0000, 0x0000, 0x0000, 0x0000, 0x0000, 0x0000, 0x0000, 0x0000, 0x0000,
  0x0000, 0xA639, 0x2421, 0xA210, 0xA310, 0x0421, 0xE318, 0x6529, 0x6629, 0x8629, 0x4529, 0x2521, 0x4529, 0x6529, 0xA639, 0x4429,
  0x8210, 0x2429, 0xE649, 0x6431, 0x0000, 0x0000, 0x0000, 0x0000, 0x0000, 0x0000, 0x0000, 0x0000, 0x0000, 0x0000, 0x0000, 0x0000,
  0x0000, 0x0000, 0x0000, 0x0000, 0x0000, 0x0000, 0x0000, 0x0000, 0x0000, 0x0000, 0x0000, 0x0000, 0x0000, 0x0000, 0x0000, 0x0000,
  0x0000, 0x0000, 0x0000, 0x0000, 0x0000, 0x0000, 0x0000, 0x0000, 0x0000, 0x0000, 0x0000, 0x0000, 0x0000, 0x0000, 0x0000, 0x0000,
  0x0000, 0x0000, 0x0000, 0x0000, 0x0000, 0x0000, 0x0000, 0x0000, 0x0000, 0x0000, 0x0000, 0x0000, 0x0000, 0x0000, 0x0000, 0x0000,
  0x0000, 0x0000, 0x0000, 0x0000, 0x0000, 0x0000, 0x0000, 0x0000, 0x0000, 0x0000, 0x0000, 0x0000, 0x0000, 0x0000, 0x0000, 0x0000,
  0x6431, 0x8862, 0x074A, 0x4429, 0xE318, 0xA631, 0xE739, 0xC731, 0xA731, 0xC731, 0xC831, 0xC731, 0x8629, 0x0421, 0x2421, 0xC318,
  0xE318, 0x4529, 0x4529, 0x0000, 0x0000, 0x0000, 0x0000, 0x0000, 0x0000, 0x0000, 0x0000, 0x0000, 0x0000, 0x0000, 0x0000, 0x0000,
  0x0000, 0x0000, 0x0000, 0x0000, 0x0000, 0x0000, 0x0000, 0x0000, 0x0000, 0x0000, 0x0000, 0x0000, 0x0000, 0x0000, 0x0000, 0x0000,
  0x0000, 0x0000, 0x0000, 0x0000, 0x0000, 0x0000, 0x0000, 0x0000, 0x0000, 0x0000, 0x0000, 0x0000, 0x0000, 0x0000, 0x0000, 0x0000,
  0x0000, 0x0000, 0x0000, 0x0000, 0x0000, 0x0000, 0x0000, 0x0000, 0x0000, 0x0000, 0x0000, 0x0000, 0x0000, 0x0000, 0x0000, 0x0000,
  0x0000, 0x0000, 0x0000, 0x0000, 0x0000, 0x0000, 0x0000, 0x0000, 0x0000, 0x0000, 0x0000, 0x0000, 0x0000, 0x0000, 0x0000, 0x0000,
  0x0000, 0x0000, 0x0000, 0x0000, 0x0000, 0x0000, 0x0000, 0x0000, 0x0000, 0x0000, 0x0000, 0x0000, 0x0000, 0x0000, 0x0000, 0x0000,
  0x0000, 0x0000, 0x0000, 0x0000, 0x0000, 0x0000, 0x0000, 0x0000, 0x0000, 0x0000, 0x0000, 0x0000, 0x0000, 0x0000, 0x0000, 0x0000,
  0x0000, 0x0000, 0x0000, 0x0000, 0x0000, 0x0000, 0x0000, 0x0000, 0x0000, 0x0000, 0x0000, 0x0000, 0x0000, 0x0000, 0x0000, 0x0000,
  0x0000, 0x0000, 0x0000, 0x0000, 0x0000, 0x0000, 0x0000, 0x0000, 0x0000, 0x0000, 0x0000, 0x0000, 0x0000, 0x0000, 0x0000, 0x0000,
  0x0000, 0x0000, 0x0000, 0x0000, 0x0000, 0x0000, 0x0000, 0x0000, 0x0000, 0x0000, 0x0000, 0x0000, 0x0000, 0x0000, 0x0000, 0x0000,
  0x0000, 0x0000, 0x0000, 0x0000, 0x0000, 0x0000, 0x0000, 0x0000, 0x0000, 0x0000, 0x0000, 0x0000, 0x0000, 0x0000, 0x0000, 0x0000,
  0x0000, 0x0000, 0x0000, 0x0000, 0x0000, 0x0000, 0x0000, 0x0000, 0x0000, 0x0000, 0x0000, 0x0000, 0x8210, 0x8631, 0x2429, 0x8210,
  0xA210, 0xC318, 0xC318, 0xE420, 0x8629, 0xC731, 0xA731, 0xA731, 0xC731, 0xA631, 0x2421, 0x2429, 0x4429, 0x0321, 0xE641, 0x685A,
  0xA539, 0x0000, 0x0000, 0x0000, 0x0000, 0x0000, 0x0000, 0x0000, 0x0000, 0x0000, 0x0000, 0x0000, 0x0000, 0x0000, 0x0000, 0x0000,
  0x0000, 0x0000, 0x0000, 0x0000, 0x0000, 0x0000, 0x0000, 0x0000, 0x0000, 0x0000, 0x0000, 0x0000, 0x0000, 0x0000, 0x0000, 0x0000,
  0x0000, 0x0000, 0x0000, 0x0000, 0x0000, 0x0000, 0x0000, 0x0000, 0x0000, 0x0000, 0x0000, 0x0000, 0x0000, 0x0000, 0x0000, 0x0000,
  0x0000, 0x0000, 0x0000, 0x0000, 0x0000, 0x0000, 0x0000, 0x0000, 0x0000, 0x0000, 0x0000, 0x0000, 0x0000, 0x0000, 0x0000, 0x0000,
  0x0000, 0x0000, 0x0000, 0x0000, 0x0000, 0x0000, 0x0000, 0x0000, 0x0000, 0x0000, 0x0000, 0xA539, 0x064A, 0xC641, 0x0321, 0x0321,
  0x6529, 0x6529, 0x6629, 0x8629, 0xA731, 0xE831, 0x093A, 0xC731, 0x4529, 0xE418, 0xA310, 0xA210, 0xE318, 0x6531, 0xA631, 0x0000,
  0x0000, 0x0000, 0x0000, 0x0000, 0x0000, 0x0000, 0x0000, 0x0000, 0x0000, 0x0000, 0x0000, 0x0000, 0x0000, 0x0000, 0x0000, 0x0000,
  0x0000, 0x0000, 0x0000, 0x0000, 0x0000, 0x0000, 0x0000, 0x0000, 0x0000, 0x0000, 0x0000, 0x0000, 0x0000, 0x0000, 0x0000, 0x0000,
  0x0000, 0x0000, 0x0000, 0x0000, 0x0000, 0x0000, 0x0000, 0x0000, 0x0000, 0x0000, 0x0000, 0x0000, 0x0000, 0x0000, 0x0000, 0x0000,
  0x0000, 0x0000, 0x0000, 0x0000, 0x0000, 0x0000, 0x0000, 0x0000, 0x0000, 0x0000, 0x0000, 0x0000, 0x0000, 0x0000, 0x0000, 0x0000,
  0x0000, 0x0000, 0x0000, 0x0000, 0x0000, 0x0000, 0x0000, 0x0000, 0x0000, 0x0000, 0x0000, 0x0000, 0x0000, 0x0000, 0x0000, 0x0000,
  0x0000, 0x0000, 0x0000, 0x0000, 0x0000, 0x0000, 0x0000, 0x0000, 0x0000, 0x0000, 0x0000, 0x0000, 0x0000, 0x0000, 0x0000, 0x0000,
  0x0000, 0x0000, 0x0000, 0x0000, 0x0000, 0x0000, 0x0000, 0x0000, 0x0000, 0x0000, 0x0000, 0x0000, 0x0000, 0x0000, 0x0000, 0x0000,
  0x0000, 0x0000, 0x0000, 0x0000, 0x0000, 0x0000, 0x0000, 0x0000, 0x0000, 0x0000, 0x0000, 0x0000, 0x0000, 0x0000, 0x0000, 0x0000,
  0x0000, 0x0000, 0x0000, 0x0000, 0x0000, 0x0000, 0x0000, 0x0000, 0x0000, 0x0000, 0x0000, 0x0000, 0x0000, 0x0000, 0x0000, 0x0000,
  0x0000, 0x0000, 0x0000, 0x0000, 0x0000, 0x0000, 0x0000, 0x0000, 0x0000, 0x0000, 0x0000, 0x0000, 0x0000, 0x0000, 0x0000, 0x0000,
  0x0000, 0x0000, 0x0000, 0x0000, 0x0000, 0x0000, 0x0000, 0x0000, 0x0000, 0x0000, 0x0000, 0x0000, 0x0000, 0x0000, 0x0000, 0x0000,
  0x0000, 0x0000, 0x0000, 0x0000, 0x0000, 0x0000, 0x0000, 0x0000, 0x8208, 0x8631, 0x2429, 0xC318, 0x8210, 0xE318, 0x0421, 0x6629,
  0xA731, 0xA731, 0xE839, 0x4942, 0x8A4A, 0x694A, 0xC739, 0x0421, 0xC318, 0x0321, 0x4429, 0x074A, 0xC96A, 0x6431, 0x0000, 0x0000,
  0x0000, 0x0000, 0x0000, 0x0000, 0x0000, 0x0000, 0x0000, 0x0000, 0x0000, 0x0000, 0x0000, 0x0000, 0x0000, 0x0000, 0x0000, 0x0000,
  0x0000, 0x0000, 0x0000, 0x0000, 0x0000, 0x0000, 0x0000, 0x0000, 0x0000, 0x0000, 0x0000, 0x0000, 0x0000, 0x0000, 0x0000, 0x0000,
  0x0000, 0x0000, 0x0000, 0x0000, 0x0000, 0x0000, 0x0000, 0x0000, 0x0000, 0x0000, 0x0000, 0x0000, 0x0000, 0x0000, 0x0000, 0x0000,
  0x0000, 0x0000, 0x0000, 0x0000, 0x0000, 0x0000, 0x0000, 0x0000, 0x0000, 0x0000, 0x0000, 0x0000, 0x0000, 0x0000, 0x0000, 0x0000,
  0x0000, 0x0000, 0x0000, 0x0000, 0x0000, 0x0000, 0xA541, 0x2752, 0x4429, 0x8531, 0x8531, 0xE741, 0x0842, 0x8A4A, 0xCB52, 0xEC52,
  0xEC52, 0x8A42, 0xE831, 0xC831, 0x4621, 0xE418, 0xC318, 0xA318, 0x0421, 0xC639, 0xA631, 0x0000, 0x0000, 0x0000, 0x0000, 0x0000,
  0x0000, 0x0000, 0x0000, 0x0000, 0x0000, 0x0000, 0x0000, 0x0000, 0x0000, 0x0000, 0x0000, 0x0000, 0x0000, 0x0000, 0x0000, 0x0000,
  0x0000, 0x0000, 0x0000, 0x0000, 0x0000, 0x0000, 0x0000, 0x0000, 0x0000, 0x0000, 0x0000, 0x0000, 0x0000, 0x0000, 0x0000, 0x0000,
  0x0000, 0x0000, 0x0000, 0x0000, 0x0000, 0x0000, 0x0000, 0x0000, 0x0000, 0x0000, 0x0000, 0x0000, 0x0000, 0x0000, 0x0000, 0x0000,
  0x0000, 0x0000, 0x0000, 0x0000, 0x0000, 0x0000, 0x0000, 0x0000, 0x0000, 0x0000, 0x0000, 0x0000, 0x0000, 0x0000, 0x0000, 0x0000,
  0x0000, 0x0000, 0x0000, 0x0000, 0x0000, 0x0000, 0x0000, 0x0000, 0x0000, 0x0000, 0x0000, 0x0000, 0x0000, 0x0000, 0x0000, 0x0000,
  0x0000, 0x0000, 0x0000, 0x0000, 0x0000, 0x0000, 0x0000, 0x0000, 0x0000, 0x0000, 0x0000, 0x0000, 0x0000, 0x0000, 0x0000, 0x0000,
  0x0000, 0x0000, 0x0000, 0x0000, 0x0000, 0x0000, 0x0000, 0x0000, 0x0000, 0x0000, 0x0000, 0x0000, 0x0000, 0x0000, 0x0000, 0x0000,
  0x0000, 0x0000, 0x0000, 0x0000, 0x0000, 0x0000, 0x0000, 0x0000, 0x0000, 0x0000, 0x0000, 0x0000, 0x0000, 0x0000, 0x0000, 0x0000,
  0x0000, 0x0000, 0x0000, 0x0000, 0x0000, 0x0000, 0x0000, 0x0000, 0x0000, 0x0000, 0x0000, 0x0000, 0x0000, 0x0000, 0x0000, 0x0000,
  0x0000, 0x0000, 0x0000, 0x0000, 0x0000, 0x0000, 0x0000, 0x0000, 0x0000, 0x0000, 0x0000, 0x0000, 0x0000, 0x0000, 0x0000, 0x0000,
  0x0000, 0x0000, 0x0000, 0x0000, 0x0000, 0x0000, 0x0000, 0x0000, 0x0000, 0x0000, 0x0000, 0x0000, 0x0000, 0x0000, 0x0000, 0x0000,
  0x0000, 0x0000, 0x0000, 0x0000, 0x0000, 0xA731, 0x8531, 0xC318, 0xC318, 0xE318, 0x0421, 0x4521, 0x4521, 0xC731, 0x6A42, 0xCB52,
  0x4942, 0x4942, 0xC739, 0x8531, 0x8531, 0x6529, 0x4429, 0x6531, 0xC639, 0x4852, 0xA539, 0x0000, 0x0000, 0x0000, 0x0000, 0x0000,
  0x0000, 0x0000, 0x0000, 0x0000, 0x0000, 0x0000, 0x0000, 0x0000, 0x0000, 0x0000, 0x0000, 0x0000, 0x0000, 0x0000, 0x0000, 0x0000,
  0x0000, 0x0000, 0x0000, 0x0000, 0x0000, 0x0000, 0x0000, 0x0000, 0x0000, 0x0000, 0x0000, 0x0000, 0x0000, 0x0000, 0x0000, 0x0000,
  0x0000, 0x0000, 0x0000, 0x0000, 0x0000, 0x0000, 0x0000, 0x0000, 0x0000, 0x0000, 0x0000, 0x0000, 0x0000, 0x0000, 0x0000, 0x0000,
  0x0000, 0x0000, 0x0000, 0x0000, 0x0000, 0x0000, 0x0000, 0x0000, 0x0000, 0x0000, 0x0000, 0x0000, 0x0000, 0x0000, 0x0000, 0x0000,
  0x0000, 0xA539, 0x885A, 0x6531, 0xC318, 0x8531, 0xE741, 0x0742, 0x2842, 0x8A4A, 0x0942, 0x4A42, 0x6A42, 0xEC52, 0xAB4A, 0x093A,
  0xA731, 0x4521, 0xE418, 0xA318, 0xE318, 0x2842, 0x2421, 0x0000, 0x0000, 0x0000, 0x0000, 0x0000, 0x0000, 0x0000, 0x0000, 0x0000,
  0x0000, 0x0000, 0x0000, 0x0000, 0x0000, 0x0000, 0x0000, 0x0000, 0x0000, 0x0000, 0x0000, 0x0000, 0x0000, 0x0000, 0x0000, 0x0000,
  0x0000, 0x0000, 0x0000, 0x0000, 0x0000, 0x0000, 0x0000, 0x0000, 0x0000, 0x0000, 0x0000, 0x0000, 0x0000, 0x0000, 0x0000, 0x0000,
  0x0000, 0x0000, 0x0000, 0x0000, 0x0000, 0x0000, 0x0000, 0x0000, 0x0000, 0x0000, 0x0000, 0x0000, 0x0000, 0x0000, 0x0000, 0x0000,
  0x0000, 0x0000, 0x0000, 0x0000, 0x0000, 0x0000, 0x0000, 0x0000, 0x0000, 0x0000, 0x0000, 0x0000, 0x0000, 0x0000, 0x0000, 0x0000,
  0x0000, 0x0000, 0x0000, 0x0000, 0x0000, 0x0000, 0x0000, 0x0000, 0x0000, 0x0000, 0x0000, 0x0000, 0x0000, 0x0000, 0x0000, 0x0000,
  0x0000, 0x0000, 0x0000, 0x0000, 0x0000, 0x0000, 0x0000, 0x0000, 0x0000, 0x0000, 0x0000, 0x0000, 0x0000, 0x0000, 0x0000, 0x0000,
  0x0000, 0x0000, 0x0000, 0x0000, 0x0000, 0x0000, 0x0000, 0x0000, 0x0000, 0x0000, 0x0000, 0x0000, 0x0000, 0x0000, 0x0000, 0x0000,
  0x0000, 0x0000, 0x0000, 0x0000, 0x0000, 0x0000, 0x0000, 0x0000, 0x0000, 0x0000, 0x0000, 0x0000, 0x0000, 0x0000, 0x0000, 0x0000,
  0x0000, 0x0000, 0x0000, 0x0000, 0x0000, 0x0000, 0x0000, 0x0000, 0x0000, 0x0000, 0x0000, 0x0000, 0x0000, 0x0000, 0x0000, 0x0000,
  0x0000, 0x0000, 0x0000, 0x0000, 0x0000, 0x0000, 0x0000, 0x0000, 0x0000, 0x0000, 0x0000, 0x0000, 0x0000, 0x0000, 0x0000, 0x0000,
  0x0000, 0x0000, 0x0000, 0x0000, 0x0000, 0x0000, 0x0000, 0x0000, 0x0000, 0x0000, 0x0000, 0x0000, 0x0000, 0x0000, 0x0000, 0x0000,
  0x0000, 0x4521, 0xA631, 0x0421, 0xA318, 0xE420, 0xE418, 0x0421, 0x2421, 0xC731, 0xE839, 0x8629, 0x8631, 0x8631, 0x8631, 0xE739,
  0xE739, 0x4529, 0x2421, 0x8531, 0x4429, 0xA539, 0x6852, 0xC641, 0x0000, 0x0000, 0x0000, 0x0000, 0x0000, 0x0000, 0x0000, 0x0000,
  0x0000, 0x0000, 0x0000, 0x0000, 0x0000, 0x0000, 0x0000, 0x0000, 0x0000, 0x0000, 0x0000, 0x0000, 0x0000, 0x0000, 0x0000, 0x0000,
  0x0000, 0x0000, 0x0000, 0x0000, 0x0000, 0x0000, 0x0000, 0x0000, 0x0000, 0x0000, 0x0000, 0x0000, 0x0000, 0x0000, 0x0000, 0x0000,
  0x0000, 0x0000, 0x0000, 0x0000, 0x0000, 0x0000, 0x0000, 0x0000, 0x0000, 0x0000, 0x0000, 0x0000, 0x0000, 0x0000, 0x0000, 0x0000,
  0x0000, 0x0000, 0x0000, 0x0000, 0x0000, 0x0000, 0x0000, 0x0000, 0x0000, 0x0000, 0x0000, 0x0000, 0xE641, 0x2752, 0x4429, 0x0321,
  0x6529, 0x2429, 0x8531, 0x8631, 0x8631, 0x6629, 0x8631, 0x8729, 0xE839, 0xA731, 0xE831, 0xA731, 0x2521, 0x2521, 0xE418, 0xA210,
  0xE318, 0xC739, 0xC318, 0x0000, 0x0000, 0x0000, 0x0000, 0x0000, 0x0000, 0x0000, 0x0000, 0x0000, 0x0000, 0x0000, 0x0000, 0x0000,
  0x0000, 0x0000, 0x0000, 0x0000, 0x0000, 0x0000, 0x0000, 0x0000, 0x0000, 0x0000, 0x0000, 0x0000, 0x0000, 0x0000, 0x0000, 0x0000,
  0x0000, 0x0000, 0x0000, 0x0000, 0x0000, 0x0000, 0x0000, 0x0000, 0x0000, 0x0000, 0x0000, 0x0000, 0x0000, 0x0000, 0x0000, 0x0000,
  0x0000, 0x0000, 0x0000, 0x0000, 0x0000, 0x0000, 0x0000, 0x0000, 0x0000, 0x0000, 0x0000, 0x0000, 0x0000, 0x0000, 0x0000, 0x0000,
  0x0000, 0x0000, 0x0000, 0x0000, 0x0000, 0x0000, 0x0000, 0x0000, 0x0000, 0x0000, 0x0000, 0x0000, 0x0000, 0x0000, 0x0000, 0x0000,
  0x0000, 0x0000, 0x0000, 0x0000, 0x0000, 0x0000, 0x0000, 0x0000, 0x0000, 0x0000, 0x0000, 0x0000, 0x0000, 0x0000, 0x0000, 0x0000,
  0x0000, 0x0000, 0x0000, 0x0000, 0x0000, 0x0000, 0x0000, 0x0000, 0x0000, 0x0000, 0x0000, 0x0000, 0x0000, 0x0000, 0x0000, 0x0000,
  0x0000, 0x0000, 0x0000, 0x0000, 0x0000, 0x0000, 0x0000, 0x0000, 0x0000, 0x0000, 0x0000, 0x0000, 0x0000, 0x0000, 0x0000, 0x0000,
  0x0000, 0x0000, 0x0000, 0x0000, 0x0000, 0x0000, 0x0000, 0x0000, 0x0000, 0x0000, 0x0000, 0x0000, 0x0000, 0x0000, 0x0000, 0x0000,
  0x0000, 0x0000, 0x0000, 0x0000, 0x0000, 0x0000, 0x0000, 0x0000, 0x0000, 0x0000, 0x0000, 0x0000, 0x0000, 0x0000, 0x0000, 0x0000,
  0x0000, 0x0000, 0x0000, 0x0000, 0x0000, 0x0000, 0x0000, 0x0000, 0x0000, 0x0000, 0x0000, 0x0000, 0x0000, 0x0000, 0x0000, 0x0000,
  0x0000, 0x0000, 0x0000, 0x0000, 0x0000, 0x0000, 0x0000, 0x0000, 0x0000, 0x0000, 0x0000, 0x0000, 0x0000, 0x0421, 0x2421, 0xC318,
  0xC318, 0xE318, 0x2521, 0x0421, 0x4521, 0xA729, 0x8729, 0xC831, 0xC831, 0x083A, 0xEC5A, 0x694A, 0x0842, 0x8631, 0xC318, 0x0421,
  0x2421, 0xC318, 0x2429, 0xC962, 0xE641, 0x0000, 0x0000, 0x0000, 0x0000, 0x0000, 0x0000, 0x0000, 0x0000, 0x0000, 0x0000, 0x0000,
  0x0000, 0x0000, 0x0000, 0x0000, 0x0000, 0x0000, 0x0000, 0x0000, 0x0000, 0x0000, 0x0000, 0x0000, 0x0000, 0x0000, 0x0000, 0x0000,
  0x0000, 0x0000, 0x0000, 0x0000, 0x0000, 0x0000, 0x0000, 0x0000, 0x0000, 0x0000, 0x0000, 0x0000, 0x0000, 0x0000, 0x0000, 0x0000,
  0x0000, 0x0000, 0x0000, 0x0000, 0x0000, 0x0000, 0x0000, 0x0000, 0x0000, 0x0000, 0x0000, 0x0000, 0x0000, 0x0000, 0x0000, 0x0000,
  0x0000, 0x0000, 0x0000, 0x0000, 0x0000, 0x0000, 0x0000, 0x064A, 0xA962, 0x6531, 0x6529, 0x8531, 0x8631, 0xA639, 0x0842, 0x694A,
  0x8A4A, 0xCC52, 0xCB52, 0x8A42, 0xE831, 0xE839, 0x4621, 0x4629, 0x4529, 0x4521, 0x0421, 0xA218, 0xC318, 0xC739, 0xA210, 0x0000,
  0x0000, 0x0000, 0x0000, 0x0000, 0x0000, 0x0000, 0x0000, 0x0000, 0x0000, 0x0000, 0x0000, 0x0000, 0x0000, 0x0000, 0x0000, 0x0000,
  0x0000, 0x0000, 0x0000, 0x0000, 0x0000, 0x0000, 0x0000, 0x0000, 0x0000, 0x0000, 0x0000, 0x0000, 0x0000, 0x0000, 0x0000, 0x0000,
  0x0000, 0x0000, 0x0000, 0x0000, 0x0000, 0x0000, 0x0000, 0x0000, 0x0000, 0x0000, 0x0000, 0x0000, 0x0000, 0x0000, 0x0000, 0x0000,
  0x0000, 0x0000, 0x0000, 0x0000, 0x0000, 0x0000, 0x0000, 0x0000, 0x0000, 0x0000, 0x0000, 0x0000, 0x0000, 0x0000, 0x0000, 0x0000,
  0x0000, 0x0000, 0x0000, 0x0000, 0x0000, 0x0000, 0x0000, 0x0000, 0x0000, 0x0000, 0x0000, 0x0000, 0x0000, 0x0000, 0x0000, 0x0000,
  0x0000, 0x0000, 0x0000, 0x0000, 0x0000, 0x0000, 0x0000, 0x0000, 0x0000, 0x0000, 0x0000, 0x0000, 0x0000, 0x0000, 0x0000, 0x0000,
  0x0000, 0x0000, 0x0000, 0x0000, 0x0000, 0x0000, 0x0000, 0x0000, 0x0000, 0x0000, 0x0000, 0x0000, 0x0000, 0x0000, 0x0000, 0x0000,
  0x0000, 0x0000, 0x0000, 0x0000, 0x0000, 0x0000, 0x0000, 0x0000, 0x0000, 0x0000, 0x0000, 0x0000, 0x0000, 0x0000, 0x0000, 0x0000,
  0x0000, 0x0000, 0x0000, 0x0000, 0x0000, 0x0000, 0x0000, 0x0000, 0x0000, 0x0000, 0x0000, 0x0000, 0x0000, 0x0000, 0x0000, 0x0000,
  0x0000, 0x0000, 0x0000, 0x0000, 0x0000, 0x0000, 0x0000, 0x0000, 0x0000, 0x0000, 0x0000, 0x0000, 0x0000, 0x0000, 0x0000, 0x0000,
  0x0000, 0x0000, 0x0000, 0x0000, 0x0000, 0x0000, 0x0000, 0x0000, 0x0000, 0x0000, 0x0000, 0x0000, 0x0000, 0x0000, 0x0000, 0x0000,
  0x0000, 0x0000, 0x0000, 0x0000, 0x0000, 0x0000, 0x0000, 0x0000, 0x0000, 0x0421, 0x8631, 0xA318, 0x8210, 0x0421, 0x2521, 0x2521,
  0xC731, 0x6A42, 0xEC52, 0x8E63, 0x517C, 0x928C, 0xF07B, 0x4D63, 0xCB5A, 0xE739, 0x8631, 0x6529, 0x6529, 0x2429, 0x8531, 0xA531,
  0xC962, 0x4852, 0x0000, 0x8308, 0x6208, 0x0000, 0x0000, 0x6208, 0xC410, 0xE410, 0xC410, 0x0000, 0x0000, 0x0000, 0x0000, 0x0000,
  0x0000, 0x0000, 0x0000, 0x0000, 0x0000, 0x0000, 0x0000, 0x0000, 0x0000, 0x0000, 0x0000, 0x0000, 0x0000, 0x0000, 0x0000, 0x0000,
  0x0000, 0x0000, 0x0000, 0x0000, 0x0000, 0x0000, 0x0000, 0x0000, 0x0000, 0x0000, 0x0000, 0x0000, 0x0000, 0x0000, 0x0000, 0x0000,
  0x0000, 0x0000, 0x0000, 0x0000, 0x0000, 0x0000, 0x0000, 0x0000, 0x0000, 0xC410, 0xC310, 0x0519, 0x0000, 0x0000, 0x0000, 0x0000,
  0xA310, 0x0000, 0x074A, 0x2A73, 0x4429, 0xE318, 0xE320, 0x2429, 0x4529, 0xC739, 0x694A, 0xAA52, 0x0C5B, 0x4D63, 0x107C, 0x9284,
  0x937C, 0xEC4A, 0x6A42, 0x8629, 0x2521, 0x6629, 0x2529, 0xC318, 0xE318, 0xA631, 0xA210, 0x0000, 0x0000, 0x0000, 0x0000, 0x0000,
  0x0000, 0x0000, 0x0000, 0x0000, 0x0000, 0x0000, 0x0000, 0x0000, 0x0000, 0x0000, 0x0000, 0x0000, 0x0000, 0x0000, 0x0000, 0x0000,
  0x0000, 0x0000, 0x0000, 0x0000, 0x0000, 0x0000, 0x0000, 0x0000, 0x0000, 0x0000, 0x0000, 0x0000, 0x0000, 0x0000, 0x0000, 0x0000,
  0x0000, 0x0000, 0x0000, 0x0000, 0x0000, 0x0000, 0x0000, 0x0000, 0x0000, 0x0000, 0x0000, 0x0000, 0x0000, 0x0000, 0x0000, 0x0000,
  0x0000, 0x0000, 0x0000, 0x0000, 0x0000, 0x0000, 0x0000, 0x0000, 0x0000, 0x0000, 0x0000, 0x0000, 0x0000, 0x0000, 0x0000, 0x0000,
  0x0000, 0x0000, 0x0000, 0x0000, 0x0000, 0x0000, 0x0000, 0x0000, 0x0000, 0x0000, 0x0000, 0x0000, 0x0000, 0x0000, 0x0000, 0x0000,
  0x0000, 0x0000, 0x0000, 0x0000, 0x0000, 0x0000, 0x0000, 0x0000, 0x0000, 0x0000, 0x0000, 0x0000, 0x0000, 0x0000, 0x0000, 0x0000,
  0x0000, 0x0000, 0x0000, 0x0000, 0x0000, 0x0000, 0x0000, 0x0000, 0x0000, 0x0000, 0x0000, 0x0000, 0x0000, 0x0000, 0x0000, 0x0000,
  0x0000, 0x0000, 0x0000, 0x0000, 0x0000, 0x0000, 0x0000, 0x0000, 0x0000, 0x0000, 0x0000, 0x0000, 0x0000, 0x0000, 0x0000, 0x0000,
  0x0000, 0x0000, 0x0000, 0x0000, 0x0000, 0x0000, 0x0000, 0x0000, 0x0000, 0x0000, 0x0000, 0x0000, 0x0000, 0x0000, 0x0000, 0x0000,
  0x0000, 0x0000, 0x0000, 0x0000, 0x0000, 0x0000, 0x0000, 0x0000, 0x0000, 0x0000, 0x0000, 0x0000, 0x0000, 0x0000, 0x0000, 0x0000,
  0x0000, 0x0000, 0x0000, 0x0000, 0x0000, 0x0000, 0x0000, 0x0000, 0x0000, 0x0000, 0x0000, 0x0000, 0x0000, 0x0000, 0x0000, 0x0000,
  0x0000, 0x0000, 0x0000, 0x0000, 0x0000, 0x4521, 0xA631, 0xA218, 0xC318, 0x4529, 0x4529, 0x2521, 0xA731, 0x293A, 0xAB4A, 0x4D63,
  0xCB52, 0x2942, 0x8A4A, 0xAB52, 0x694A, 0xE739, 0xC739, 0x6531, 0xE739, 0x4529, 0x0421, 0xC318, 0x6531, 0xEA62, 0x4852, 0x0000,
  0xA310, 0xE410, 0x0519, 0x4619, 0xE831, 0x083A, 0x093A, 0x8729, 0x0000, 0x0000, 0x0000, 0x0000, 0x0000, 0x0000, 0x0000, 0x0000,
  0x0000, 0x0000, 0x0000, 0x0000, 0x0000, 0x0000, 0x0000, 0x0000, 0x0000, 0x0000, 0x0000, 0x0000, 0x0000, 0x0000, 0x0000, 0x0000,
  0x0000, 0x0000, 0x0000, 0x0000, 0x0000, 0x0000, 0x0000, 0x0000, 0x0000, 0x0000, 0x0000, 0x0000, 0x0000, 0x0000, 0x0000, 0x0000,
  0x8208, 0x0000, 0xC410, 0x2519, 0xC829, 0xE831, 0xE831, 0xE831, 0x0519, 0xA310, 0xA310, 0x8208, 0x0000, 0x0742, 0xC962, 0x6531,
  0xE318, 0x8631, 0x2429, 0x4529, 0xA631, 0xC739, 0xE839, 0x2942, 0x4942, 0x4942, 0x2942, 0x293A, 0xEC52, 0x6E63, 0xAB4A, 0x8B42,
  0xE839, 0xE839, 0x8731, 0xE320, 0xC318, 0xA631, 0xA310, 0x0000, 0x0000, 0x0000, 0x0000, 0x0000, 0x0000, 0x0000, 0x0000, 0x0000,
  0x0000, 0x0000, 0x0000, 0x0000, 0x0000, 0x0000, 0x0000, 0x0000, 0x0000, 0x0000, 0x0000, 0x0000, 0x0000, 0x0000, 0x0000, 0x0000,
  0x0000, 0x0000, 0x0000, 0x0000, 0x0000, 0x0000, 0x0000, 0x0000, 0x0000, 0x0000, 0x0000, 0x0000, 0x0000, 0x0000, 0x0000, 0x0000,
  0x0000, 0x0000, 0x0000, 0x0000, 0x0000, 0x0000, 0x0000, 0x0000, 0x0000, 0x0000, 0x0000, 0x0000, 0x0000, 0x0000, 0x0000, 0x0000,
  0x0000, 0x0000, 0x0000, 0x0000, 0x0000, 0x0000, 0x0000, 0x0000, 0x0000, 0x0000, 0x0000, 0x0000, 0x0000, 0x0000, 0x0000, 0x0000,
  0x0000, 0x0000, 0x0000, 0x0000, 0x0000, 0x0000, 0x0000, 0x0000, 0x0000, 0x0000, 0x0000, 0x0000, 0x0000, 0x0000, 0x0000, 0x0000,
  0x0000, 0x0000, 0x0000, 0x0000, 0x0000, 0x0000, 0x0000, 0x0000, 0x0000, 0x0000, 0x0000, 0x0000, 0x0000, 0x0000, 0x0000, 0x0000,
  0x0000, 0x0000, 0x0000, 0x0000, 0x0000, 0x0000, 0x0000, 0x0000, 0x0000, 0x0000, 0x0000, 0x0000, 0x0000, 0x0000, 0x0000, 0x0000,
  0x0000, 0x0000, 0x0000, 0x0000, 0x0000, 0x0000, 0x0000, 0x0000, 0x0000, 0x0000, 0x0000, 0x0000, 0x0000, 0x0000, 0x0000, 0x0000,
  0x0000, 0x0000, 0x0000, 0x0000, 0x0000, 0x0000, 0x0000, 0x0000, 0x0000, 0x0000, 0x0000, 0x0000, 0x0000, 0x0000, 0x0000, 0x0000,
  0x0000, 0x0000, 0x0000, 0x0000, 0x0000, 0x0000, 0x0000, 0x0000, 0x0000, 0x0000, 0x0000, 0x0000, 0x0000, 0x0000, 0x0000, 0x0000,
  0x0000, 0x0000, 0x0000, 0x0000, 0x0000, 0x0000, 0x0000, 0x0000, 0x0000, 0x0000, 0x0000, 0x0000, 0x0000, 0x0000, 0x0000, 0x0000,
  0x0000, 0x4529, 0x6529, 0xA210, 0xC318, 0x8631, 0xC739, 0xC731, 0xC731, 0xC731, 0xE839, 0xE831, 0x6B42, 0xD06B, 0xF073, 0x0C5B,
  0x4942, 0xA731, 0xA631, 0xE741, 0xC739, 0xC739, 0xA631, 0x0421, 0xA210, 0xE741, 0x2B6B, 0x6852, 0x0000, 0x6208, 0x2519, 0xE839,
  0xE839, 0xC839, 0x093A, 0x4942, 0x6621, 0x6621, 0x6621, 0x4621, 0xA408, 0xC408, 0x0000, 0x0000, 0x0000, 0x0000, 0x0000, 0x6208,
  0x0000, 0x6200, 0x6200, 0x8308, 0x0000, 0x0000, 0x0000, 0x0000, 0x0000, 0x0000, 0x6208, 0x0000, 0x0000, 0x0000, 0x0000, 0x0000,
  0x0000, 0x0000, 0x0000, 0x0000, 0xA308, 0x8308, 0x0000, 0x0000, 0x0000, 0x0000, 0x0000, 0x8308, 0xA729, 0x8729, 0x093A, 0x093A,
  0xAB4A, 0x293A, 0x8729, 0xA731, 0xA729, 0x0519, 0x8208, 0x0000, 0xC639, 0x0A6B, 0x4429, 0x0421, 0x2429, 0x8531, 0x2842, 0xEB5A,
  0x2C63, 0x0C63, 0x2D63, 0xCF73, 0x8E6B, 0x4D63, 0x8F63, 0x6E63, 0xAB4A, 0x4A42, 0x293A, 0x4A3A, 0x093A, 0xC739, 0x6631, 0xC318,
  0xE420, 0xC739, 0xA210, 0x0000, 0x0000, 0x0000, 0x0000, 0x0000, 0x0000, 0x0000, 0x0000, 0x0000, 0x0000, 0x0000, 0x0000, 0x0000,
  0x0000, 0x0000, 0x0000, 0x0000, 0x0000, 0x0000, 0x0000, 0x0000, 0x0000, 0x0000, 0x0000, 0x0000, 0x0000, 0x0000, 0x0000, 0x0000,
  0x0000, 0x0000, 0x0000, 0x0000, 0x0000, 0x0000, 0x0000, 0x0000, 0x0000, 0x0000, 0x0000, 0x0000, 0x0000, 0x0000, 0x0000, 0x0000,
  0x0000, 0x0000, 0x0000, 0x0000, 0x0000, 0x0000, 0x0000, 0x0000, 0x0000, 0x0000, 0x0000, 0x0000, 0x0000, 0x0000, 0x0000, 0x0000,
  0x0000, 0x0000, 0x0000, 0x0000, 0x0000, 0x0000, 0x0000, 0x0000, 0x0000, 0x0000, 0x0000, 0x0000, 0x0000, 0x0000, 0x0000, 0x0000,
  0x0000, 0x0000, 0x0000, 0x0000, 0x0000, 0x0000, 0x0000, 0x0000, 0x0000, 0x0000, 0x0000, 0x0000, 0x0000, 0x0000, 0x0000, 0x0000,
  0x0000, 0x0000, 0x0000, 0x0000, 0x0000, 0x0000, 0x0000, 0x0000, 0x0000, 0x0000, 0x0000, 0x0000, 0x0000, 0x0000, 0x0000, 0x0000,
  0x0000, 0x0000, 0x0000, 0x0000, 0x0000, 0x0000, 0x0000, 0x0000, 0x0000, 0x0000, 0x0000, 0x0000, 0x0000, 0x0000, 0x0000, 0x0000,
  0x0000, 0x0000, 0x0000, 0x0000, 0x0000, 0x0000, 0x0000, 0x0000, 0x0000, 0x0000, 0x0000, 0x0000, 0x0000, 0x0000, 0x0000, 0x0000,
  0x0000, 0x0000, 0x0000, 0x0000, 0x0000, 0x0000, 0x0000, 0x0000, 0x0000, 0x0000, 0x0000, 0x0000, 0x0000, 0x0000, 0x0000, 0x0000,
  0x0000, 0x0000, 0x0000, 0x0000, 0x0000, 0x0000, 0x0000, 0x0000, 0x0000, 0x0000, 0x0000, 0x0000, 0x0000, 0x0000, 0x0000, 0x0000,
  0x0000, 0x0000, 0x0000, 0x0000, 0x0000, 0x0000, 0x0000, 0x0000, 0x0000, 0x0000, 0x0000, 0x0000, 0x0000, 0xE418, 0x8631, 0xC318,
  0xA318, 0x8631, 0xA731, 0x0421, 0x2521, 0xC831, 0x0932, 0x0D53, 0x9284, 0xF073, 0x0D5B, 0x4942, 0xAB4A, 0xEC5A, 0x6A4A, 0xE739,
  0xE739, 0x0742, 0xC639, 0xA639, 0x2421, 0xC318, 0x8531, 0x0B6B, 0x2742, 0x0000, 0x0000, 0xC310, 0x2521, 0xE420, 0x6629, 0xC839,
  0x083A, 0x4942, 0x6A4A, 0x493A, 0xA829, 0x6721, 0xA308, 0x6308, 0x6200, 0x6200, 0xC410, 0x2519, 0xE510, 0x4619, 0x4619, 0x2519,
  0x8308, 0x0000, 0x6200, 0xA308, 0x6308, 0x0519, 0x0519, 0xC410, 0xE410, 0x8308, 0x6208, 0x6308, 0xA308, 0x8308, 0xE410, 0x2519,
  0x6721, 0x8721, 0xE410, 0xA308, 0x4200, 0x8308, 0x4619, 0xC831, 0x2A3A, 0xE831, 0x093A, 0x083A, 0x2942, 0xA731, 0xC310, 0x2521,
  0xA310, 0x0000, 0x0000, 0xA639, 0x2B6B, 0x6531, 0xE318, 0x4529, 0x8531, 0xE739, 0x694A, 0xAA52, 0x8A52, 0x2C63, 0x8E6B, 0x8E6B,
  0xCF73, 0x107C, 0xD06B, 0x8F63, 0xD06B, 0x4E5B, 0xAC4A, 0xA731, 0xA731, 0xE839, 0x8631, 0x0421, 0x2429, 0x0842, 0xA310, 0x0000,
  0x0000, 0x0000, 0x0000, 0x0000, 0x0000, 0x0000, 0x0000, 0x0000, 0x0000, 0x0000, 0x0000, 0x0000, 0x0000, 0x0000, 0x0000, 0x0000,
  0x0000, 0x0000, 0x0000, 0x0000, 0x0000, 0x0000, 0x0000, 0x0000, 0x0000, 0x0000, 0x0000, 0x0000, 0x0000, 0x0000, 0x0000, 0x0000,
  0x0000, 0x0000, 0x0000, 0x0000, 0x0000, 0x0000, 0x0000, 0x0000, 0x0000, 0x0000, 0x0000, 0x0000, 0x0000, 0x0000, 0x0000, 0x0000,
  0x0000, 0x0000, 0x0000, 0x0000, 0x0000, 0x0000, 0x0000, 0x0000, 0x0000, 0x0000, 0x0000, 0x0000, 0x0000, 0x0000, 0x0000, 0x0000,
  0x0000, 0x0000, 0x0000, 0x0000, 0x0000, 0x0000, 0x0000, 0x0000, 0x0000, 0x0000, 0x0000, 0x0000, 0x0000, 0x0000, 0x0000, 0x0000,
  0x0000, 0x0000, 0x0000, 0x0000, 0x0000, 0x0000, 0x0000, 0x0000, 0x0000, 0x0000, 0x0000, 0x0000, 0x0000, 0x0000, 0x0000, 0x0000,
  0x0000, 0x0000, 0x0000, 0x0000, 0x0000, 0x0000, 0x0000, 0x0000, 0x0000, 0x0000, 0x0000, 0x0000, 0x0000, 0x0000, 0x0000, 0x0000,
  0x0000, 0x0000, 0x0000, 0x0000, 0x0000, 0x0000, 0x0000, 0x0000, 0x0000, 0x0000, 0x0000, 0x0000, 0x0000, 0x0000, 0x0000, 0x0000,
  0x0000, 0x0000, 0x0000, 0x0000, 0x0000, 0x0000, 0x0000, 0x0000, 0x0000, 0x0000, 0x0000, 0x0000, 0x0000, 0x0000, 0x0000, 0x0000,
  0x0000, 0x0000, 0x0000, 0x0000, 0x0000, 0x0000, 0x0000, 0x0000, 0x0000, 0x0000, 0x0000, 0x0000, 0x0000, 0x0000, 0x0000, 0x0000,
  0x0000, 0x0000, 0x0000, 0x0000, 0x0000, 0x0000, 0x0000, 0x0000, 0x0000, 0x0000, 0x0000, 0x0000, 0x0000, 0x0000, 0x0000, 0x0000,
  0x0000, 0x0000, 0x0000, 0x0000, 0x0000, 0x0000, 0x0000, 0x0000, 0x0000, 0x0519, 0x8629, 0xC318, 0xE420, 0x8631, 0xA731, 0x4521,
  0xA731, 0x8B42, 0x8F63, 0x9284, 0xAF6B, 0x8B42, 0xCC4A, 0x8F6B, 0x107C, 0x6A4A, 0xC739, 0x2842, 0x0842, 0x284A, 0xE739, 0x6531,
  0xC639, 0xE318, 0xA210, 0x8531, 0xAD7B, 0x684A, 0x0000, 0x0000, 0x8210, 0xA310, 0xE418, 0xA731, 0xE831, 0x6A42, 0xE839, 0x093A,
  0xA729, 0xC829, 0xA829, 0x6621, 0x6621, 0x4619, 0xA829, 0xE831, 0xA729, 0xE829, 0xC829, 0xA721, 0xA721, 0x6621, 0x6621, 0x6621,
  0x2619, 0xA829, 0xC829, 0x6721, 0xA729, 0x8721, 0x6621, 0xC829, 0x6621, 0x2519, 0xE831, 0xE829, 0xA829, 0xA729, 0x6621, 0xC829,
  0x6721, 0x6621, 0x0932, 0xE831, 0x093A, 0xE831, 0x8629, 0x4521, 0xC739, 0xC418, 0x8210, 0xC418, 0x0000, 0x0000, 0x284A, 0x4B73,
  0xA539, 0x0321, 0x0000, 0xC318, 0x6531, 0x284A, 0x8A4A, 0xEC5A, 0xCB52, 0x2942, 0xC739, 0x2942, 0xAB52, 0x4D5B, 0xAF6B, 0xD06B,
  0x8F63, 0xD06B, 0xED4A, 0xE831, 0x8731, 0xE841, 0x8639, 0x0421, 0x0321, 0xC739, 0xA310, 0x0000, 0x0000, 0x0000, 0x0000, 0x0000,
  0x0000, 0x0000, 0x0000, 0x0000, 0x0000, 0x0000, 0x0000, 0x0000, 0x0000, 0x0000, 0x0000, 0x0000, 0x0000, 0x0000, 0x0000, 0x0000,
  0x0000, 0x0000, 0x0000, 0x0000, 0x0000, 0x0000, 0x0000, 0x0000, 0x0000, 0x0000, 0x0000, 0x0000, 0x0000, 0x0000, 0x0000, 0x0000,
  0x0000, 0x0000, 0x0000, 0x0000, 0x0000, 0x0000, 0x0000, 0x0000, 0x0000, 0x0000, 0x0000, 0x0000, 0x0000, 0x0000, 0x0000, 0x0000,
  0x0000, 0x0000, 0x0000, 0x0000, 0x0000, 0x0000, 0x0000, 0x0000, 0x0000, 0x0000, 0x0000, 0x0000, 0x0000, 0x0000, 0x0000, 0x0000,
  0x0000, 0x0000, 0x0000, 0x0000, 0x0000, 0x0000, 0x0000, 0x0000, 0x0000, 0x0000, 0x0000, 0x0000, 0x0000, 0x0000, 0x0000, 0x0000,
  0x0000, 0x0000, 0x0000, 0x0000, 0x0000, 0x0000, 0x0000, 0x0000, 0x0000, 0x0000, 0x0000, 0x0000, 0x0000, 0x0000, 0x0000, 0x0000,
  0x0000, 0x0000, 0x0000, 0x0000, 0x0000, 0x0000, 0x0000, 0x0000, 0x0000, 0x0000, 0x0000, 0x0000, 0x0000, 0x0000, 0x0000, 0x0000,
  0x0000, 0x0000, 0x0000, 0x0000, 0x0000, 0x0000, 0x0000, 0x0000, 0x0000, 0x0000, 0x0000, 0x0000, 0x0000, 0x0000, 0x0000, 0x0000,
  0x0000, 0x0000, 0x0000, 0x0000, 0x0000, 0x0000, 0x0000, 0x0000, 0x0000, 0x0000, 0x0000, 0x0000, 0x0000, 0x0000, 0x0000, 0x0000,
  0x0000, 0x0000, 0x0000, 0x0000, 0x0000, 0x0000, 0x0000, 0x0000, 0x0000, 0x0000, 0x0000, 0x0000, 0x0000, 0x0000, 0x0000, 0x0000,
  0x0000, 0x0000, 0x0000, 0x0000, 0x0000, 0x0000, 0x0000, 0x0000, 0x0000, 0x0000, 0x0000, 0x0000, 0x0000, 0x0000, 0x0000, 0x0000,
  0x0000, 0x0000, 0x0000, 0x0000, 0x0000, 0x2519, 0xE839, 0x4529, 0xA631, 0x0942, 0x4942, 0x6A42, 0x0D53, 0xD06B, 0x527C, 0xCC4A,
  0x4A3A, 0xAF63, 0x3174, 0xD073, 0x0C53, 0x2D63, 0x7184, 0xCF73, 0x6D6B, 0x4D6B, 0x6952, 0x484A, 0x2429, 0xA210, 0xC318, 0x0421,
  0xA631, 0xAD7B, 0x2842, 0x0000, 0x0000, 0x0000, 0xA210, 0x8631, 0x8631, 0xC731, 0x8629, 0x6629, 0x4621, 0x6721, 0xC829, 0x6721,
  0xE829, 0xE829, 0xC829, 0xE831, 0xC829, 0x0932, 0xA829, 0xA721, 0xE831, 0xA721, 0x6621, 0x8721, 0xA721, 0x2519, 0xC829, 0xA729,
  0x8721, 0x8721, 0x6621, 0xA829, 0xA729, 0x8721, 0x0932, 0xE831, 0xC829, 0xA829, 0x6621, 0xE931, 0xC829, 0xA729, 0xC829, 0xA729,
  0xC731, 0xA731, 0x6629, 0x2521, 0x0421, 0x8210, 0x0000, 0x8210, 0x0000, 0x8531, 0xAD7B, 0x0742, 0x4429, 0x0321, 0xC318, 0x6529,
  0x694A, 0x0B63, 0x6E6B, 0xCB52, 0x2D63, 0xAF6B, 0x2D5B, 0xEC52, 0xAB4A, 0x8B4A, 0xEC52, 0x6E5B, 0xD06B, 0x5274, 0x5274, 0xCC4A,
  0x0842, 0x0842, 0xA639, 0x4531, 0x6529, 0xE739, 0x0000, 0x0000, 0x0000, 0x0000, 0x0000, 0x0000, 0x0000, 0x0000, 0x0000, 0x0000,
  0x0000, 0x0000, 0x0000, 0x0000, 0x0000, 0x0000, 0x0000, 0x0000, 0x0000, 0x0000, 0x0000, 0x0000, 0x0000, 0x0000, 0x0000, 0x0000,
  0x0000, 0x0000, 0x0000, 0x0000, 0x0000, 0x0000, 0x0000, 0x0000, 0x0000, 0x0000, 0x0000, 0x0000, 0x0000, 0x0000, 0x0000, 0x0000,
  0x0000, 0x0000, 0x0000, 0x0000, 0x0000, 0x0000, 0x0000, 0x0000, 0x0000, 0x0000, 0x0000, 0x0000, 0x0000, 0x0000, 0x0000, 0x0000,
  0x0000, 0x0000, 0x0000, 0x0000, 0x0000, 0x0000, 0x0000, 0x0000, 0x0000, 0x0000, 0x0000, 0x0000, 0x0000, 0x0000, 0x0000, 0x0000,
  0x0000, 0x0000, 0x0000, 0x0000, 0x0000, 0x0000, 0x0000, 0x0000, 0x0000, 0x0000, 0x0000, 0x0000, 0x0000, 0x0000, 0x0000, 0x0000,
  0x0000, 0x0000, 0x0000, 0x0000, 0x0000, 0x0000, 0x0000, 0x0000, 0x0000, 0x0000, 0x0000, 0x0000, 0x0000, 0x0000, 0x0000, 0x0000,
  0x0000, 0x0000, 0x0000, 0x0000, 0x0000, 0x0000, 0x0000, 0x0000, 0x0000, 0x0000, 0x0000, 0x0000, 0x0000, 0x0000, 0x0000, 0x0000,
  0x0000, 0x0000, 0x0000, 0x0000, 0x0000, 0x0000, 0x0000, 0x0000, 0x0000, 0x0000, 0x0000, 0x0000, 0x0000, 0x0000, 0x0000, 0x0000,
  0x0000, 0x0000, 0x0000, 0x0000, 0x0000, 0x0000, 0x0000, 0x0000, 0x0000, 0x0000, 0x0000, 0x0000, 0x0000, 0x0000, 0x0000, 0x0000,
  0x0000, 0x0000, 0x0000, 0x0000, 0x0000, 0x0000, 0x0000, 0x0000, 0x0000, 0x0000, 0x0000, 0x0000, 0x0000, 0x0000, 0x0000, 0x0000,
  0x0000, 0x0000, 0x0000, 0x0000, 0x0000, 0x0000, 0x0000, 0x0000, 0x0000, 0x0000, 0x0000, 0x0000, 0x0000, 0x0000, 0x0000, 0x0000,
  0x0000, 0x8208, 0xA731, 0x2421, 0x2529, 0xC739, 0x2942, 0x4A42, 0xAB4A, 0x6E63, 0x093A, 0x8B42, 0xAF63, 0xAF6B, 0x8F63, 0x6E63,
  0xD06B, 0xF073, 0xF07B, 0x0C5B, 0x6A4A, 0x0842, 0xA631, 0xA631, 0xE739, 0x2421, 0x2421, 0xE318, 0x2421, 0xC639, 0xCE7B, 0xC739,
  0x0000, 0x0000, 0xA210, 0xA210, 0x0421, 0x2521, 0xE418, 0xE418, 0x0419, 0xE418, 0x0519, 0x0519, 0xC829, 0xE831, 0xA721, 0xA829,
  0xC829, 0x0932, 0xA829, 0xA729, 0xE829, 0x6621, 0x0519, 0xA729, 0x8721, 0xE410, 0x8721, 0xC829, 0x6621, 0xA729, 0xA729, 0x4619,
  0xA829, 0xC829, 0x8721, 0xC829, 0xE831, 0x6721, 0x4621, 0x8721, 0xE410, 0xE410, 0x8729, 0x4621, 0x4521, 0x0521, 0xE418, 0x6629,
  0xE418, 0x0000, 0x0000, 0x0000, 0x6529, 0xAD7B, 0x484A, 0x2429, 0xE318, 0xC318, 0x6529, 0xC639, 0xC739, 0x2842, 0x8A52, 0x2D63,
  0x6E6B, 0x8E6B, 0xAF6B, 0xCF6B, 0x1174, 0x8F63, 0x4E5B, 0xCC4A, 0x0D53, 0x6F5B, 0xF173, 0x727C, 0x0D5B, 0x294A, 0xC741, 0x2429,
  0x8631, 0xA631, 0x0000, 0x0000, 0x0000, 0x0000, 0x0000, 0x0000, 0x0000, 0x0000, 0x0000, 0x0000, 0x0000, 0x0000, 0x0000, 0x0000,
  0x0000, 0x0000, 0x0000, 0x0000, 0x0000, 0x0000, 0x0000, 0x0000, 0x0000, 0x0000, 0x0000, 0x0000, 0x0000, 0x0000, 0x0000, 0x0000,
  0x0000, 0x0000, 0x0000, 0x0000, 0x0000, 0x0000, 0x0000, 0x0000, 0x0000, 0x0000, 0x0000, 0x0000, 0x0000, 0x0000, 0x0000, 0x0000,
  0x0000, 0x0000, 0x0000, 0x0000, 0x0000, 0x0000, 0x0000, 0x0000, 0x0000, 0x0000, 0x0000, 0x0000, 0x0000, 0x0000, 0x0000, 0x0000,
  0x0000, 0x0000, 0x0000, 0x0000, 0x0000, 0x0000, 0x0000, 0x0000, 0x0000, 0x0000, 0x0000, 0x0000, 0x0000, 0x0000, 0x0000, 0x0000,
  0x0000, 0x0000, 0x0000, 0x0000, 0x0000, 0x0000, 0x0000, 0x0000, 0x0000, 0x0000, 0x0000, 0x0000, 0x0000, 0x0000, 0x0000, 0x0000,
  0x0000, 0x0000, 0x0000, 0x0000, 0x0000, 0x0000, 0x0000, 0x0000, 0x0000, 0x0000, 0x0000, 0x0000, 0x0000, 0x0000, 0x0000, 0x0000,
  0x0000, 0x0000, 0x0000, 0x0000, 0x0000, 0x0000, 0x0000, 0x0000, 0x0000, 0x0000, 0x0000, 0x0000, 0x0000, 0x0000, 0x0000, 0x0000,
  0x0000, 0x0000, 0x0000, 0x0000, 0x0000, 0x0000, 0x0000, 0x0000, 0x0000, 0x0000, 0x0000, 0x0000, 0x0000, 0x0000, 0x0000, 0x0000,
  0x0000, 0x0000, 0x0000, 0x0000, 0x0000, 0x0000, 0x0000, 0x0000, 0x0000, 0x0000, 0x0000, 0x0000, 0x0000, 0x0000, 0x0000, 0x0000,
  0x0000, 0x0000, 0x0000, 0x0000, 0x0000, 0x0000, 0x0000, 0x0000, 0x0000, 0x0000, 0x0000, 0x0000, 0x0000, 0x0000, 0x0000, 0x0000,
  0x0000, 0x0000, 0x0000, 0x0000, 0x0000, 0x0000, 0x0000, 0x0000, 0x0000, 0x0000, 0x0000, 0x0000, 0x0000, 0x0000, 0xA731, 0x6529,
  0x2529, 0x0842, 0xAB5A, 0xEC5A, 0xEC5A, 0x293A, 0x0C53, 0xCF6B, 0x0C53, 0xEC52, 0xCC4A, 0xED52, 0x8F63, 0xEC52, 0x6A42, 0xAB4A,
  0x4A42, 0xE839, 0xC739, 0x0421, 0x2421, 0xE739, 0x2421, 0xA310, 0xC639, 0x2429, 0x0742, 0x0F84, 0x6529, 0x0000, 0x0000, 0x0000,
  0x2421, 0x0419, 0xC318, 0x0000, 0x8210, 0xA210, 0xE418, 0xC410, 0x4619, 0xA721, 0x8721, 0xC829, 0xC829, 0xA829, 0xE829, 0xE831,
  0x0932, 0x293A, 0xA829, 0xE831, 0x8721, 0x0511, 0xA729, 0xC829, 0xC829, 0xE931, 0xE831, 0xA729, 0xC829, 0xE931, 0xA721, 0xC829,
  0xA829, 0x4619, 0x8721, 0xE410, 0x8308, 0xA308, 0x0419, 0x8210, 0x2521, 0x2521, 0xA310, 0xE318, 0x0000, 0x0000, 0x0000, 0x8631,
  0x7094, 0x8952, 0x4429, 0x8531, 0xA210, 0x0321, 0x2429, 0x8631, 0x494A, 0x4C6B, 0x4C63, 0x0C63, 0x2D63, 0x4D63, 0xAB4A, 0x8A4A,
  0x6A42, 0x4E5B, 0x1174, 0x727C, 0x3174, 0xF16B, 0xF06B, 0xF48C, 0x1595, 0x2D63, 0xA639, 0x0429, 0x4529, 0x4529, 0x0000, 0x0000,
  0x0000, 0x0000, 0x0000, 0x0000, 0x0000, 0x0000, 0x0000, 0x0000, 0x0000, 0x0000, 0x0000, 0x0000, 0x0000, 0x0000, 0x0000, 0x0000,
  0x0000, 0x0000, 0x0000, 0x0000, 0x0000, 0x0000, 0x0000, 0x0000, 0x0000, 0x0000, 0x0000, 0x0000, 0x0000, 0x0000, 0x0000, 0x0000,
  0x0000, 0x0000, 0x0000, 0x0000, 0x0000, 0x0000, 0x0000, 0x0000, 0x0000, 0x0000, 0x0000, 0x0000, 0x0000, 0x0000, 0x0000, 0x0000,
  0x0000, 0x0000, 0x0000, 0x0000, 0x0000, 0x0000, 0x0000, 0x0000, 0x0000, 0x0000, 0x0000, 0x0000, 0x0000, 0x0000, 0x0000, 0x0000,
  0x0000, 0x0000, 0x0000, 0x0000, 0x0000, 0x0000, 0x0000, 0x0000, 0x0000, 0x0000, 0x0000, 0x0000, 0x0000, 0x0000, 0x0000, 0x0000,
  0x0000, 0x0000, 0x0000, 0x0000, 0x0000, 0x0000, 0x0000, 0x0000, 0x0000, 0x0000, 0x0000, 0x0000, 0x0000, 0x0000, 0x0000, 0x0000,
  0x0000, 0x0000, 0x0000, 0x0000, 0x0000, 0x0000, 0x0000, 0x0000, 0x0000, 0x0000, 0x0000, 0x0000, 0x0000, 0x0000, 0x0000, 0x0000,
  0x0000, 0x0000, 0x0000, 0x0000, 0x0000, 0x0000, 0x0000, 0x0000, 0x0000, 0x0000, 0x0000, 0x0000, 0x0000, 0x0000, 0x0000, 0x0000,
  0x0000, 0x0000, 0x0000, 0x0000, 0x0000, 0x0000, 0x0000, 0x0000, 0x0000, 0x0000, 0x0000, 0x0000, 0x0000, 0x0000, 0x0000, 0x0000,
  0x0000, 0x0000, 0x0000, 0x0000, 0x0000, 0x0000, 0x0000, 0x0000, 0x0000, 0x0000, 0x0000, 0x0000, 0x0000, 0x0000, 0x0000, 0x0000,
  0x0000, 0x0000, 0x0000, 0x0000, 0x0000, 0x0000, 0x0000, 0x0000, 0x0000, 0x0000, 0x0000, 0x0000, 0x0000, 0x0000, 0x0000, 0x0000,
  0x0000, 0x0000, 0x0000, 0x0000, 0x0000, 0x0000, 0x0000, 0x0000, 0x0000, 0x0000, 0x6629, 0x4529, 0x8631, 0xC639, 0x0C63, 0xCF73,
  0x2D63, 0xAF6B, 0x8F63, 0x6E63, 0x4E5B, 0x0D53, 0x2D53, 0x1174, 0xD06B, 0xAF6B, 0x317C, 0xF073, 0xCF73, 0xAF73, 0xEB5A, 0xAA52,
  0x0742, 0x6529, 0x6529, 0xA210, 0x0000, 0x6529, 0x4421, 0x484A, 0xAD73, 0xA631, 0x0000, 0x0000, 0x0000, 0x0000, 0xA210, 0x0000,
  0x0000, 0x0000, 0x0421, 0xE418, 0xC410, 0x2619, 0x4619, 0xA829, 0xC829, 0x6619, 0xA829, 0xC829, 0x6A42, 0x4A3A, 0xC829, 0xA729,
  0x4619, 0x2511, 0x6721, 0x6721, 0x8721, 0xE829, 0x0932, 0xE931, 0xC829, 0x8721, 0xA721, 0xE831, 0x6721, 0x0519, 0x2619, 0xC410,
  0x4521, 0xC318, 0xC318, 0x0000, 0x0000, 0xA310, 0x0000, 0x0000, 0x0000, 0x0000, 0x8531, 0xEE83, 0x484A, 0x0421, 0xA639, 0xA210,
  0xC318, 0xA639, 0x494A, 0xAA5A, 0x2C63, 0x694A, 0x2842, 0x8A52, 0xEC5A, 0x6E63, 0xEF73, 0xAF6B, 0xEC4A, 0x4A3A, 0x8B42, 0x6B42,
  0x6B42, 0x6B4A, 0xEC5A, 0x107C, 0xD494, 0x5284, 0x6A4A, 0xA218, 0x8631, 0xC318, 0x0000, 0x0000, 0x0000, 0x0000, 0x0000, 0x0000,
  0x0000, 0x0000, 0x0000, 0x0000, 0x0000, 0x0000, 0x0000, 0x0000, 0x0000, 0x0000, 0x0000, 0x0000, 0x0000, 0x0000, 0x0000, 0x0000,
  0x0000, 0x0000, 0x0000, 0x0000, 0x0000, 0x0000, 0x0000, 0x0000, 0x0000, 0x0000, 0x0000, 0x0000, 0x0000, 0x0000, 0x0000, 0x0000,
  0x0000, 0x0000, 0x0000, 0x0000, 0x0000, 0x0000, 0x0000, 0x0000, 0x0000, 0x0000, 0x0000, 0x0000, 0x0000, 0x0000, 0x0000, 0x0000,
  0x0000, 0x0000, 0x0000, 0x0000, 0x0000, 0x0000, 0x0000, 0x0000, 0x0000, 0x0000, 0x0000, 0x0000, 0x0000, 0x0000, 0x0000, 0x0000,
  0x0000, 0x0000, 0x0000, 0x0000, 0x0000, 0x0000, 0x0000, 0x0000, 0x0000, 0x0000, 0x0000, 0x0000, 0x0000, 0x0000, 0x0000, 0x0000,
  0x0000, 0x0000, 0x0000, 0x0000, 0x0000, 0x0000, 0x0000, 0x0000, 0x0000, 0x0000, 0x0000, 0x0000, 0x0000, 0x0000, 0x0000, 0x0000,
  0x0000, 0x0000, 0x0000, 0x0000, 0x0000, 0x0000, 0x0000, 0x0000, 0x0000, 0x0000, 0x0000, 0x0000, 0x0000, 0x0000, 0x0000, 0x0000,
  0x0000, 0x0000, 0x0000, 0x0000, 0x0000, 0x0000, 0x0000, 0x0000, 0x0000, 0x0000, 0x0000, 0x0000, 0x0000, 0x0000, 0x0000, 0x0000,
  0x0000, 0x0000, 0x0000, 0x0000, 0x0000, 0x0000, 0x0000, 0x0000, 0x0000, 0x0000, 0x0000, 0x0000, 0x0000, 0x0000, 0x0000, 0x0000,
  0x0000, 0x0000, 0x0000, 0x0000, 0x0000, 0x0000, 0x0000, 0x0000, 0x0000, 0x0000, 0x0000, 0x0000, 0x0000, 0x0000, 0x0000, 0x0000,
  0x0000, 0x0000, 0x0000, 0x0000, 0x0000, 0x0000, 0x0000, 0x0000, 0x0000, 0x0000, 0x0000, 0x0000, 0x0000, 0x0000, 0x0000, 0x0000,
  0x0000, 0x0000, 0x0000, 0x0000, 0x0000, 0x0000, 0x6521, 0x8631, 0xE320, 0xAB52, 0x6E6B, 0xCF73, 0xCF73, 0x8A4A, 0x293A, 0x0D53,
  0xCC4A, 0x0D53, 0xAC4A, 0x8B4A, 0x6E63, 0xD06B, 0xD073, 0xCF73, 0x4942, 0xA731, 0xE839, 0xA631, 0x6529, 0xE418, 0x0421, 0x8631,
  0x0000, 0xE318, 0x6529, 0x2421, 0x0742, 0x2F84, 0xE739, 0xA210, 0xC318, 0x0000, 0xA210, 0x0000, 0xA210, 0xC318, 0x0000, 0x2421,
  0x4521, 0xE410, 0x2519, 0x4619, 0x6619, 0x8721, 0x8B42, 0x2932, 0x0932, 0x0932, 0xC829, 0xA729, 0x6621, 0x4619, 0xA721, 0x8721,
  0xC829, 0xC829, 0xAB4A, 0xC829, 0xC829, 0x4A3A, 0x6A42, 0xC829, 0x6621, 0xC410, 0xA729, 0x2519, 0xA310, 0x0000, 0xC318, 0xA310,
  0x8210, 0xA310, 0xA310, 0x8210, 0xC318, 0x2421, 0x6F8C, 0xA95A, 0xE320, 0x6529, 0xE420, 0xC318, 0xE318, 0x6529, 0xA639, 0x8631,
  0x8631, 0xE739, 0x694A, 0x0C5B, 0x0C5B, 0x8A4A, 0x0D5B, 0xAF6B, 0xF06B, 0x116C, 0x2E53, 0x0932, 0xA729, 0xE839, 0x6952, 0xAA62,
  0xEC62, 0xCB52, 0x2D5B, 0x4A42, 0x2942, 0x8208, 0x0000, 0x0000, 0x0000, 0x0000, 0x0000, 0x0000, 0x0000, 0x0000, 0x0000, 0x0000,
  0x0000, 0x0000, 0x0000, 0x0000, 0x0000, 0x0000, 0x0000, 0x0000, 0x0000, 0x0000, 0x0000, 0x0000, 0x0000, 0x0000, 0x0000, 0x0000,
  0x0000, 0x0000, 0x0000, 0x0000, 0x0000, 0x0000, 0x0000, 0x0000, 0x0000, 0x0000, 0x0000, 0x0000, 0x0000, 0x0000, 0x0000, 0x0000,
  0x0000, 0x0000, 0x0000, 0x0000, 0x0000, 0x0000, 0x0000, 0x0000, 0x0000, 0x0000, 0x0000, 0x0000, 0x0000, 0x0000, 0x0000, 0x0000,
  0x0000, 0x0000, 0x0000, 0x0000, 0x0000, 0x0000, 0x0000, 0x0000, 0x0000, 0x0000, 0x0000, 0x0000, 0x0000, 0x0000, 0x0000, 0x0000,
  0x0000, 0x0000, 0x0000, 0x0000, 0x0000, 0x0000, 0x0000, 0x0000, 0x0000, 0x0000, 0x0000, 0x0000, 0x0000, 0x0000, 0x0000, 0x0000,
  0x0000, 0x0000, 0x0000, 0x0000, 0x0000, 0x0000, 0x0000, 0x0000, 0x0000, 0x0000, 0x0000, 0x0000, 0x0000, 0x0000, 0x0000, 0x0000,
  0x0000, 0x0000, 0x0000, 0x0000, 0x0000, 0x0000, 0x0000, 0x0000, 0x0000, 0x0000, 0x0000, 0x0000, 0x0000, 0x0000, 0x0000, 0x0000,
  0x0000, 0x0000, 0x0000, 0x0000, 0x0000, 0x0000, 0x0000, 0x0000, 0x0000, 0x0000, 0x0000, 0x0000, 0x0000, 0x0000, 0x0000, 0x0000,
  0x0000, 0x0000, 0x0000, 0x0000, 0x0000, 0x0000, 0x0000, 0x0000, 0x0000, 0x0000, 0x0000, 0x0000, 0x0000, 0x0000, 0x0000, 0x0000,
  0x0000, 0x0000, 0x0000, 0x0000, 0x0000, 0x0000, 0x0000, 0x0000, 0x0000, 0x0000, 0x0000, 0x0000, 0x0000, 0x0000, 0x0000, 0x0000,
  0x0000, 0x0000, 0x0000, 0x0000, 0x0000, 0x0000, 0x0000, 0x0000, 0x0000, 0x0000, 0x0000, 0x0000, 0x0000, 0x0000, 0x0000, 0x0000,
  0x0000, 0x0000, 0x0419, 0x2942, 0x6A4A, 0xAB52, 0x6952, 0x0C63, 0xEB5A, 0xEC5A, 0x0D5B, 0x093A, 0xC831, 0x4A3A, 0x0D53, 0xAF6B,
  0x2D5B, 0xAB4A, 0x4A42, 0x4A42, 0x6A42, 0x6A4A, 0xE739, 0x0842, 0x494A, 0xE739, 0x4429, 0x2421, 0xE318, 0x0000, 0xE318, 0xE418,
  0x8531, 0xAD73, 0x4C6B, 0xE318, 0xE318, 0x0000, 0x0000, 0x0000, 0xC310, 0x0419, 0xA210, 0x0000, 0x4529, 0x293A, 0x0519, 0x0519,
  0x0511, 0x8B4A, 0xCF73, 0x0932, 0xA721, 0xC829, 0xC829, 0xA829, 0x6721, 0x8721, 0xA829, 0x6621, 0xC829, 0xA721, 0x8721, 0x2619,
  0xEC52, 0x4E63, 0xCC52, 0x4619, 0x4619, 0xA729, 0x083A, 0x8629, 0xA310, 0x0000, 0x0000, 0xE318, 0xE418, 0xA310, 0xE418, 0x0421,
  0xE318, 0xCA5A, 0xD19C, 0x2421, 0x2521, 0xE318, 0x0000, 0xC318, 0x6529, 0x8631, 0x8631, 0x0842, 0x8952, 0xAA52, 0x494A, 0xAB52,
  0x4D63, 0x2D5B, 0x6A42, 0x8B4A, 0x4E5B, 0x2E5B, 0xF06B, 0x8F63, 0x2D5B, 0x2D6B, 0x6D73, 0x0C6B, 0x494A, 0x2842, 0x0842, 0xAB4A,
  0x8B42, 0xC310, 0x0000, 0x0000, 0x0000, 0x0000, 0x0000, 0x0000, 0x0000, 0x0000, 0x0000, 0x0000, 0x0000, 0x0000, 0x0000, 0x0000,
  0x0000, 0x0000, 0x0000, 0x0000, 0x0000, 0x0000, 0x0000, 0x0000, 0x0000, 0x0000, 0x0000, 0x0000, 0x0000, 0x0000, 0x0000, 0x0000,
  0x0000, 0x0000, 0x0000, 0x0000, 0x0000, 0x0000, 0x0000, 0x0000, 0x0000, 0x0000, 0x0000, 0x0000, 0x0000, 0x0000, 0x0000, 0x0000,
  0x0000, 0x0000, 0x0000, 0x0000, 0x0000, 0x0000, 0x0000, 0x0000, 0x0000, 0x0000, 0x0000, 0x0000, 0x0000, 0x0000, 0x0000, 0x0000,
  0x0000, 0x0000, 0x0000, 0x0000, 0x0000, 0x0000, 0x0000, 0x0000, 0x0000, 0x0000, 0x0000, 0x0000, 0x0000, 0x0000, 0x0000, 0x0000,
  0x0000, 0x0000, 0x0000, 0x0000, 0x0000, 0x0000, 0x0000, 0x0000, 0x0000, 0x0000, 0x0000, 0x0000, 0x0000, 0x0000, 0x0000, 0x0000,
  0x0000, 0x0000, 0x0000, 0x0000, 0x0000, 0x0000, 0x0000, 0x0000, 0x0000, 0x0000, 0x0000, 0x0000, 0x0000, 0x0000, 0x0000, 0x0000,
  0x0000, 0x0000, 0x0000, 0x0000, 0x0000, 0x0000, 0x0000, 0x0000, 0x0000, 0x0000, 0x0000, 0x0000, 0x0000, 0x0000, 0x0000, 0x0000,
  0x0000, 0x0000, 0x0000, 0x0000, 0x0000, 0x0000, 0x0000, 0x0000, 0x0000, 0x0000, 0x0000, 0x0000, 0x0000, 0x0000, 0x0000, 0x0000,
  0x0000, 0x0000, 0x0000, 0x0000, 0x0000, 0x0000, 0x0000, 0x0000, 0x0000, 0x0000, 0x0000, 0x0000, 0x0000, 0x0000, 0x0000, 0x0000,
  0x0000, 0x0000, 0x0000, 0x0000, 0x0000, 0x0000, 0x0000, 0x0000, 0x0000, 0x0000, 0x0000, 0x0000, 0x0000, 0x0000, 0x0000, 0x0000,
  0x0000, 0x0000, 0x0000, 0x0000, 0x0000, 0x0000, 0x0000, 0x0000, 0x0000, 0x0000, 0x0000, 0x0000, 0x0000, 0x0000, 0x0000, 0xAA4A,
  0x0842, 0x8631, 0xC739, 0xA639, 0xE841, 0x6952, 0x8A52, 0xAB4A, 0xCC4A, 0x4E5B, 0x2D5B, 0x8B4A, 0x8B42, 0x8B42, 0x2D5B, 0x8F6B,
  0xEF7B, 0x8D6B, 0x4C6B, 0x694A, 0x694A, 0xAA52, 0x8631, 0x4529, 0xE318, 0x0000, 0x2421, 0xE318, 0x2421, 0xCA5A, 0x4F8C, 0x6529,
  0xA210, 0x0000, 0x0000, 0x0000, 0x0421, 0xA210, 0x8210, 0x0000, 0xE418, 0xC731, 0x6621, 0xA308, 0x4942, 0x2D63, 0x4D63, 0xC729,
  0x6621, 0x8721, 0x8721, 0x2519, 0x6621, 0x8721, 0xA729, 0x2519, 0xA729, 0x8721, 0x2519, 0xC410, 0xEC52, 0x8E6B, 0x6D63, 0x293A,
  0xE410, 0x6A42, 0x2519, 0x8208, 0xA310, 0x0000, 0x0000, 0xC318, 0xA310, 0xA210, 0xC318, 0xA310, 0x8631, 0x2F8C, 0x8D73, 0x6529,
  0x4529, 0x8210, 0x0000, 0x0421, 0xA639, 0xE741, 0x8952, 0x6952, 0x694A, 0xAA52, 0x8A52, 0x4C63, 0x4D63, 0xAF6B, 0xF073, 0x6E5B,
  0xAB4A, 0xAB4A, 0x6A42, 0x8B4A, 0x4E63, 0x6E6B, 0x8A5A, 0x284A, 0xE839, 0xA731, 0xA631, 0x6952, 0x6942, 0x0000, 0x0000, 0x0000,
  0x0000, 0x0000, 0x0000, 0x0000, 0x0000, 0x0000, 0x0000, 0x0000, 0x0000, 0x0000, 0x0000, 0x0000, 0x0000, 0x0000, 0x0000, 0x0000,
  0x0000, 0x0000, 0x0000, 0x0000, 0x0000, 0x0000, 0x0000, 0x0000, 0x0000, 0x0000, 0x0000, 0x0000, 0x0000, 0x0000, 0x0000, 0x0000,
  0x0000, 0x0000, 0x0000, 0x0000, 0x0000, 0x0000, 0x0000, 0x0000, 0x0000, 0x0000, 0x0000, 0x0000, 0x0000, 0x0000, 0x0000, 0x0000,
  0x0000, 0x0000, 0x0000, 0x0000, 0x0000, 0x0000, 0x0000, 0x0000, 0x0000, 0x0000, 0x0000, 0x0000, 0x0000, 0x0000, 0x0000, 0x0000,
  0x0000, 0x0000, 0x0000, 0x0000, 0x0000, 0x0000, 0x0000, 0x0000, 0x0000, 0x0000, 0x0000, 0x0000, 0x0000, 0x0000, 0x0000, 0x0000,
  0x0000, 0x0000, 0x0000, 0x0000, 0x0000, 0x0000, 0x0000, 0x0000, 0x0000, 0x0000, 0x0000, 0x0000, 0x0000, 0x0000, 0x0000, 0x0000,
  0x0000, 0x0000, 0x0000, 0x0000, 0x0000, 0x0000, 0x0000, 0x0000, 0x0000, 0x0000, 0x0000, 0x0000, 0x0000, 0x0000, 0x0000, 0x0000,
  0x0000, 0x0000, 0x0000, 0x0000, 0x0000, 0x0000, 0x0000, 0x0000, 0x0000, 0x0000, 0x0000, 0x0000, 0x0000, 0x0000, 0x0000, 0x0000,
  0x0000, 0x0000, 0x0000, 0x0000, 0x0000, 0x0000, 0x0000, 0x0000, 0x0000, 0x0000, 0x0000, 0x0000, 0x0000, 0x0000, 0x0000, 0x0000,
  0x0000, 0x0000, 0x0000, 0x0000, 0x0000, 0x0000, 0x0000, 0x0000, 0x0000, 0x0000, 0x0000, 0x0000, 0x0000, 0x0000, 0x0000, 0x0000,
  0x0000, 0x0000, 0x0000, 0x0000, 0x0000, 0x0000, 0x0000, 0x0000, 0x0000, 0x0000, 0x0000, 0x0000, 0x0000, 0x0000, 0x0000, 0x0000,
  0x0000, 0x0000, 0x0000, 0x0000, 0x0000, 0x0000, 0x0000, 0x0000, 0x0000, 0x0000, 0xC410, 0x083A, 0x074A, 0xC741, 0x6629, 0x8629,
  0x4A42, 0x0C5B, 0x4D6B, 0xAB52, 0x6A4A, 0xAB4A, 0x6A42, 0xEC52, 0x8E63, 0x8E6B, 0x4D63, 0x6D6B, 0x6A4A, 0x494A, 0xAA52, 0x494A,
  0xC739, 0x8631, 0xC739, 0x2421, 0x0321, 0x0000, 0x0000, 0xC318, 0x2421, 0x8529, 0x0B63, 0xA952, 0x4529, 0x0000, 0x0000, 0xE318,
  0xE318, 0x0000, 0x0000, 0x0000, 0x0000, 0xA731, 0x6629, 0x6200, 0x8A4A, 0x8A4A, 0x8A4A, 0xA729, 0x0511, 0x6619, 0x293A, 0xE410,
  0x8721, 0x6621, 0xA721, 0x2519, 0xC829, 0xA729, 0xE410, 0xA308, 0xE831, 0xEC52, 0x0C5B, 0x4942, 0x6200, 0xA731, 0xA310, 0x0000,
  0x8210, 0xA310, 0xE318, 0x0421, 0x8210, 0x0000, 0x0000, 0x6529, 0xA952, 0x0B63, 0x8531, 0xC739, 0x6529, 0x0000, 0x0000, 0xC318,
  0x4429, 0x8631, 0xC739, 0x484A, 0x484A, 0x694A, 0x0842, 0x694A, 0xCB5A, 0x6E6B, 0x317C, 0xF494, 0x9284, 0xCF6B, 0x2D5B, 0x6E6B,
  0xCF7B, 0x1084, 0x6E6B, 0x6A4A, 0xE839, 0x0842, 0x8631, 0xEB62, 0x0421, 0x8208, 0x0000, 0x0000, 0x0000, 0x0000, 0x0000, 0x0000,
  0x0000, 0x0000, 0x0000, 0x0000, 0x0000, 0x0000, 0x0000, 0x0000, 0x0000, 0x0000, 0x0000, 0x0000, 0x0000, 0x0000, 0x0000, 0x0000,
  0x0000, 0x0000, 0x0000, 0x0000, 0x0000, 0x0000, 0x0000, 0x0000, 0x0000, 0x0000, 0x0000, 0x0000, 0x0000, 0x0000, 0x0000, 0x0000,
  0x0000, 0x0000, 0x0000, 0x0000, 0x0000, 0x0000, 0x0000, 0x0000, 0x0000, 0x0000, 0x0000, 0x0000, 0x0000, 0x0000, 0x0000, 0x0000,
  0x0000, 0x0000, 0x0000, 0x0000, 0x0000, 0x0000, 0x0000, 0x0000, 0x0000, 0x0000, 0x0000, 0x0000, 0x0000, 0x0000, 0x0000, 0x0000,
  0x0000, 0x0000, 0x0000, 0x0000, 0x0000, 0x0000, 0x0000, 0x0000, 0x0000, 0x0000, 0x0000, 0x0000, 0x0000, 0x0000, 0x0000, 0x0000,
  0x0000, 0x0000, 0x0000, 0x0000, 0x0000, 0x0000, 0x0000, 0x0000, 0x0000, 0x0000, 0x0000, 0x0000, 0x0000, 0x0000, 0x0000, 0x0000,
  0x0000, 0x0000, 0x0000, 0x0000, 0x0000, 0x0000, 0x0000, 0x0000, 0x0000, 0x0000, 0x0000, 0x0000, 0x0000, 0x0000, 0x0000, 0x0000,
  0x0000, 0x0000, 0x0000, 0x0000, 0x0000, 0x0000, 0x0000, 0x0000, 0x0000, 0x0000, 0x0000, 0x0000, 0x0000, 0x0000, 0x0000, 0x0000,
  0x0000, 0x0000, 0x0000, 0x0000, 0x0000, 0x0000, 0x0000, 0x0000, 0x0000, 0x0000, 0x0000, 0x0000, 0x0000, 0x0000, 0x0000, 0x0000,
  0x0000, 0x0000, 0x0000, 0x0000, 0x0000, 0x0000, 0x0000, 0x0000, 0x0000, 0x0000, 0x0000, 0x0000, 0x0000, 0x0000, 0x0000, 0x0000,
  0x0000, 0x0000, 0x0000, 0x0000, 0x0000, 0x0000, 0x0000, 0x0000, 0x0000, 0x0000, 0x0000, 0x0000, 0x0000, 0x0000, 0x0000, 0x0000,
  0x0000, 0x0000, 0x0000, 0x0000, 0x0000, 0x0000, 0x0000, 0x4521, 0xEB62, 0x494A, 0xAB52, 0x6A4A, 0x2942, 0xC731, 0xC839, 0x8B4A,
  0xCC52, 0x0D53, 0x8F63, 0x3184, 0x718C, 0x718C, 0xAE73, 0x4C63, 0x494A, 0x694A, 0x8A52, 0x2842, 0xA631, 0x6529, 0x0421, 0x4529,
  0x0000, 0x0000, 0x0000, 0x0000, 0x0421, 0xE318, 0x4529, 0xE739, 0x2421, 0xE318, 0x2421, 0x0421, 0x0000, 0x0000, 0x0000, 0xC318,
  0xC739, 0x8629, 0x8208, 0x8308, 0x2519, 0xE839, 0xAB4A, 0xC729, 0xC408, 0x4619, 0x8729, 0xC408, 0x6619, 0x6621, 0x8721, 0x2511,
  0x093A, 0xE831, 0x8308, 0x4621, 0xC410, 0xE839, 0x293A, 0x0519, 0x0000, 0xC310, 0x6629, 0x0421, 0x0000, 0x0000, 0x0421, 0x0421,
  0x0419, 0xE318, 0x2421, 0xE739, 0x2842, 0x6529, 0x2421, 0xA631, 0xE318, 0x0000, 0x0000, 0xC318, 0x0321, 0xA639, 0xA639, 0x0842,
  0x0842, 0x0842, 0x284A, 0xEB5A, 0x2C63, 0x4D6B, 0x4D6B, 0xF07B, 0x928C, 0xF494, 0xD38C, 0x7284, 0x6E6B, 0xEC5A, 0x0C5B, 0x4E63,
  0x2D63, 0xAB52, 0x4852, 0x0B63, 0xA310, 0x0000, 0x8210, 0x0000, 0x0000, 0x0000, 0x0000, 0x0000, 0x0000, 0x0000, 0x0000, 0x0000,
  0x0000, 0x0000, 0x0000, 0x0000, 0x0000, 0x0000, 0x0000, 0x0000, 0x0000, 0x0000, 0x0000, 0x0000, 0x0000, 0x0000, 0x0000, 0x0000,
  0x0000, 0x0000, 0x0000, 0x0000, 0x0000, 0x0000, 0x0000, 0x0000, 0x0000, 0x0000, 0x0000, 0x0000, 0x0000, 0x0000, 0x0000, 0x0000,
  0x0000, 0x0000, 0x0000, 0x0000, 0x0000, 0x0000, 0x0000, 0x0000, 0x0000, 0x0000, 0x0000, 0x0000, 0x0000, 0x0000, 0x0000, 0x0000,
  0x0000, 0x0000, 0x0000, 0x0000, 0x0000, 0x0000, 0x0000, 0x0000, 0x0000, 0x0000, 0x0000, 0x0000, 0x0000, 0x0000, 0x0000, 0x0000,
  0x0000, 0x0000, 0x0000, 0x0000, 0x0000, 0x0000, 0x0000, 0x0000, 0x0000, 0x0000, 0x0000, 0x0000, 0x0000, 0x0000, 0x0000, 0x0000,
  0x0000, 0x0000, 0x0000, 0x0000, 0x0000, 0x0000, 0x0000, 0x0000, 0x0000, 0x0000, 0x0000, 0x0000, 0x0000, 0x0000, 0x0000, 0x0000,
  0x0000, 0x0000, 0x0000, 0x0000, 0x0000, 0x0000, 0x0000, 0x0000, 0x0000, 0x0000, 0x0000, 0x0000, 0x0000, 0x0000, 0x0000, 0x0000,
  0x0000, 0x0000, 0x0000, 0x0000, 0x0000, 0x0000, 0x0000, 0x0000, 0x0000, 0x0000, 0x0000, 0x0000, 0x0000, 0x0000, 0x0000, 0x0000,
  0x0000, 0x0000, 0x0000, 0x0000, 0x0000, 0x0000, 0x0000, 0x0000, 0x0000, 0x0000, 0x0000, 0x0000, 0x0000, 0x0000, 0x0000, 0x0000,
  0x0000, 0x0000, 0x0000, 0x0000, 0x0000, 0x0000, 0x0000, 0x0000, 0x0000, 0x0000, 0x0000, 0x0000, 0x0000, 0x0000, 0x0000, 0x0000,
  0x0000, 0x0000, 0x0000, 0x0000, 0x0000, 0x0000, 0x0000, 0x0000, 0x0000, 0x0000, 0x0000, 0x0000, 0x0000, 0x0000, 0x0000, 0x0000,
  0x0000, 0x0000, 0x8208, 0xC310, 0xEB5A, 0x4852, 0x6952, 0x0842, 0x6629, 0xE831, 0x0D53, 0xD06B, 0xB38C, 0xD394, 0xB394, 0x9294,
  0x5084, 0xAE73, 0x6D6B, 0x0B63, 0x8A52, 0x8952, 0x284A, 0xE739, 0x6529, 0x6529, 0x2421, 0xE418, 0x4529, 0x0000, 0x0000, 0x0000,
  0xA210, 0xA310, 0xE318, 0xC310, 0x0421, 0x4529, 0xA210, 0x8210, 0x0000, 0xA210, 0x4521, 0x2421, 0xC731, 0x0000, 0x0000, 0x6208,
  0x6208, 0x4521, 0xA731, 0xE831, 0x8308, 0x0511, 0xA308, 0xA308, 0xE410, 0x0511, 0x4619, 0x0511, 0x4619, 0xC829, 0x8308, 0xAB4A,
  0xC731, 0xE839, 0x4521, 0x0000, 0x0000, 0x0000, 0x0419, 0x4942, 0xE418, 0xE318, 0xE418, 0x0000, 0xE318, 0x4521, 0x0421, 0xC318,
  0x0421, 0xE318, 0x0419, 0x4529, 0xA310, 0xC318, 0x0000, 0xA210, 0x6529, 0x6531, 0xC739, 0x8631, 0x2842, 0xE739, 0x694A, 0xAA5A,
  0xEB62, 0x2C63, 0x8D73, 0x8E73, 0xAE73, 0x718C, 0x349D, 0x96A5, 0x359D, 0x527C, 0x2D63, 0xCB52, 0x0C63, 0x4852, 0xCA6A, 0xCB52,
  0x0000, 0x0000, 0x0000, 0x0000, 0x0000, 0x0000, 0x0000, 0x0000, 0x0000, 0x0000, 0x0000, 0x0000, 0x0000, 0x0000, 0x0000, 0x0000,
  0x0000, 0x0000, 0x0000, 0x0000, 0x0000, 0x0000, 0x0000, 0x0000, 0x0000, 0x0000, 0x0000, 0x0000, 0x0000, 0x0000, 0x0000, 0x0000,
  0x0000, 0x0000, 0x0000, 0x0000, 0x0000, 0x0000, 0x0000, 0x0000, 0x0000, 0x0000, 0x0000, 0x0000, 0x0000, 0x0000, 0x0000, 0x0000,
  0x0000, 0x0000, 0x0000, 0x0000, 0x0000, 0x0000, 0x0000, 0x0000, 0x0000, 0x0000, 0x0000, 0x0000, 0x0000, 0x0000, 0x0000, 0x0000,
  0x0000, 0x0000, 0x0000, 0x0000, 0x0000, 0x0000, 0x0000, 0x0000, 0x0000, 0x0000, 0x0000, 0x0000, 0x0000, 0x0000, 0x0000, 0x0000,
  0x0000, 0x0000, 0x0000, 0x0000, 0x0000, 0x0000, 0x0000, 0x0000, 0x0000, 0x0000, 0x0000, 0x0000, 0x0000, 0x0000, 0x0000, 0x0000,
  0x0000, 0x0000, 0x0000, 0x0000, 0x0000, 0x0000, 0x0000, 0x0000, 0x0000, 0x0000, 0x0000, 0x0000, 0x0000, 0x0000, 0x0000, 0x0000,
  0x0000, 0x0000, 0x0000, 0x0000, 0x0000, 0x0000, 0x0000, 0x0000, 0x0000, 0x0000, 0x0000, 0x0000, 0x0000, 0x0000, 0x0000, 0x0000,
  0x0000, 0x0000, 0x0000, 0x0000, 0x0000, 0x0000, 0x0000, 0x0000, 0x0000, 0x0000, 0x0000, 0x0000, 0x0000, 0x0000, 0x0000, 0x0000,
  0x0000, 0x0000, 0x0000, 0x0000, 0x0000, 0x0000, 0x0000, 0x0000, 0x0000, 0x0000, 0x0000, 0x0000, 0x0000, 0x0000, 0x0000, 0x0000,
  0x0000, 0x0000, 0x0000, 0x0000, 0x0000, 0x0000, 0x0000, 0x0000, 0x0000, 0x0000, 0x0000, 0x0000, 0x0000, 0x0000, 0x0000, 0x0000,
  0x0000, 0x0000, 0x0000, 0x0000, 0x0000, 0x0000, 0x0000, 0x0000, 0x0000, 0x0000, 0x0000, 0x0000, 0x0000, 0x0000, 0x0000, 0x0000,
  0x8A4A, 0xEA62, 0x284A, 0x2D63, 0xF16B, 0x737C, 0xB38C, 0x55A5, 0x55A5, 0x149D, 0xB294, 0x3084, 0xCE7B, 0xCB5A, 0xAA5A, 0xE739,
  0xA631, 0xC739, 0xA631, 0x8631, 0x6529, 0x4529, 0xE420, 0xA210, 0xC318, 0x2521, 0x0000, 0x0000, 0x8210, 0xA210, 0x8210, 0x0000,
  0xC318, 0x0000, 0xA210, 0xC318, 0x0000, 0xE318, 0x8A52, 0x2521, 0x0000, 0x0000, 0x0000, 0x0000, 0x6208, 0x2942, 0xA731, 0x2521,
  0x8308, 0xC410, 0x8308, 0xC410, 0x0511, 0xC410, 0xE410, 0x2519, 0x2519, 0xE510, 0x8308, 0x293A, 0xA731, 0x083A, 0x2521, 0x0000,
  0x0000, 0x0000, 0x0000, 0x6529, 0x8631, 0x8629, 0xC318, 0x8210, 0x0000, 0xA310, 0xA310, 0xA310, 0xA210, 0xA310, 0x0421, 0xC318,
  0x8210, 0xA210, 0x0000, 0x0000, 0xE318, 0x2421, 0x4529, 0x8631, 0xC739, 0x0742, 0x494A, 0xC739, 0x0742, 0x0B63, 0x8D7B, 0x6C73,
  0xAE7B, 0x6D73, 0xAE7B, 0xEF7B, 0x928C, 0x75A5, 0xF8B5, 0x97A5, 0x7284, 0x0C5B, 0x8D73, 0xE831, 0x0000, 0x0000, 0x0000, 0x0000,
  0x0000, 0x0000, 0x0000, 0x0000, 0x0000, 0x0000, 0x0000, 0x0000, 0x0000, 0x0000, 0x0000, 0x0000, 0x0000, 0x0000, 0x0000, 0x0000,
  0x0000, 0x0000, 0x0000, 0x0000, 0x0000, 0x0000, 0x0000, 0x0000, 0x0000, 0x0000, 0x0000, 0x0000, 0x0000, 0x0000, 0x0000, 0x0000,
  0x0000, 0x0000, 0x0000, 0x0000, 0x0000, 0x0000, 0x0000, 0x0000, 0x0000, 0x0000, 0x0000, 0x0000, 0x0000, 0x0000, 0x0000, 0x0000,
  0x0000, 0x0000, 0x0000, 0x0000, 0x0000, 0x0000, 0x0000, 0x0000, 0x0000, 0x0000, 0x0000, 0x0000, 0x0000, 0x0000, 0x0000, 0x0000,
  0x0000, 0x0000, 0x0000, 0x0000, 0x0000, 0x0000, 0x0000, 0x0000, 0x0000, 0x0000, 0x0000, 0x0000, 0x0000, 0x0000, 0x0000, 0x0000,
  0x0000, 0x0000, 0x0000, 0x0000, 0x0000, 0x0000, 0x0000, 0x0000, 0x0000, 0x0000, 0x0000, 0x0000, 0x0000, 0x0000, 0x0000, 0x0000,
  0x0000, 0x0000, 0x0000, 0x0000, 0x0000, 0x0000, 0x0000, 0x0000, 0x0000, 0x0000, 0x0000, 0x0000, 0x0000, 0x0000, 0x0000, 0x0000,
  0x0000, 0x0000, 0x0000, 0x0000, 0x0000, 0x0000, 0x0000, 0x0000, 0x0000, 0x0000, 0x0000, 0x0000, 0x0000, 0x0000, 0x0000, 0x0000,
  0x0000, 0x0000, 0x0000, 0x0000, 0x0000, 0x0000, 0x0000, 0x0000, 0x0000, 0x0000, 0x0000, 0x0000, 0x0000, 0x0000, 0x0000, 0x0000,
  0x0000, 0x0000, 0x0000, 0x0000, 0x0000, 0x0000, 0x0000, 0x0000, 0x0000, 0x0000, 0x0000, 0x0000, 0x0000, 0x0000, 0x0000, 0x0000,
  0x0000, 0x0000, 0x0000, 0x0000, 0x0000, 0x0000, 0x0000, 0x0000, 0x0000, 0x0000, 0x0000, 0x0000, 0x0000, 0x0000, 0x0000, 0x0000,
  0x0000, 0x0000, 0x0000, 0x0000, 0x0000, 0x6208, 0xA310, 0x8208, 0x0000, 0x0000, 0x8308, 0x8300, 0xC829, 0xCE73, 0x8E6B, 0x1595,
  0xD8AD, 0x55A5, 0xB294, 0xCF73, 0x2D63, 0x8E6B, 0x2C63, 0xEB5A, 0x6952, 0x8631, 0xC739, 0xE739, 0xA631, 0xE839, 0x0842, 0x8629,
  0xC318, 0x2529, 0x4529, 0xA210, 0xA210, 0x2421, 0x8631, 0x0000, 0xA310, 0xC318, 0x0000, 0x0000, 0x0000, 0x0000, 0x2421, 0x8210,
  0xE318, 0xC739, 0xE418, 0x8210, 0x0000, 0x0000, 0x0000, 0x0000, 0x0421, 0x8629, 0x694A, 0x8629, 0xE418, 0xA308, 0xE410, 0xE510,
  0x2619, 0xA308, 0x0519, 0x2519, 0x4621, 0xC408, 0xC408, 0x4621, 0xA731, 0xC731, 0x2521, 0x0000, 0x0000, 0x0000, 0x0000, 0x0000,
  0xE839, 0x0421, 0x0000, 0x0421, 0x2521, 0xE318, 0x0000, 0x0000, 0xC310, 0x0421, 0x0421, 0xC318, 0x0321, 0xE320, 0xE320, 0x2429,
  0xA639, 0xC739, 0x4529, 0xA639, 0xE739, 0x0742, 0xC739, 0x6531, 0x6529, 0xE739, 0x8952, 0x8952, 0xAA5A, 0x2C6B, 0x4D6B, 0x6D6B,
  0x4D63, 0x4E6B, 0xCF7B, 0xD394, 0x359D, 0xB38C, 0x9384, 0x2A32, 0x0519, 0xA310, 0x8208, 0x0000, 0x0000, 0x0000, 0x0000, 0x0000,
  0x0000, 0x0000, 0x0000, 0x0000, 0x0000, 0x0000, 0x0000, 0x0000, 0x0000, 0x0000, 0x0000, 0x0000, 0x0000, 0x0000, 0x0000, 0x0000,
  0x0000, 0x0000, 0x0000, 0x0000, 0x0000, 0x0000, 0x0000, 0x0000, 0x0000, 0x0000, 0x0000, 0x0000, 0x0000, 0x0000, 0x0000, 0x0000,
  0x0000, 0x0000, 0x0000, 0x0000, 0x0000, 0x0000, 0x0000, 0x0000, 0x0000, 0x0000, 0x0000, 0x0000, 0x0000, 0x0000, 0x0000, 0x0000,
  0x0000, 0x0000, 0x0000, 0x0000, 0x0000, 0x0000, 0x0000, 0x0000, 0x0000, 0x0000, 0x0000, 0x0000, 0x0000, 0x0000, 0x0000, 0x0000,
  0x0000, 0x0000, 0x0000, 0x0000, 0x0000, 0x0000, 0x0000, 0x0000, 0x0000, 0x0000, 0x0000, 0x0000, 0x0000, 0x0000, 0x0000, 0x0000,
  0x0000, 0x0000, 0x0000, 0x0000, 0x0000, 0x0000, 0x0000, 0x0000, 0x0000, 0x0000, 0x0000, 0x0000, 0x0000, 0x0000, 0x0000, 0x0000,
  0x0000, 0x0000, 0x0000, 0x0000, 0x0000, 0x0000, 0x0000, 0x0000, 0x0000, 0x0000, 0x0000, 0x0000, 0x0000, 0x0000, 0x0000, 0x0000,
  0x0000, 0x0000, 0x0000, 0x0000, 0x0000, 0x0000, 0x0000, 0x0000, 0x0000, 0x0000, 0x0000, 0x0000, 0x0000, 0x0000, 0x0000, 0x0000,
  0x0000, 0x0000, 0x0000, 0x0000, 0x0000, 0x0000, 0x0000, 0x0000, 0x0000, 0x0000, 0x0000, 0x0000, 0x0000, 0x0000, 0x0000, 0x0000,
  0x0000, 0x0000, 0x0000, 0x0000, 0x0000, 0x0000, 0x0000, 0x0000, 0x0000, 0x0000, 0x0000, 0x0000, 0x0000, 0x0000, 0x0000, 0x0000,
  0x0000, 0x0000, 0x0000, 0x0000, 0x0000, 0x0000, 0x0000, 0x0000, 0x0000, 0x0000, 0x0000, 0x0000, 0x0000, 0x0000, 0x0000, 0x0000,
  0x0000, 0x0000, 0x0000, 0x0000, 0x6208, 0xA308, 0x8719, 0x4A32, 0xED42, 0x727C, 0xF494, 0x518C, 0x518C, 0x4E63, 0x8B4A, 0x093A,
  0xC831, 0xA831, 0xA731, 0xC739, 0x6A4A, 0xAA52, 0x694A, 0x2842, 0xC739, 0xC731, 0xEB5A, 0x8A52, 0xE739, 0xA210, 0x2842, 0x0742,
  0x0321, 0x6529, 0x0742, 0x6529, 0x0000, 0x2421, 0x0421, 0x4529, 0x4529, 0x2421, 0xC318, 0x0000, 0x0842, 0x2521, 0x0000, 0x0000,
  0x0000, 0x0000, 0x0000, 0x0000, 0x8210, 0x0000, 0x0419, 0x4521, 0x4521, 0x8308, 0x8729, 0xC410, 0xE410, 0x0519, 0x0519, 0x8308,
  0x8308, 0xA308, 0x2519, 0xE418, 0xC831, 0x6629, 0x0000, 0x0000, 0x0000, 0x0000, 0x0000, 0x0000, 0x0421, 0x4521, 0xC739, 0xE418,
  0xC739, 0x4529, 0x0000, 0xC318, 0x0000, 0x4529, 0xA210, 0x6529, 0x8531, 0x4429, 0xA639, 0xE741, 0x6952, 0xE741, 0x284A, 0xEB5A,
  0xEB5A, 0x8A52, 0x6952, 0x6952, 0x484A, 0x0842, 0xE741, 0x6529, 0x6629, 0xE839, 0x4A4A, 0x2A42, 0x8B4A, 0x4E63, 0x6E6B, 0x8E73,
  0x895A, 0xA962, 0x2D5B, 0xED4A, 0x6B3A, 0x6721, 0xC410, 0xA308, 0x8208, 0x0000, 0x0000, 0x0000, 0x0000, 0x0000, 0x0000, 0x0000,
  0x0000, 0x0000, 0x0000, 0x0000, 0x0000, 0x0000, 0x0000, 0x0000, 0x0000, 0x0000, 0x0000, 0x0000, 0x0000, 0x0000, 0x0000, 0x0000,
  0x0000, 0x0000, 0x0000, 0x0000, 0x0000, 0x0000, 0x0000, 0x0000, 0x0000, 0x0000, 0x0000, 0x0000, 0x0000, 0x0000, 0x0000, 0x0000,
  0x0000, 0x0000, 0x0000, 0x0000, 0x0000, 0x0000, 0x0000, 0x0000, 0x0000, 0x0000, 0x0000, 0x0000, 0x0000, 0x0000, 0x0000, 0x0000,
  0x0000, 0x0000, 0x0000, 0x0000, 0x0000, 0x0000, 0x0000, 0x0000, 0x0000, 0x0000, 0x0000, 0x0000, 0x0000, 0x0000, 0x0000, 0x0000,
  0x0000, 0x0000, 0x0000, 0x0000, 0x0000, 0x0000, 0x0000, 0x0000, 0x0000, 0x0000, 0x0000, 0x0000, 0x0000, 0x0000, 0x0000, 0x0000,
  0x0000, 0x0000, 0x0000, 0x0000, 0x0000, 0x0000, 0x0000, 0x0000, 0x0000, 0x0000, 0x0000, 0x0000, 0x0000, 0x0000, 0x0000, 0x0000,
  0x0000, 0x0000, 0x0000, 0x0000, 0x0000, 0x0000, 0x0000, 0x0000, 0x0000, 0x0000, 0x0000, 0x0000, 0x0000, 0x0000, 0x0000, 0x0000,
  0x0000, 0x0000, 0x0000, 0x0000, 0x0000, 0x0000, 0x0000, 0x0000, 0x0000, 0x0000, 0x0000, 0x0000, 0x0000, 0x0000, 0x0000, 0x0000,
  0x0000, 0x0000, 0x0000, 0x0000, 0x0000, 0x0000, 0x0000, 0x0000, 0x0000, 0x0000, 0x0000, 0x0000, 0x0000, 0x0000, 0x0000, 0x0000,
  0x0000, 0x0000, 0x0000, 0x0000, 0x0000, 0x0000, 0x0000, 0x0000, 0x0000, 0x0000, 0x0000, 0x0000, 0x0000, 0x0000, 0x0000, 0x0000,
  0x0000, 0x0000, 0x0000, 0x0000, 0x0000, 0x0000, 0x0000, 0x0000, 0x0000, 0x0000, 0x0000, 0x0000, 0x0000, 0x0000, 0x0000, 0x6208,
  0x0511, 0xC829, 0x4A32, 0x2A32, 0x6A42, 0x2942, 0x284A, 0x074A, 0x4E6B, 0xD06B, 0x4E5B, 0x4A3A, 0x8729, 0x8729, 0xC839, 0x694A,
  0xAA52, 0x484A, 0xE739, 0xC739, 0x4529, 0x8631, 0x494A, 0xAE73, 0x4C6B, 0x2842, 0x2842, 0x6C73, 0xA95A, 0x0742, 0x2742, 0x694A,
  0x6529, 0xE318, 0x8531, 0xE739, 0x2421, 0xE318, 0x0000, 0xA310, 0x0842, 0xC318, 0x0421, 0x0000, 0x0000, 0x0000, 0x0000, 0x0000,
  0x0000, 0x8208, 0x8629, 0x0419, 0x4521, 0x6629, 0x6629, 0x2519, 0xE410, 0xE410, 0x0419, 0xA308, 0x8308, 0x0000, 0x6A4A, 0x2942,
  0x8729, 0x4521, 0x6208, 0x0000, 0x0000, 0x0000, 0x0000, 0x0000, 0x0000, 0x8210, 0xC731, 0x0000, 0xA210, 0xA631, 0xE318, 0x2521,
  0x2521, 0x6529, 0xC318, 0x6529, 0xA631, 0x2429, 0xE741, 0x484A, 0xA95A, 0x6952, 0xCE7B, 0xCE7B, 0xCA5A, 0xC739, 0x0C63, 0x2C63,
  0xCA5A, 0x0B63, 0x2C6B, 0x2C6B, 0xEB5A, 0xEC5A, 0xAC4A, 0xAB4A, 0x6E6B, 0x6E6B, 0xCF7B, 0x8E73, 0x494A, 0x8539, 0x0000, 0xE418,
  0x6721, 0x6621, 0x4619, 0xC310, 0x0000, 0x0000, 0x0000, 0x0000, 0x0000, 0x0000, 0x0000, 0x0000, 0x0000, 0x0000, 0x0000, 0x0000,
  0x0000, 0x0000, 0x0000, 0x0000, 0x0000, 0x0000, 0x0000, 0x0000, 0x0000, 0x0000, 0x0000, 0x0000, 0x0000, 0x0000, 0x0000, 0x0000,
  0x0000, 0x0000, 0x0000, 0x0000, 0x0000, 0x0000, 0x0000, 0x0000, 0x0000, 0x0000, 0x0000, 0x0000, 0x0000, 0x0000, 0x0000, 0x0000,
  0x0000, 0x0000, 0x0000, 0x0000, 0x0000, 0x0000, 0x0000, 0x0000, 0x0000, 0x0000, 0x0000, 0x0000, 0x0000, 0x0000, 0x0000, 0x0000,
  0x0000, 0x0000, 0x0000, 0x0000, 0x0000, 0x0000, 0x0000, 0x0000, 0x0000, 0x0000, 0x0000, 0x0000, 0x0000, 0x0000, 0x0000, 0x0000,
  0x0000, 0x0000, 0x0000, 0x0000, 0x0000, 0x0000, 0x0000, 0x0000, 0x0000, 0x0000, 0x0000, 0x0000, 0x0000, 0x0000, 0x0000, 0x0000,
  0x0000, 0x0000, 0x0000, 0x0000, 0x0000, 0x0000, 0x0000, 0x0000, 0x0000, 0x0000, 0x0000, 0x0000, 0x0000, 0x0000, 0x0000, 0x0000,
  0x0000, 0x0000, 0x0000, 0x0000, 0x0000, 0x0000, 0x0000, 0x0000, 0x0000, 0x0000, 0x0000, 0x0000, 0x0000, 0x0000, 0x0000, 0x0000,
  0x0000, 0x0000, 0x0000, 0x0000, 0x0000, 0x0000, 0x0000, 0x0000, 0x0000, 0x0000, 0x0000, 0x0000, 0x0000, 0x0000, 0x0000, 0x0000,
  0x0000, 0x0000, 0x0000, 0x0000, 0x0000, 0x0000, 0x0000, 0x0000, 0x0000, 0x0000, 0x0000, 0x0000, 0x0000, 0x0000, 0x0000, 0x0000,
  0x0000, 0x0000, 0x0000, 0x0000, 0x0000, 0x0000, 0x0000, 0x0000, 0x0000, 0x0000, 0x0000, 0x0000, 0x0000, 0x0000, 0x0000, 0x0000,
  0x0000, 0x0000, 0x0000, 0x0000, 0x0000, 0x0000, 0x0000, 0x0000, 0x0000, 0x0000, 0x0000, 0xA310, 0x0519, 0xE410, 0xA310, 0xA308,
  0x2421, 0xA218, 0xE320, 0xA639, 0x8A52, 0x8E6B, 0x2C63, 0x0C63, 0xCB52, 0xAA52, 0xCB5A, 0xAB5A, 0xAA52, 0x494A, 0xAA5A, 0x8A52,
  0x694A, 0xC739, 0x6529, 0x694A, 0x0F7C, 0x2F84, 0x0B63, 0x0B63, 0xEA62, 0x2B6B, 0xE739, 0x284A, 0x694A, 0xA631, 0xE318, 0x0421,
  0xC318, 0x0000, 0x2421, 0x0421, 0x4529, 0xA310, 0x0421, 0x0421, 0x0421, 0x0000, 0x0000, 0x0000, 0x0000, 0xE418, 0x283A, 0x6629,
  0x6629, 0xE418, 0x6629, 0xC731, 0x0419, 0x8308, 0xC308, 0x2521, 0x2521, 0xC418, 0x083A, 0x4942, 0x8629, 0xE839, 0x2521, 0x0000,
  0x0000, 0x0000, 0x0000, 0x8210, 0xE418, 0x2421, 0x8629, 0x0000, 0x0421, 0xA731, 0xE418, 0xA631, 0x6952, 0x6529, 0xA631, 0x2421,
  0x4529, 0xC639, 0x0B63, 0x8952, 0xAA5A, 0xEE83, 0x2B63, 0x2C6B, 0xAA52, 0x6D6B, 0xCA52, 0x494A, 0xE739, 0xE739, 0x494A, 0xEB62,
  0xEF7B, 0x1084, 0xCF73, 0xCF73, 0x1084, 0x8D73, 0xCE7B, 0x494A, 0xA220, 0xC320, 0x6631, 0xE418, 0x0000, 0x0000, 0x0000, 0xE410,
  0xE418, 0x0000, 0x0000, 0x0000, 0x0000, 0x0000, 0x0000, 0x0000, 0x0000, 0x0000, 0x0000, 0x0000, 0x0000, 0x0000, 0x0000, 0x0000,
  0x0000, 0x0000, 0x0000, 0x0000, 0x0000, 0x0000, 0x0000, 0x0000, 0x0000, 0x0000, 0x0000, 0x0000, 0x0000, 0x0000, 0x0000, 0x0000,
  0x0000, 0x0000, 0x0000, 0x0000, 0x0000, 0x0000, 0x0000, 0x0000, 0x0000, 0x0000, 0x0000, 0x0000, 0x0000, 0x0000, 0x0000, 0x0000,
  0x0000, 0x0000, 0x0000, 0x0000, 0x0000, 0x0000, 0x0000, 0x0000, 0x0000, 0x0000, 0x0000, 0x0000, 0x0000, 0x0000, 0x0000, 0x0000,
  0x0000, 0x0000, 0x0000, 0x0000, 0x0000, 0x0000, 0x0000, 0x0000, 0x0000, 0x0000, 0x0000, 0x0000, 0x0000, 0x0000, 0x0000, 0x0000,
  0x0000, 0x0000, 0x0000, 0x0000, 0x0000, 0x0000, 0x0000, 0x0000, 0x0000, 0x0000, 0x0000, 0x0000, 0x0000, 0x0000, 0x0000, 0x0000,
  0x0000, 0x0000, 0x0000, 0x0000, 0x0000, 0x0000, 0x0000, 0x0000, 0x0000, 0x0000, 0x0000, 0x0000, 0x0000, 0x0000, 0x0000, 0x0000,
  0x0000, 0x0000, 0x0000, 0x0000, 0x0000, 0x0000, 0x0000, 0x0000, 0x0000, 0x0000, 0x0000, 0x0000, 0x0000, 0x0000, 0x0000, 0x0000,
  0x0000, 0x0000, 0x0000, 0x0000, 0x0000, 0x0000, 0x0000, 0x0000, 0x0000, 0x0000, 0x0000, 0x0000, 0x0000, 0x0000, 0x0000, 0x0000,
  0x0000, 0x0000, 0x0000, 0x0000, 0x0000, 0x0000, 0x0000, 0x0000, 0x0000, 0x0000, 0x0000, 0x0000, 0x0000, 0x0000, 0x0000, 0x0000,
  0x0000, 0x0000, 0x0000, 0x0000, 0x0000, 0x0000, 0x0000, 0x0000, 0x0000, 0x0000, 0x0000, 0x0000, 0x0000, 0x0000, 0x0000, 0x0000,
  0x0000, 0x0000, 0x0000, 0x0000, 0x0000, 0x0000, 0x0000, 0x0000, 0x0000, 0x0000, 0x0000, 0x0000, 0xA210, 0x0321, 0x8218, 0xE320,
  0x284A, 0x4C6B, 0xAA62, 0xA962, 0x0B63, 0x6952, 0x0842, 0x8631, 0x6629, 0x4521, 0x2421, 0xC739, 0x8952, 0xCB5A, 0xEB5A, 0xEB5A,
  0x2B63, 0x2F84, 0x8D73, 0x2C63, 0x484A, 0x694A, 0x8531, 0x8531, 0x4521, 0xC739, 0xA210, 0x0000, 0xC318, 0x0000, 0x4529, 0x0421,
  0xC310, 0x4529, 0xA310, 0x6529, 0xA210, 0x0000, 0x0000, 0x0000, 0x6529, 0xE410, 0x4521, 0xE739, 0xA308, 0x0000, 0x6629, 0xA731,
  0xE410, 0x8308, 0xC410, 0x0419, 0x2521, 0x6629, 0xE418, 0x6629, 0xE418, 0xC739, 0xC739, 0xE318, 0x0000, 0x0000, 0x0000, 0x0000,
  0xC318, 0xE739, 0x6629, 0x8631, 0x4529, 0x0421, 0x8210, 0x2421, 0xE739, 0x6529, 0xC318, 0x6529, 0x2421, 0x0742, 0x484A, 0xC639,
  0x0B63, 0xEA5A, 0x6D6B, 0xAA52, 0xEB5A, 0xAE73, 0xAE73, 0xCB5A, 0xE739, 0x0842, 0xC739, 0xA631, 0x294A, 0x284A, 0x6952, 0x2B73,
  0x2B73, 0x0B73, 0x8E73, 0x6E6B, 0x494A, 0xE328, 0x0329, 0xE418, 0x8208, 0x0000, 0x0000, 0x0000, 0x0000, 0xA310, 0x8208, 0x0000,
  0x0000, 0x0000, 0x0000, 0x0000, 0x0000, 0x0000, 0x0000, 0x0000, 0x0000, 0x0000, 0x0000, 0x0000, 0x0000, 0x0000, 0x0000, 0x0000,
  0x0000, 0x0000, 0x0000, 0x0000, 0x0000, 0x0000, 0x0000, 0x0000, 0x0000, 0x0000, 0x0000, 0x0000, 0x0000, 0x0000, 0x0000, 0x0000,
  0x0000, 0x0000, 0x0000, 0x0000, 0x0000, 0x0000, 0x0000, 0x0000, 0x0000, 0x0000, 0x0000, 0x0000, 0x0000, 0x0000, 0x0000, 0x0000,
  0x0000, 0x0000, 0x0000, 0x0000, 0x0000, 0x0000, 0x0000, 0x0000, 0x0000, 0x0000, 0x0000, 0x0000, 0x0000, 0x0000, 0x0000, 0x0000,
  0x0000, 0x0000, 0x0000, 0x0000, 0x0000, 0x0000, 0x0000, 0x0000, 0x0000, 0x0000, 0x0000, 0x0000, 0x0000, 0x0000, 0x0000, 0x0000,
  0x0000, 0x0000, 0x0000, 0x0000, 0x0000, 0x0000, 0x0000, 0x0000, 0x0000, 0x0000, 0x0000, 0x0000, 0x0000, 0x0000, 0x0000, 0x0000,
  0x0000, 0x0000, 0x0000, 0x0000, 0x0000, 0x0000, 0x0000, 0x0000, 0x0000, 0x0000, 0x0000, 0x0000, 0x0000, 0x0000, 0x0000, 0x0000,
  0x0000, 0x0000, 0x0000, 0x0000, 0x0000, 0x0000, 0x0000, 0x0000, 0x0000, 0x0000, 0x0000, 0x0000, 0x0000, 0x0000, 0x0000, 0x0000,
  0x0000, 0x0000, 0x0000, 0x0000, 0x0000, 0x0000, 0x0000, 0x0000, 0x0000, 0x0000, 0x0000, 0x0000, 0x0000, 0x0000, 0x0000, 0x0000,
  0x0000, 0x0000, 0x0000, 0x0000, 0x0000, 0x0000, 0x0000, 0x0000, 0x0000, 0x0000, 0x0000, 0x0000, 0x0000, 0x0000, 0x0000, 0x0000,
  0x0000, 0x0000, 0x0000, 0x0000, 0x0000, 0x0000, 0x0000, 0x0000, 0x0000, 0x0000, 0x0000, 0x0000, 0x0000, 0x0000, 0x0000, 0x0000,
  0x0000, 0x0000, 0x0000, 0x0000, 0x0000, 0x0000, 0x0000, 0x0000, 0x0000, 0x8218, 0xA220, 0xAA5A, 0x4C6B, 0xE641, 0xE649, 0x2752,
  0x4852, 0x0742, 0xA631, 0x4942, 0x0C5B, 0x4D63, 0xAB52, 0x4521, 0x4529, 0x4521, 0x8631, 0x4842, 0x6C6B, 0xCA5A, 0xCA5A, 0xAA52,
  0x694A, 0x0421, 0xC318, 0x4529, 0xC318, 0x8629, 0x4529, 0x0000, 0x0421, 0xC310, 0x2421, 0xE318, 0x0742, 0x8631, 0x4521, 0x6529,
  0x0000, 0x0000, 0xC318, 0xC310, 0x083A, 0x0419, 0x0419, 0xA729, 0x0000, 0x8308, 0x4521, 0x6621, 0x6629, 0x0000, 0x4521, 0xC310,
  0xA731, 0x2519, 0x0000, 0xC310, 0x2419, 0xA629, 0xC731, 0xA631, 0x083A, 0x0000, 0x0000, 0x0000, 0x8210, 0x2521, 0xEB5A, 0x494A,
  0x6629, 0xE739, 0x0421, 0x0421, 0x0421, 0x0000, 0xE418, 0x6529, 0x0000, 0x2421, 0x8631, 0x0742, 0x2C6B, 0xCE7B, 0xEB5A, 0x0842,
  0xAE73, 0xAA52, 0xE839, 0x6529, 0x694A, 0x2C63, 0x6A4A, 0xEC5A, 0xC839, 0x494A, 0x895A, 0x275A, 0x485A, 0xC649, 0x2752, 0x0F84,
  0x4D6B, 0xA639, 0xC739, 0xE418, 0x0000, 0x0000, 0x0000, 0x0000, 0x0000, 0x0000, 0x0000, 0x0000, 0x0000, 0x0000, 0x0000, 0x0000,
  0x0000, 0x0000, 0x0000, 0x0000, 0x0000, 0x0000, 0x0000, 0x0000, 0x0000, 0x0000, 0x0000, 0x0000, 0x0000, 0x0000, 0x0000, 0x0000,
  0x0000, 0x0000, 0x0000, 0x0000, 0x0000, 0x0000, 0x0000, 0x0000, 0x0000, 0x0000, 0x0000, 0x0000, 0x0000, 0x0000, 0x0000, 0x0000,
  0x0000, 0x0000, 0x0000, 0x0000, 0x0000, 0x0000, 0x0000, 0x0000, 0x0000, 0x0000, 0x0000, 0x0000, 0x0000, 0x0000, 0x0000, 0x0000,
  0x0000, 0x0000, 0x0000, 0x0000, 0x0000, 0x0000, 0x0000, 0x0000, 0x0000, 0x0000, 0x0000, 0x0000, 0x0000, 0x0000, 0x0000, 0x0000,
  0x0000, 0x0000, 0x0000, 0x0000, 0x0000, 0x0000, 0x0000, 0x0000, 0x0000, 0x0000, 0x0000, 0x0000, 0x0000, 0x0000, 0x0000, 0x0000,
  0x0000, 0x0000, 0x0000, 0x0000, 0x0000, 0x0000, 0x0000, 0x0000, 0x0000, 0x0000, 0x0000, 0x0000, 0x0000, 0x0000, 0x0000, 0x0000,
  0x0000, 0x0000, 0x0000, 0x0000, 0x0000, 0x0000, 0x0000, 0x0000, 0x0000, 0x0000, 0x0000, 0x0000, 0x0000, 0x0000, 0x0000, 0x0000,
  0x0000, 0x0000, 0x0000, 0x0000, 0x0000, 0x0000, 0x0000, 0x0000, 0x0000, 0x0000, 0x0000, 0x0000, 0x0000, 0x0000, 0x0000, 0x0000,
  0x0000, 0x0000, 0x0000, 0x0000, 0x0000, 0x0000, 0x0000, 0x0000, 0x0000, 0x0000, 0x0000, 0x0000, 0x0000, 0x0000, 0x0000, 0x0000,
  0x0000, 0x0000, 0x0000, 0x0000, 0x0000, 0x0000, 0x0000, 0x0000, 0x0000, 0x0000, 0x0000, 0x0000, 0x0000, 0x0000, 0x0000, 0x0000,
  0x0000, 0x0000, 0x0000, 0x0000, 0x0000, 0x0000, 0x0000, 0x0000, 0x0000, 0x0000, 0x0000, 0x0000, 0x0000, 0x0000, 0x0000, 0x0000,
  0x0000, 0x0000, 0x0000, 0x0000, 0x0000, 0x4531, 0xA639, 0xAA52, 0x6952, 0xA541, 0x2331, 0xA220, 0xE320, 0x0842, 0x083A, 0xE839,
  0xCB52, 0xEC5A, 0x5184, 0x3084, 0x4D63, 0x2C5B, 0xCA52, 0xA631, 0xC739, 0xCA5A, 0x6529, 0xA631, 0x0742, 0x0421, 0x0000, 0x2421,
  0x0000, 0xA310, 0x6629, 0x6529, 0xC739, 0xA210, 0x4529, 0x6529, 0x694A, 0x6529, 0xE418, 0x8629, 0x8631, 0x4521, 0x283A, 0x2521,
  0xE318, 0xA731, 0xC731, 0x4521, 0x0000, 0x0000, 0xA310, 0x8629, 0x4942, 0x0000, 0x6629, 0x2521, 0xA629, 0xC310, 0x0000, 0xE418,
  0x8629, 0x8629, 0x694A, 0x4521, 0xAA52, 0x4529, 0x0000, 0xE318, 0x4521, 0xE739, 0x694A, 0x0421, 0x8210, 0x8631, 0x6529, 0xA631,
  0xE418, 0x0000, 0x0000, 0xE418, 0xA210, 0x2421, 0x0421, 0xA731, 0xCB5A, 0xCA5A, 0xE741, 0x0B63, 0x0842, 0xE418, 0x8A4A, 0x2C63,
  0x107C, 0x8E6B, 0x0C63, 0xCB5A, 0x2942, 0xE841, 0x8539, 0x4439, 0x6441, 0x8549, 0x275A, 0x4852, 0xAA52, 0xC320, 0xE320, 0xE418,
  0xC310, 0xA310, 0x6208, 0x0000, 0x0000, 0x0000, 0x0000, 0x0000, 0x0000, 0x0000, 0x0000, 0x0000, 0x0000, 0x0000, 0x0000, 0x0000,
  0x0000, 0x0000, 0x0000, 0x0000, 0x0000, 0x0000, 0x0000, 0x0000, 0x0000, 0x0000, 0x0000, 0x0000, 0x0000, 0x0000, 0x0000, 0x0000,
  0x0000, 0x0000, 0x0000, 0x0000, 0x0000, 0x0000, 0x0000, 0x0000, 0x0000, 0x0000, 0x0000, 0x0000, 0x0000, 0x0000, 0x0000, 0x0000,
  0x0000, 0x0000, 0x0000, 0x0000, 0x0000, 0x0000, 0x0000, 0x0000, 0x0000, 0x0000, 0x0000, 0x0000, 0x0000, 0x0000, 0x0000, 0x0000,
  0x0000, 0x0000, 0x0000, 0x0000, 0x0000, 0x0000, 0x0000, 0x0000, 0x0000, 0x0000, 0x0000, 0x0000, 0x0000, 0x0000, 0x0000, 0x0000,
  0x0000, 0x0000, 0x0000, 0x0000, 0x0000, 0x0000, 0x0000, 0x0000, 0x0000, 0x0000, 0x0000, 0x0000, 0x0000, 0x0000, 0x0000, 0x0000,
  0x0000, 0x0000, 0x0000, 0x0000, 0x0000, 0x0000, 0x0000, 0x0000, 0x0000, 0x0000, 0x0000, 0x0000, 0x0000, 0x0000, 0x0000, 0x0000,
  0x0000, 0x0000, 0x0000, 0x0000, 0x0000, 0x0000, 0x0000, 0x0000, 0x0000, 0x0000, 0x0000, 0x0000, 0x0000, 0x0000, 0x0000, 0x0000,
  0x0000, 0x0000, 0x0000, 0x0000, 0x0000, 0x0000, 0x0000, 0x0000, 0x0000, 0x0000, 0x0000, 0x0000, 0x0000, 0x0000, 0x0000, 0x0000,
  0x0000, 0x0000, 0x0000, 0x0000, 0x0000, 0x0000, 0x0000, 0x0000, 0x0000, 0x0000, 0x0000, 0x0000, 0x0000, 0x0000, 0x0000, 0x0000,
  0x0000, 0x0000, 0x0000, 0x0000, 0x0000, 0x0000, 0x0000, 0x0000, 0x0000, 0x0000, 0x0000, 0x0000, 0x0000, 0x0000, 0x0000, 0x0000,
  0x0000, 0x0000, 0x0000, 0x0000, 0x0000, 0x0000, 0x0000, 0x0000, 0x0000, 0x0000, 0x0000, 0x0000, 0x0000, 0x0000, 0x0000, 0x6208,
  0x0519, 0x4529, 0x4529, 0x8952, 0x8539, 0xE228, 0xE328, 0x4531, 0xA739, 0xC739, 0x2942, 0x2C5B, 0x4D63, 0x4D63, 0x4942, 0x3084,
  0x54A5, 0x74A5, 0xF39C, 0x0F84, 0x2C63, 0x484A, 0x6529, 0x2421, 0xE739, 0xA310, 0xE318, 0x8210, 0xC210, 0xE739, 0x8529, 0xAA52,
  0x0419, 0x8631, 0xC739, 0x4529, 0xC318, 0x2842, 0x2421, 0x8631, 0x6529, 0x6529, 0x2421, 0x2421, 0xE739, 0xCB52, 0xCB52, 0x083A,
  0x0000, 0x0000, 0xC310, 0x8629, 0x6629, 0xA310, 0x0419, 0x2521, 0x8629, 0xE418, 0x0000, 0x2521, 0x4942, 0x694A, 0x4D63, 0xC739,
  0x083A, 0x0421, 0x8631, 0x6629, 0x2842, 0x2842, 0x8629, 0x6529, 0x6529, 0xC731, 0x4942, 0xE739, 0x2842, 0x2421, 0x0000, 0xC318,
  0x4529, 0x2421, 0x2842, 0xA631, 0x4529, 0x2529, 0x2842, 0xAA5A, 0xA631, 0x0F7C, 0x718C, 0x3084, 0x107C, 0x5184, 0x6D6B, 0xCF73,
  0x1084, 0x4D63, 0x8952, 0xC649, 0xE230, 0xC130, 0x0339, 0x4852, 0xCF73, 0xC739, 0x0421, 0x8208, 0x0000, 0x0000, 0x0000, 0x0000,
  0x0000, 0x0000, 0x0000, 0x0000, 0x0000, 0x0000, 0x0000, 0x0000, 0x0000, 0x0000, 0x0000, 0x0000, 0x0000, 0x0000, 0x0000, 0x0000,
  0x0000, 0x0000, 0x0000, 0x0000, 0x0000, 0x0000, 0x0000, 0x0000, 0x0000, 0x0000, 0x0000, 0x0000, 0x0000, 0x0000, 0x0000, 0x0000,
  0x0000, 0x0000, 0x0000, 0x0000, 0x0000, 0x0000, 0x0000, 0x0000, 0x0000, 0x0000, 0x0000, 0x0000, 0x0000, 0x0000, 0x0000, 0x0000,
  0x0000, 0x0000, 0x0000, 0x0000, 0x0000, 0x0000, 0x0000, 0x0000, 0x0000, 0x0000, 0x0000, 0x0000, 0x0000, 0x0000, 0x0000, 0x0000,
  0x0000, 0x0000, 0x0000, 0x0000, 0x0000, 0x0000, 0x0000, 0x0000, 0x0000, 0x0000, 0x0000, 0x0000, 0x0000, 0x0000, 0x0000, 0x0000,
  0x0000, 0x0000, 0x0000, 0x0000, 0x0000, 0x0000, 0x0000, 0x0000, 0x0000, 0x0000, 0x0000, 0x0000, 0x0000, 0x0000, 0x0000, 0x0000,
  0x0000, 0x0000, 0x0000, 0x0000, 0x0000, 0x0000, 0x0000, 0x0000, 0x0000, 0x0000, 0x0000, 0x0000, 0x0000, 0x0000, 0x0000, 0x0000,
  0x0000, 0x0000, 0x0000, 0x0000, 0x0000, 0x0000, 0x0000, 0x0000, 0x0000, 0x0000, 0x0000, 0x0000, 0x0000, 0x0000, 0x0000, 0x0000,
  0x0000, 0x0000, 0x0000, 0x0000, 0x0000, 0x0000, 0x0000, 0x0000, 0x0000, 0x0000, 0x0000, 0x0000, 0x0000, 0x0000, 0x0000, 0x0000,
  0x0000, 0x0000, 0x0000, 0x0000, 0x0000, 0x0000, 0x0000, 0x0000, 0x0000, 0x0000, 0x0000, 0x0000, 0x0000, 0x0000, 0x0000, 0x0000,
  0x0000, 0x0000, 0x0000, 0x0000, 0x0000, 0x0000, 0x0000, 0x0000, 0x0000, 0x0000, 0x0000, 0x0000, 0x0000, 0x0000, 0x0000, 0x0000,
  0x0000, 0x0000, 0x0000, 0x0000, 0x0000, 0x0000, 0x0000, 0x0000, 0x0000, 0x0000, 0x0000, 0xA308, 0xC310, 0x4529, 0x2C63, 0x0B5B,
  0xC739, 0x0742, 0xC741, 0x0842, 0x083A, 0x0C5B, 0x4D63, 0xAF6B, 0x8E6B, 0x2C5B, 0x5084, 0x3084, 0x4C6B, 0x2B63, 0x6D6B, 0x8D73,
  0x4C6B, 0x694A, 0x0421, 0xC318, 0x4529, 0xE418, 0xA310, 0xA210, 0xE318, 0x8631, 0x894A, 0x2842, 0x8629, 0x8629, 0xA631, 0xA631,
  0x2521, 0xA631, 0x2421, 0x6529, 0x4529, 0x0000, 0x0000, 0xA731, 0xAB52, 0x2C63, 0x2C63, 0xEB5A, 0x8629, 0x0000, 0x8208, 0x6629,
  0xE418, 0x0000, 0x0419, 0xC731, 0x8A4A, 0x0421, 0x0000, 0x8631, 0xAA52, 0xCA52, 0x8D73, 0x2C63, 0x2521, 0x0000, 0x0421, 0x8631,
  0x4521, 0xA631, 0xE739, 0xE418, 0x8631, 0x8952, 0x694A, 0x694A, 0xC739, 0x6529, 0x2421, 0xA310, 0x2421, 0x4942, 0x6529, 0xC318,
  0x4529, 0x0421, 0xA631, 0x2842, 0xAE7B, 0x8D73, 0x0B63, 0xEE7B, 0x508C, 0xF39C, 0x34A5, 0x54AD, 0xB294, 0xEF83, 0xEB62, 0xC641,
  0xA641, 0xE749, 0xE749, 0x494A, 0xCF73, 0x2C63, 0xA739, 0x2519, 0x0000, 0x0000, 0x0000, 0x0000, 0x0000, 0x0000, 0x0000, 0x0000,
  0x0000, 0x0000, 0x0000, 0x0000, 0x0000, 0x0000, 0x0000, 0x0000, 0x0000, 0x0000, 0x0000, 0x0000, 0x0000, 0x0000, 0x0000, 0x0000,
  0x0000, 0x0000, 0x0000, 0x0000, 0x0000, 0x0000, 0x0000, 0x0000, 0x0000, 0x0000, 0x0000, 0x0000, 0x0000, 0x0000, 0x0000, 0x0000,
  0x0000, 0x0000, 0x0000, 0x0000, 0x0000, 0x0000, 0x0000, 0x0000, 0x0000, 0x0000, 0x0000, 0x0000, 0x0000, 0x0000, 0x0000, 0x0000,
  0x0000, 0x0000, 0x0000, 0x0000, 0x0000, 0x0000, 0x0000, 0x0000, 0x0000, 0x0000, 0x0000, 0x0000, 0x0000, 0x0000, 0x0000, 0x0000,
  0x0000, 0x0000, 0x0000, 0x0000, 0x0000, 0x0000, 0x0000, 0x0000, 0x0000, 0x0000, 0x0000, 0x0000, 0x0000, 0x0000, 0x0000, 0x0000,
  0x0000, 0x0000, 0x0000, 0x0000, 0x0000, 0x0000, 0x0000, 0x0000, 0x0000, 0x0000, 0x0000, 0x0000, 0x0000, 0x0000, 0x0000, 0x0000,
  0x0000, 0x0000, 0x0000, 0x0000, 0x0000, 0x0000, 0x0000, 0x0000, 0x0000, 0x0000, 0x0000, 0x0000, 0x0000, 0x0000, 0x0000, 0x0000,
  0x0000, 0x0000, 0x0000, 0x0000, 0x0000, 0x0000, 0x0000, 0x0000, 0x0000, 0x0000, 0x0000, 0x0000, 0x0000, 0x0000, 0x0000, 0x0000,
  0x0000, 0x0000, 0x0000, 0x0000, 0x0000, 0x0000, 0x0000, 0x0000, 0x0000, 0x0000, 0x0000, 0x0000, 0x0000, 0x0000, 0x0000, 0x0000,
  0x0000, 0x0000, 0x0000, 0x0000, 0x0000, 0x0000, 0x0000, 0x0000, 0x0000, 0x0000, 0x0000, 0x0000, 0x0000, 0x0000, 0x0000, 0x0000,
  0x0000, 0x0000, 0x0000, 0x0000, 0x0000, 0x0000, 0x0000, 0x0000, 0x0000, 0x0000, 0x0000, 0x0000, 0x0000, 0x0000, 0x0000, 0x0000,
  0x0000, 0x0000, 0x0000, 0x0000, 0x0000, 0x0000, 0x6208, 0x0000, 0xC310, 0x4529, 0xEB5A, 0x0C5B, 0xAA52, 0x6E6B, 0x307C, 0xB28C,
  0x317C, 0xAF6B, 0x7184, 0x3084, 0x5084, 0xEF7B, 0xEB5A, 0xEB5A, 0xAA52, 0x0742, 0x8631, 0x4529, 0x8531, 0x0742, 0x8631, 0x4529,
  0xE318, 0x2421, 0xA631, 0x6529, 0x4529, 0x6529, 0x694A, 0x2521, 0x083A, 0x494A, 0xC318, 0xA731, 0x6629, 0x4421, 0xC739, 0x4521,
  0x0000, 0x0000, 0x0000, 0x2C63, 0x8A4A, 0x2842, 0xEB5A, 0x0C63, 0xCB52, 0x0000, 0x0000, 0xE418, 0xE418, 0x6208, 0xC310, 0xA310,
  0x8629, 0xA210, 0x0000, 0x0C63, 0x0C5B, 0xEB5A, 0xAA52, 0xEB5A, 0x4942, 0x0000, 0x0000, 0x2521, 0xA631, 0x8631, 0x2842, 0xC739,
  0x2521, 0xE739, 0x8629, 0xA631, 0x8631, 0x694A, 0x6529, 0x6529, 0x0842, 0xA631, 0x4529, 0x2421, 0x4529, 0x6529, 0x6529, 0xC739,
  0x284A, 0x484A, 0x0842, 0xCA5A, 0x9194, 0xB194, 0x0F84, 0x9194, 0xEF7B, 0x6D73, 0xAE7B, 0x1084, 0x918C, 0x518C, 0x2C63, 0xCB5A,
  0x718C, 0xEB5A, 0xA631, 0xE410, 0xA308, 0x0000, 0x0000, 0x0000, 0x0000, 0x0000, 0x0000, 0x0000, 0x0000, 0x0000, 0x0000, 0x0000,
  0x0000, 0x0000, 0x0000, 0x0000, 0x0000, 0x0000, 0x0000, 0x0000, 0x0000, 0x0000, 0x0000, 0x0000, 0x0000, 0x0000, 0x0000, 0x0000,
  0x0000, 0x0000, 0x0000, 0x0000, 0x0000, 0x0000, 0x0000, 0x0000, 0x0000, 0x0000, 0x0000, 0x0000, 0x0000, 0x0000, 0x0000, 0x0000,
  0x0000, 0x0000, 0x0000, 0x0000, 0x0000, 0x0000, 0x0000, 0x0000, 0x0000, 0x0000, 0x0000, 0x0000, 0x0000, 0x0000, 0x0000, 0x0000,
  0x0000, 0x0000, 0x0000, 0x0000, 0x0000, 0x0000, 0x0000, 0x0000, 0x0000, 0x0000, 0x0000, 0x0000, 0x0000, 0x0000, 0x0000, 0x0000,
  0x0000, 0x0000, 0x0000, 0x0000, 0x0000, 0x0000, 0x0000, 0x0000, 0x0000, 0x0000, 0x0000, 0x0000, 0x0000, 0x0000, 0x0000, 0x0000,
  0x0000, 0x0000, 0x0000, 0x0000, 0x0000, 0x0000, 0x0000, 0x0000, 0x0000, 0x0000, 0x0000, 0x0000, 0x0000, 0x0000, 0x0000, 0x0000,
  0x0000, 0x0000, 0x0000, 0x0000, 0x0000, 0x0000, 0x0000, 0x0000, 0x0000, 0x0000, 0x0000, 0x0000, 0x0000, 0x0000, 0x0000, 0x0000,
  0x0000, 0x0000, 0x0000, 0x0000, 0x0000, 0x0000, 0x0000, 0x0000, 0x0000, 0x0000, 0x0000, 0x0000, 0x0000, 0x0000, 0x0000, 0x0000,
  0x0000, 0x0000, 0x0000, 0x0000, 0x0000, 0x0000, 0x0000, 0x0000, 0x0000, 0x0000, 0x0000, 0x0000, 0x0000, 0x0000, 0x0000, 0x0000,
  0x0000, 0x0000, 0x0000, 0x0000, 0x0000, 0x0000, 0x0000, 0x0000, 0x0000, 0x0000, 0x0000, 0x0000, 0x0000, 0x0000, 0x0000, 0x0000,
  0x0000, 0x0000, 0x0000, 0x0000, 0x0000, 0x0000, 0x0000, 0x0000, 0x0000, 0x0000, 0x0000, 0x0000, 0x0000, 0x0000, 0x0000, 0x0000,
  0x0000, 0x0000, 0x0000, 0x6208, 0xA310, 0x4429, 0x4942, 0xAE73, 0xE739, 0x4531, 0x2842, 0x317C, 0x928C, 0xD394, 0xF39C, 0x139D,
  0x9194, 0x0F7C, 0x4C6B, 0x694A, 0x0842, 0x6529, 0x4521, 0xA631, 0xC739, 0x2421, 0x4529, 0x8631, 0x694A, 0x694A, 0x484A, 0x2742,
  0x0742, 0xE739, 0xA631, 0xE418, 0x6629, 0x2942, 0x8208, 0xA631, 0xA631, 0xE739, 0x6529, 0x0000, 0x0000, 0x0000, 0x0521, 0x2942,
  0x0842, 0xE839, 0xAE73, 0x0F7C, 0x694A, 0x0000, 0x0421, 0xC731, 0x8208, 0xC310, 0xA210, 0x8208, 0x6629, 0x0000, 0x6629, 0x6D6B,
  0x4C63, 0xEB5A, 0x083A, 0x694A, 0x694A, 0x0000, 0x0000, 0x0000, 0x8629, 0x8631, 0x6629, 0x494A, 0x0842, 0xA631, 0x8631, 0x4529,
  0xE739, 0x2B63, 0x8952, 0x2C63, 0x0742, 0x8631, 0x2521, 0x4529, 0xA639, 0x694A, 0xE739, 0x0742, 0x4521, 0xC739, 0xC739, 0x8A52,
  0x2C63, 0x4C6B, 0x0F84, 0x7194, 0x13A5, 0xD29C, 0x918C, 0xCF7B, 0xCA5A, 0xC639, 0x8639, 0x2C6B, 0x518C, 0xA639, 0x0421, 0x0419,
  0x0519, 0x0000, 0x0000, 0x0000, 0x0000, 0x0000, 0x0000, 0x0000, 0x0000, 0x0000, 0x0000, 0x0000, 0x0000, 0x0000, 0x0000, 0x0000,
  0x0000, 0x0000, 0x0000, 0x0000, 0x0000, 0x0000, 0x0000, 0x0000, 0x0000, 0x0000, 0x0000, 0x0000, 0x0000, 0x0000, 0x0000, 0x0000,
  0x0000, 0x0000, 0x0000, 0x0000, 0x0000, 0x0000, 0x0000, 0x0000, 0x0000, 0x0000, 0x0000, 0x0000, 0x0000, 0x0000, 0x0000, 0x0000,
  0x0000, 0x0000, 0x0000, 0x0000, 0x0000, 0x0000, 0x0000, 0x0000, 0x0000, 0x0000, 0x0000, 0x0000, 0x0000, 0x0000, 0x0000, 0x0000,
  0x0000, 0x0000, 0x0000, 0x0000, 0x0000, 0x0000, 0x0000, 0x0000, 0x0000, 0x0000, 0x0000, 0x0000, 0x0000, 0x0000, 0x0000, 0x0000,
  0x0000, 0x0000, 0x0000, 0x0000, 0x0000, 0x0000, 0x0000, 0x0000, 0x0000, 0x0000, 0x0000, 0x0000, 0x0000, 0x0000, 0x0000, 0x0000,
  0x0000, 0x0000, 0x0000, 0x0000, 0x0000, 0x0000, 0x0000, 0x0000, 0x0000, 0x0000, 0x0000, 0x0000, 0x0000, 0x0000, 0x0000, 0x0000,
  0x0000, 0x0000, 0x0000, 0x0000, 0x0000, 0x0000, 0x0000, 0x0000, 0x0000, 0x0000, 0x0000, 0x0000, 0x0000, 0x0000, 0x0000, 0x0000,
  0x0000, 0x0000, 0x0000, 0x0000, 0x0000, 0x0000, 0x0000, 0x0000, 0x0000, 0x0000, 0x0000, 0x0000, 0x0000, 0x0000, 0x0000, 0x0000,
  0x0000, 0x0000, 0x0000, 0x0000, 0x0000, 0x0000, 0x0000, 0x0000, 0x0000, 0x0000, 0x0000, 0x0000, 0x0000, 0x0000, 0x0000, 0x0000,
  0x0000, 0x0000, 0x0000, 0x0000, 0x0000, 0x0000, 0x0000, 0x0000, 0x0000, 0x0000, 0x0000, 0x0000, 0x0000, 0x0000, 0x0000, 0x0000,
  0x0000, 0x0000, 0x0000, 0x0000, 0x0000, 0x0000, 0x0000, 0x0000, 0x0000, 0x0000, 0x0000, 0x0000, 0x0000, 0x0000, 0x0000, 0xA308,
  0x0000, 0x0421, 0x4529, 0x0C5B, 0xEB5A, 0xA639, 0x8218, 0xA218, 0xA631, 0x4D63, 0xEF7B, 0x3084, 0x5084, 0xEF7B, 0x694A, 0x694A,
  0x8631, 0x2421, 0x8629, 0x8631, 0x8952, 0xAA5A, 0xA310, 0x4521, 0x4529, 0x2842, 0xCA52, 0x8A52, 0xC639, 0xAA52, 0x8631, 0xA210,
  0x2521, 0xE839, 0xA731, 0xA631, 0x0419, 0xA631, 0xE318, 0x0000, 0x0000, 0x0000, 0x0519, 0x4521, 0x0419, 0xE739, 0x6D6B, 0xEB5A,
  0xCB52, 0x2521, 0xA631, 0xA631, 0x0000, 0xE418, 0xA210, 0xC731, 0x8731, 0x0000, 0x2942, 0xEB5A, 0x0C5B, 0xAA52, 0xE739, 0x6529,
  0x0419, 0x0000, 0x0000, 0x8210, 0xE418, 0x8631, 0xC739, 0x2842, 0xE739, 0xA631, 0xE739, 0x0419, 0xC739, 0x694A, 0x6D6B, 0x2B63,
  0x6952, 0xC739, 0x4529, 0xE418, 0xE739, 0x8952, 0x8952, 0xE739, 0x8531, 0xAA52, 0x0842, 0xC739, 0xAA5A, 0xAE7B, 0xAE73, 0xEF83,
  0x718C, 0xEF7B, 0x2C63, 0xAA5A, 0xE741, 0xC641, 0x484A, 0x6D6B, 0xCA5A, 0x6531, 0x0421, 0xE418, 0x2519, 0x8308, 0x0000, 0x0000,
  0x0000, 0x0000, 0x0000, 0x0000, 0x0000, 0x0000, 0x0000, 0x0000, 0x0000, 0x0000, 0x0000, 0x0000, 0x0000, 0x0000, 0x0000, 0x0000,
  0x0000, 0x0000, 0x0000, 0x0000, 0x0000, 0x0000, 0x0000, 0x0000, 0x0000, 0x0000, 0x0000, 0x0000, 0x0000, 0x0000, 0x0000, 0x0000,
  0x0000, 0x0000, 0x0000, 0x0000, 0x0000, 0x0000, 0x0000, 0x0000, 0x0000, 0x0000, 0x0000, 0x0000, 0x0000, 0x0000, 0x0000, 0x0000,
  0x0000, 0x0000, 0x0000, 0x0000, 0x0000, 0x0000, 0x0000, 0x0000, 0x0000, 0x0000, 0x0000, 0x0000, 0x0000, 0x0000, 0x0000, 0x0000,
  0x0000, 0x0000, 0x0000, 0x0000, 0x0000, 0x0000, 0x0000, 0x0000, 0x0000, 0x0000, 0x0000, 0x0000, 0x0000, 0x0000, 0x0000, 0x0000,
  0x0000, 0x0000, 0x0000, 0x0000, 0x0000, 0x0000, 0x0000, 0x0000, 0x0000, 0x0000, 0x0000, 0x0000, 0x0000, 0x0000, 0x0000, 0x0000,
  0x0000, 0x0000, 0x0000, 0x0000, 0x0000, 0x0000, 0x0000, 0x0000, 0x0000, 0x0000, 0x0000, 0x0000, 0x0000, 0x0000, 0x0000, 0x0000,
  0x0000, 0x0000, 0x0000, 0x0000, 0x0000, 0x0000, 0x0000, 0x0000, 0x0000, 0x0000, 0x0000, 0x0000, 0x0000, 0x0000, 0x0000, 0x0000,
  0x0000, 0x0000, 0x0000, 0x0000, 0x0000, 0x0000, 0x0000, 0x0000, 0x0000, 0x0000, 0x0000, 0x0000, 0x0000, 0x0000, 0x0000, 0x0000,
  0x0000, 0x0000, 0x0000, 0x0000, 0x0000, 0x0000, 0x0000, 0x0000, 0x0000, 0x0000, 0x0000, 0x0000, 0x0000, 0x0000, 0x0000, 0x0000,
  0x0000, 0x0000, 0x0000, 0x0000, 0x0000, 0x0000, 0x0000, 0x0000, 0x0000, 0x0000, 0x0000, 0x0000, 0x0000, 0x0000, 0x0000, 0x0000,
  0x0000, 0x0000, 0x0000, 0x0000, 0x0000, 0x0000, 0x0000, 0x0000, 0x0000, 0x0000, 0xA308, 0x0419, 0x8208, 0xA310, 0xA210, 0x0419,
  0x4942, 0x2529, 0x4529, 0x0421, 0x8210, 0xE420, 0xC739, 0xE739, 0x0B63, 0x0842, 0xC739, 0xE739, 0x694A, 0x2842, 0xC739, 0xE418,
  0x6529, 0xC739, 0xE418, 0x0421, 0xC631, 0x2842, 0x4529, 0x694A, 0x4942, 0x6529, 0x8631, 0x0421, 0xE318, 0x8631, 0x6A4A, 0xE739,
  0x4521, 0x6529, 0xA210, 0xA310, 0xE418, 0xC410, 0x0000, 0x6208, 0xE418, 0xE739, 0x2842, 0x4D6B, 0x4D63, 0x2421, 0x6529, 0x083A,
  0xA310, 0x0000, 0xA310, 0x8629, 0x0419, 0x6629, 0x6D6B, 0x8E73, 0x0C63, 0xE739, 0xA631, 0xA310, 0x0000, 0x0419, 0x4529, 0xA310,
  0x8210, 0xA731, 0x8631, 0xC739, 0x083A, 0xC739, 0x0419, 0x4529, 0xC739, 0xE739, 0x0742, 0x8952, 0xCA5A, 0xCA5A, 0xE739, 0x2521,
  0xA631, 0x6529, 0xC739, 0xE739, 0x6952, 0xEB62, 0xC739, 0x494A, 0x494A, 0xCA5A, 0xCB5A, 0x4C6B, 0xAE7B, 0x6D73, 0x0C63, 0x8531,
  0xC320, 0x0421, 0xC739, 0x694A, 0x0421, 0x2429, 0x8210, 0x2521, 0xA729, 0x4621, 0x6208, 0x0000, 0x0000, 0x0000, 0x0000, 0x0000,
  0x0000, 0x0000, 0x0000, 0x0000, 0x0000, 0x0000, 0x0000, 0x0000, 0x0000, 0x0000, 0x0000, 0x0000, 0x0000, 0x0000, 0x0000, 0x0000,
  0x0000, 0x0000, 0x0000, 0x0000, 0x0000, 0x0000, 0x0000, 0x0000, 0x0000, 0x0000, 0x0000, 0x0000, 0x0000, 0x0000, 0x0000, 0x0000,
  0x0000, 0x0000, 0x0000, 0x0000, 0x0000, 0x0000, 0x0000, 0x0000, 0x0000, 0x0000, 0x0000, 0x0000, 0x0000, 0x0000, 0x0000, 0x0000,
  0x0000, 0x0000, 0x0000, 0x0000, 0x0000, 0x0000, 0x0000, 0x0000, 0x0000, 0x0000, 0x0000, 0x0000, 0x0000, 0x0000, 0x0000, 0x0000,
  0x0000, 0x0000, 0x0000, 0x0000, 0x0000, 0x0000, 0x0000, 0x0000, 0x0000, 0x0000, 0x0000, 0x0000, 0x0000, 0x0000, 0x0000, 0x0000,
  0x0000, 0x0000, 0x0000, 0x0000, 0x0000, 0x0000, 0x0000, 0x0000, 0x0000, 0x0000, 0x0000, 0x0000, 0x0000, 0x0000, 0x0000, 0x0000,
  0x0000, 0x0000, 0x0000, 0x0000, 0x0000, 0x0000, 0x0000, 0x0000, 0x0000, 0x0000, 0x0000, 0x0000, 0x0000, 0x0000, 0x0000, 0x0000,
  0x0000, 0x0000, 0x0000, 0x0000, 0x0000, 0x0000, 0x0000, 0x0000, 0x0000, 0x0000, 0x0000, 0x0000, 0x0000, 0x0000, 0x0000, 0x0000,
  0x0000, 0x0000, 0x0000, 0x0000, 0x0000, 0x0000, 0x0000, 0x0000, 0x0000, 0x0000, 0x0000, 0x0000, 0x0000, 0x0000, 0x0000, 0x0000,
  0x0000, 0x0000, 0x0000, 0x0000, 0x0000, 0x0000, 0x0000, 0x0000, 0x0000, 0x0000, 0x0000, 0x0000, 0x0000, 0x0000, 0x0000, 0x0000,
  0x0000, 0x0000, 0x0000, 0x0000, 0x0000, 0x0000, 0x0000, 0x0000, 0x0000, 0x0000, 0x0000, 0x0000, 0x0000, 0x0000, 0x0000, 0x0000,
  0x0000, 0x0000, 0x0000, 0x0000, 0x0000, 0xC310, 0x2519, 0x0519, 0x8208, 0x0000, 0x0421, 0xA310, 0x4521, 0x0421, 0x0421, 0xE839,
  0x0842, 0xE839, 0x8631, 0x2521, 0x0842, 0xE839, 0xC418, 0xC739, 0x083A, 0x0842, 0x2842, 0xC310, 0x0000, 0x0000, 0x0419, 0x0842,
  0xAA52, 0x694A, 0x484A, 0x8631, 0x694A, 0x8629, 0xE418, 0x6529, 0x0000, 0xC310, 0x694A, 0x8A4A, 0x2421, 0x6529, 0x4529, 0xC318,
  0x083A, 0xE731, 0x0000, 0x0000, 0x0421, 0x083A, 0x0842, 0x718C, 0x6D6B, 0x8631, 0xE418, 0xC731, 0x2421, 0xA310, 0x0000, 0x8629,
  0x8208, 0x8631, 0xCF7B, 0x6D6B, 0xEB5A, 0x2842, 0x2421, 0x0000, 0x0000, 0x083A, 0x2942, 0xA310, 0x0419, 0x6529, 0x2521, 0x2842,
  0x083A, 0x0421, 0x0842, 0x6529, 0x4942, 0x8629, 0xC739, 0x0842, 0x484A, 0x0B63, 0xC739, 0x0421, 0x4529, 0x6529, 0x0842, 0x8631,
  0x484A, 0xC739, 0x6952, 0x494A, 0xA631, 0x8631, 0xE841, 0xEB5A, 0xCF7B, 0xCB5A, 0xA218, 0xC318, 0x2429, 0xA731, 0x694A, 0xC731,
  0x2421, 0x2529, 0xC310, 0x6629, 0xC731, 0x6621, 0xA308, 0x0000, 0x0000, 0x0000, 0x0000, 0x0000, 0x0000, 0x0000, 0x0000, 0x0000,
  0x0000, 0x0000, 0x0000, 0x0000, 0x0000, 0x0000, 0x0000, 0x0000, 0x0000, 0x0000, 0x0000, 0x0000, 0x0000, 0x0000, 0x0000, 0x0000,
  0x0000, 0x0000, 0x0000, 0x0000, 0x0000, 0x0000, 0x0000, 0x0000, 0x0000, 0x0000, 0x0000, 0x0000, 0x0000, 0x0000, 0x0000, 0x0000,
  0x0000, 0x0000, 0x0000, 0x0000, 0x0000, 0x0000, 0x0000, 0x0000, 0x0000, 0x0000, 0x0000, 0x0000, 0x0000, 0x0000, 0x0000, 0x0000,
  0x0000, 0x0000, 0x0000, 0x0000, 0x0000, 0x0000, 0x0000, 0x0000, 0x0000, 0x0000, 0x0000, 0x0000, 0x0000, 0x0000, 0x0000, 0x0000,
  0x0000, 0x0000, 0x0000, 0x0000, 0x0000, 0x0000, 0x0000, 0x0000, 0x0000, 0x0000, 0x0000, 0x0000, 0x0000, 0x0000, 0x0000, 0x0000,
  0x0000, 0x0000, 0x0000, 0x0000, 0x0000, 0x0000, 0x0000, 0x0000, 0x0000, 0x0000, 0x0000, 0x0000, 0x0000, 0x0000, 0x0000, 0x0000,
  0x0000, 0x0000, 0x0000, 0x0000, 0x0000, 0x0000, 0x0000, 0x0000, 0x0000, 0x0000, 0x0000, 0x0000, 0x0000, 0x0000, 0x0000, 0x0000,
  0x0000, 0x0000, 0x0000, 0x0000, 0x0000, 0x0000, 0x0000, 0x0000, 0x0000, 0x0000, 0x0000, 0x0000, 0x0000, 0x0000, 0x0000, 0x0000,
  0x0000, 0x0000, 0x0000, 0x0000, 0x0000, 0x0000, 0x0000, 0x0000, 0x0000, 0x0000, 0x0000, 0x0000, 0x0000, 0x0000, 0x0000, 0x0000,
  0x0000, 0x0000, 0x0000, 0x0000, 0x0000, 0x0000, 0x0000, 0x0000, 0x0000, 0x0000, 0x0000, 0x0000, 0x0000, 0x0000, 0x0000, 0x0000,
  0x0000, 0x0000, 0x0000, 0x0000, 0x0000, 0x0000, 0x0000, 0x0000, 0x0000, 0x0000, 0x0000, 0x0000, 0x0000, 0x0000, 0x0000, 0x0000,
  0x0000, 0x0000, 0x0000, 0xA310, 0xA310, 0x8208, 0xA310, 0x0000, 0x6208, 0x0419, 0x8210, 0x8310, 0xA310, 0x083A, 0x0C5B, 0x2842,
  0x6629, 0xC310, 0x0419, 0x0842, 0x2C63, 0xA631, 0xC739, 0xE318, 0x4521, 0x6529, 0x0419, 0x8952, 0x4C6B, 0x494A, 0x4C6B, 0x8631,
  0x6629, 0x4529, 0xA731, 0xE418, 0x4942, 0xA310, 0x6529, 0x083A, 0x8210, 0xC310, 0xA310, 0x2521, 0x2C63, 0xEB5A, 0xE418, 0x0000,
  0x0000, 0x8629, 0x694A, 0x6D6B, 0x4C63, 0xAA52, 0x8210, 0x6629, 0xE318, 0x8210, 0x6529, 0xA731, 0x8629, 0xC739, 0x2C63, 0x6D6B,
  0x4D6B, 0x6629, 0x0000, 0x0000, 0x0419, 0xAA52, 0x694A, 0x4529, 0xE418, 0xE418, 0x2521, 0x2842, 0x2421, 0x0842, 0x8A4A, 0xEB5A,
  0x8629, 0xA731, 0x0842, 0x6629, 0xAA5A, 0xAA52, 0xCA5A, 0x284A, 0xA631, 0xE739, 0xC318, 0xA731, 0x6629, 0x4529, 0x2842, 0xCB5A,
  0x6A4A, 0x6629, 0x2521, 0x6A4A, 0xCB5A, 0x0842, 0x2942, 0xE839, 0x6629, 0x8629, 0x8629, 0x0000, 0x0000, 0xA310, 0x0419, 0x2521,
  0x2521, 0xA310, 0x0000, 0x0000, 0x0000, 0x0000, 0x0000, 0x0000, 0x0000, 0x0000, 0x0000, 0x0000, 0x0000, 0x0000, 0x0000, 0x0000,
  0x0000, 0x0000, 0x0000, 0x0000, 0x0000, 0x0000, 0x0000, 0x0000, 0x0000, 0x0000, 0x0000, 0x0000, 0x0000, 0x0000, 0x0000, 0x0000,
  0x0000, 0x0000, 0x0000, 0x0000, 0x0000, 0x0000, 0x0000, 0x0000, 0x0000, 0x0000, 0x0000, 0x0000, 0x0000, 0x0000, 0x0000, 0x0000,
  0x0000, 0x0000, 0x0000, 0x0000, 0x0000, 0x0000, 0x0000, 0x0000, 0x0000, 0x0000, 0x0000, 0x0000, 0x0000, 0x0000, 0x0000, 0x0000,
  0x0000, 0x0000, 0x0000, 0x0000, 0x0000, 0x0000, 0x0000, 0x0000, 0x0000, 0x0000, 0x0000, 0x0000, 0x0000, 0x0000, 0x0000, 0x0000,
  0x0000, 0x0000, 0x0000, 0x0000, 0x0000, 0x0000, 0x0000, 0x0000, 0x0000, 0x0000, 0x0000, 0x0000, 0x0000, 0x0000, 0x0000, 0x0000,
  0x0000, 0x0000, 0x0000, 0x0000, 0x0000, 0x0000, 0x0000, 0x0000, 0x0000, 0x0000, 0x0000, 0x0000, 0x0000, 0x0000, 0x0000, 0x0000,
  0x0000, 0x0000, 0x0000, 0x0000, 0x0000, 0x0000, 0x0000, 0x0000, 0x0000, 0x0000, 0x0000, 0x0000, 0x0000, 0x0000, 0x0000, 0x0000,
  0x0000, 0x0000, 0x0000, 0x0000, 0x0000, 0x0000, 0x0000, 0x0000, 0x0000, 0x0000, 0x0000, 0x0000, 0x0000, 0x0000, 0x0000, 0x0000,
  0x0000, 0x0000, 0x0000, 0x0000, 0x0000, 0x0000, 0x0000, 0x0000, 0x0000, 0x0000, 0x0000, 0x0000, 0x0000, 0x0000, 0x0000, 0x0000,
  0x0000, 0x0000, 0x0000, 0x0000, 0x0000, 0x0000, 0x0000, 0x0000, 0x0000, 0x0000, 0x0000, 0x0000, 0x0000, 0x0000, 0x0000, 0x0000,
  0x0000, 0x0000, 0x0000, 0x0000, 0x0000, 0x0000, 0x0000, 0x0000, 0x0000, 0x0000, 0x0000, 0x0000, 0x0000, 0x6208, 0xA310, 0xA310,
  0x6208, 0x0000, 0x0000, 0x0000, 0x0000, 0x8208, 0x8208, 0x0000, 0xC310, 0x8208, 0x4521, 0x083A, 0x2942, 0x6629, 0x2521, 0xA731,
  0x4942, 0x8629, 0x2521, 0xE739, 0xC731, 0x494A, 0xC631, 0xAA52, 0x8D6B, 0x2842, 0x083A, 0x2521, 0x4521, 0xE418, 0x6629, 0x8A4A,
  0x8A4A, 0xCB52, 0x4521, 0xE731, 0x0000, 0x8208, 0xC418, 0x6629, 0xEB5A, 0x4C63, 0xA631, 0x8210, 0x0000, 0x2421, 0x2842, 0xEB5A,
  0x0C63, 0x4942, 0x8210, 0xC318, 0xA310, 0xC318, 0x2521, 0x0421, 0x8631, 0xAA52, 0x494A, 0x0C63, 0x0C63, 0xA631, 0x0000, 0x0000,
  0xA631, 0xCB5A, 0xEF7B, 0xCB5A, 0x2421, 0x8208, 0x6529, 0x6629, 0x8629, 0xC739, 0x8E6B, 0x8A4A, 0x0419, 0x2521, 0x0419, 0xC739,
  0xCA5A, 0xAA52, 0x694A, 0x2C63, 0xAA5A, 0xE418, 0x6529, 0x2942, 0x4629, 0x494A, 0x0842, 0xE739, 0x2521, 0x0521, 0x8629, 0xA731,
  0xAB52, 0xEF7B, 0x0C5B, 0x6629, 0xC418, 0x8208, 0x0000, 0x0000, 0x0000, 0x0000, 0x0000, 0xC310, 0x0419, 0xA310, 0x0000, 0x0000,
  0x0000, 0x0000, 0x0000, 0x0000, 0x0000, 0x0000, 0x0000, 0x0000, 0x0000, 0x0000, 0x0000, 0x0000, 0x0000, 0x0000, 0x0000, 0x0000,
  0x0000, 0x0000, 0x0000, 0x0000, 0x0000, 0x0000, 0x0000, 0x0000, 0x0000, 0x0000, 0x0000, 0x0000, 0x0000, 0x0000, 0x0000, 0x0000,
  0x0000, 0x0000, 0x0000, 0x0000, 0x0000, 0x0000, 0x0000, 0x0000, 0x0000, 0x0000, 0x0000, 0x0000, 0x0000, 0x0000, 0x0000, 0x0000,
  0x0000, 0x0000, 0x0000, 0x0000, 0x0000, 0x0000, 0x0000, 0x0000, 0x0000, 0x0000, 0x0000, 0x0000, 0x0000, 0x0000, 0x0000, 0x0000,
  0x0000, 0x0000, 0x0000, 0x0000, 0x0000, 0x0000, 0x0000, 0x0000, 0x0000, 0x0000, 0x0000, 0x0000, 0x0000, 0x0000, 0x0000, 0x0000,
  0x0000, 0x0000, 0x0000, 0x0000, 0x0000, 0x0000, 0x0000, 0x0000, 0x0000, 0x0000, 0x0000, 0x0000, 0x0000, 0x0000, 0x0000, 0x0000,
  0x0000, 0x0000, 0x0000, 0x0000, 0x0000, 0x0000, 0x0000, 0x0000, 0x0000, 0x0000, 0x0000, 0x0000, 0x0000, 0x0000, 0x0000, 0x0000,
  0x0000, 0x0000, 0x0000, 0x0000, 0x0000, 0x0000, 0x0000, 0x0000, 0x0000, 0x0000, 0x0000, 0x0000, 0x0000, 0x0000, 0x0000, 0x0000,
  0x0000, 0x0000, 0x0000, 0x0000, 0x0000, 0x0000, 0x0000, 0x0000, 0x0000, 0x0000, 0x0000, 0x0000, 0x0000, 0x0000, 0x0000, 0x0000,
  0x0000, 0x0000, 0x0000, 0x0000, 0x0000, 0x0000, 0x0000, 0x0000, 0x0000, 0x0000, 0x0000, 0x0000, 0x0000, 0x0000, 0x0000, 0x0000,
  0x0000, 0x0000, 0x0000, 0x0000, 0x0000, 0x0000, 0x0000, 0x0000, 0x0000, 0x0000, 0x0000, 0x0000, 0x0000, 0x0000, 0x0000, 0x0000,
  0x0000, 0x0000, 0x0000, 0x0000, 0x0000, 0x0000, 0x0000, 0x0000, 0x0000, 0x0000, 0xA308, 0xC410, 0x8208, 0x0000, 0x0000, 0x0000,
  0x0000, 0xC410, 0x4521, 0x6621, 0x4521, 0x2942, 0x083A, 0xA310, 0xE418, 0xA731, 0xE831, 0x8629, 0xC410, 0x0419, 0x0419, 0x0419,
  0xE739, 0x073A, 0xE739, 0xE739, 0x0842, 0x6629, 0xA631, 0x8629, 0x6629, 0x6629, 0x4629, 0x4D63, 0x0C5B, 0x083A, 0x6629, 0x6629,
  0x8208, 0x0000, 0x6208, 0xE739, 0x4942, 0xEB5A, 0x284A, 0x4521, 0x0000, 0xA310, 0x494A, 0xCB5A, 0x8A52, 0x0842, 0x4529, 0x4521,
  0x4529, 0xE318, 0x0419, 0x8210, 0x8210, 0x8A4A, 0xAA52, 0x0B5B, 0xE739, 0x0419, 0x0000, 0xC310, 0xA731, 0xEB5A, 0xEF7B, 0xC739,
  0x8208, 0x0000, 0x2521, 0x0419, 0x4521, 0xAB52, 0xEF7B, 0x2942, 0xE418, 0x6629, 0x8731, 0xE839, 0x494A, 0x2842, 0xE839, 0x6D6B,
  0x694A, 0x6529, 0x083A, 0x2842, 0x0842, 0xC731, 0x0521, 0xE418, 0xE839, 0xCB5A, 0xC731, 0x2521, 0xC839, 0x6A4A, 0xA731, 0x2521,
  0xA310, 0x0000, 0x0000, 0x8208, 0x6208, 0x0000, 0x6208, 0x0419, 0x6621, 0x0519, 0x8308, 0x0000, 0x0000, 0x0000, 0x0000, 0x0000,
  0x0000, 0x0000, 0x0000, 0x0000, 0x0000, 0x0000, 0x0000, 0x0000, 0x0000, 0x0000, 0x0000, 0x0000, 0x0000, 0x0000, 0x0000, 0x0000,
  0x0000, 0x0000, 0x0000, 0x0000, 0x0000, 0x0000, 0x0000, 0x0000, 0x0000, 0x0000, 0x0000, 0x0000, 0x0000, 0x0000, 0x0000, 0x0000,
  0x0000, 0x0000, 0x0000, 0x0000, 0x0000, 0x0000, 0x0000, 0x0000, 0x0000, 0x0000, 0x0000, 0x0000, 0x0000, 0x0000, 0x0000, 0x0000,
  0x0000, 0x0000, 0x0000, 0x0000, 0x0000, 0x0000, 0x0000, 0x0000, 0x0000, 0x0000, 0x0000, 0x0000, 0x0000, 0x0000, 0x0000, 0x0000,
  0x0000, 0x0000, 0x0000, 0x0000, 0x0000, 0x0000, 0x0000, 0x0000, 0x0000, 0x0000, 0x0000, 0x0000, 0x0000, 0x0000, 0x0000, 0x0000,
  0x0000, 0x0000, 0x0000, 0x0000, 0x0000, 0x0000, 0x0000, 0x0000, 0x0000, 0x0000, 0x0000, 0x0000, 0x0000, 0x0000, 0x0000, 0x0000,
  0x0000, 0x0000, 0x0000, 0x0000, 0x0000, 0x0000, 0x0000, 0x0000, 0x0000, 0x0000, 0x0000, 0x0000, 0x0000, 0x0000, 0x0000, 0x0000,
  0x0000, 0x0000, 0x0000, 0x0000, 0x0000, 0x0000, 0x0000, 0x0000, 0x0000, 0x0000, 0x0000, 0x0000, 0x0000, 0x0000, 0x0000, 0x0000,
  0x0000, 0x0000, 0x0000, 0x0000, 0x0000, 0x0000, 0x0000, 0x0000, 0x0000, 0x0000, 0x0000, 0x0000, 0x0000, 0x0000, 0x0000, 0x0000,
  0x0000, 0x0000, 0x0000, 0x0000, 0x0000, 0x0000, 0x0000, 0x0000, 0x0000, 0x0000, 0x0000, 0x0000, 0x0000, 0x0000, 0x0000, 0x0000,
  0x0000, 0x0000, 0x0000, 0x0000, 0x0000, 0x0000, 0x0000, 0x0000, 0x0000, 0x0000, 0x0000, 0x0000, 0x0000, 0x0000, 0x0000, 0x0000,
  0x0000, 0x0000, 0x0000, 0x0000, 0x0000, 0x8308, 0xE410, 0x0519, 0xE410, 0xC310, 0x8308, 0x0000, 0x0000, 0x0000, 0x0000, 0xE410,
  0xC410, 0x2419, 0x2942, 0xC731, 0xA310, 0x4521, 0xE839, 0x4942, 0x6629, 0x4521, 0xE839, 0x4521, 0x0842, 0x2942, 0x2942, 0xE839,
  0xA631, 0x2521, 0xC731, 0x083A, 0xC731, 0xE839, 0x4D63, 0xEC52, 0x8F6B, 0x6A42, 0xC731, 0xA310, 0x0000, 0x0000, 0x0000, 0xC418,
  0xCB52, 0x6D6B, 0xAE73, 0x494A, 0x0000, 0x8210, 0x0842, 0x8952, 0xAA52, 0x0C63, 0x8629, 0xA310, 0x0421, 0xA310, 0x4529, 0x0000,
  0xC318, 0x694A, 0xEB5A, 0x8D6B, 0x0421, 0x0000, 0x0000, 0x2521, 0x0C63, 0xAE73, 0x8D73, 0xA631, 0x0000, 0x0419, 0xC310, 0x4521,
  0x4521, 0x6E6B, 0x3084, 0x4A42, 0x4A42, 0x4942, 0x2942, 0x494A, 0x494A, 0xE839, 0x2842, 0x494A, 0x694A, 0xCA5A, 0xCB5A, 0x8A52,
  0xA731, 0x4621, 0x8629, 0xE839, 0x083A, 0x8A4A, 0x083A, 0x2521, 0xE839, 0x6A4A, 0xE839, 0x0419, 0x0000, 0x0000, 0x0000, 0xA308,
  0x0519, 0x4621, 0x6621, 0x8729, 0x2519, 0x8308, 0x0000, 0x0000, 0x0000, 0x0000, 0x0000, 0x0000, 0x0000, 0x0000, 0x0000, 0x0000,
  0x0000, 0x0000, 0x0000, 0x0000, 0x0000, 0x0000, 0x0000, 0x0000, 0x0000, 0x0000, 0x0000, 0x0000, 0x0000, 0x0000, 0x0000, 0x0000,
  0x0000, 0x0000, 0x0000, 0x0000, 0x0000, 0x0000, 0x0000, 0x0000, 0x0000, 0x0000, 0x0000, 0x0000, 0x0000, 0x0000, 0x0000, 0x0000,
  0x0000, 0x0000, 0x0000, 0x0000, 0x0000, 0x0000, 0x0000, 0x0000, 0x0000, 0x0000, 0x0000, 0x0000, 0x0000, 0x0000, 0x0000, 0x0000,
  0x0000, 0x0000, 0x0000, 0x0000, 0x0000, 0x0000, 0x0000, 0x0000, 0x0000, 0x0000, 0x0000, 0x0000, 0x0000, 0x0000, 0x0000, 0x0000,
  0x0000, 0x0000, 0x0000, 0x0000, 0x0000, 0x0000, 0x0000, 0x0000, 0x0000, 0x0000, 0x0000, 0x0000, 0x0000, 0x0000, 0x0000, 0x0000,
  0x0000, 0x0000, 0x0000, 0x0000, 0x0000, 0x0000, 0x0000, 0x0000, 0x0000, 0x0000, 0x0000, 0x0000, 0x0000, 0x0000, 0x0000, 0x0000,
  0x0000, 0x0000, 0x0000, 0x0000, 0x0000, 0x0000, 0x0000, 0x0000, 0x0000, 0x0000, 0x0000, 0x0000, 0x0000, 0x0000, 0x0000, 0x0000,
  0x0000, 0x0000, 0x0000, 0x0000, 0x0000, 0x0000, 0x0000, 0x0000, 0x0000, 0x0000, 0x0000, 0x0000, 0x0000, 0x0000, 0x0000, 0x0000,
  0x0000, 0x0000, 0x0000, 0x0000, 0x0000, 0x0000, 0x0000, 0x0000, 0x0000, 0x0000, 0x0000, 0x0000, 0x0000, 0x0000, 0x0000, 0x0000,
  0x0000, 0x0000, 0x0000, 0x0000, 0x0000, 0x0000, 0x0000, 0x0000, 0x0000, 0x0000, 0x0000, 0x0000, 0x0000, 0x0000, 0x0000, 0x0000,
  0x0000, 0x0000, 0x0000, 0x0000, 0x0000, 0x0000, 0x0000, 0x0000, 0x0000, 0x0000, 0x0000, 0x0000, 0x0000, 0x0000, 0x0000, 0x0000,
  0x6200, 0x6208, 0x6200, 0xA308, 0xC410, 0x0000, 0x0000, 0x0000, 0x0000, 0x0000, 0x0000, 0x2521, 0xE831, 0x293A, 0x6629, 0x093A,
  0x6A4A, 0x8A4A, 0x083A, 0x283A, 0xE839, 0x2521, 0x083A, 0xCB52, 0xEC5A, 0xAA52, 0x8A4A, 0xE731, 0x2942, 0xA731, 0x4621, 0x2521,
  0x6621, 0x4942, 0x8E6B, 0x527C, 0x0D5B, 0xCB52, 0x8A4A, 0x0519, 0x6208, 0x0000, 0xC310, 0x0419, 0x494A, 0x2F84, 0x508C, 0x494A,
  0x0000, 0x0000, 0x6529, 0xEB5A, 0xCB5A, 0x2C63, 0x0000, 0x6208, 0x8629, 0x0000, 0x2521, 0x0000, 0x0000, 0x494A, 0xAE73, 0x0C63,
  0x2521, 0x0000, 0xA310, 0x494A, 0x0B63, 0xEF7B, 0x6D6B, 0x8629, 0x0000, 0x8208, 0x0000, 0xC410, 0x4942, 0x2D63, 0xEC52, 0x6E63,
  0x2D63, 0x0519, 0xE418, 0x8731, 0xE418, 0xC731, 0x8629, 0xA731, 0xA731, 0x0842, 0x494A, 0x4C6B, 0x0C63, 0xA731, 0xC731, 0x0519,
  0xE839, 0xE839, 0xAB52, 0x6A4A, 0x4942, 0x8A4A, 0xAB4A, 0x4521, 0xC410, 0x0000, 0x0000, 0x8200, 0xA308, 0xC308, 0xC410, 0xE839,
  0xE410, 0x0000, 0x0000, 0x0000, 0x0000, 0x0000, 0x0000, 0x0000, 0x0000, 0x0000, 0x0000, 0x0000, 0x0000, 0x0000, 0x0000, 0x0000,
  0x0000, 0x0000, 0x0000, 0x0000, 0x0000, 0x0000, 0x0000, 0x0000, 0x0000, 0x0000, 0x0000, 0x0000, 0x0000, 0x0000, 0x0000, 0x0000,
  0x0000, 0x0000, 0x0000, 0x0000, 0x0000, 0x0000, 0x0000, 0x0000, 0x0000, 0x0000, 0x0000, 0x0000, 0x0000, 0x0000, 0x0000, 0x0000,
  0x0000, 0x0000, 0x0000, 0x0000, 0x0000, 0x0000, 0x0000, 0x0000, 0x0000, 0x0000, 0x0000, 0x0000, 0x0000, 0x0000, 0x0000, 0x0000,
  0x0000, 0x0000, 0x0000, 0x0000, 0x0000, 0x0000, 0x0000, 0x0000, 0x0000, 0x0000, 0x0000, 0x0000, 0x0000, 0x0000, 0x0000, 0x0000,
  0x0000, 0x0000, 0x0000, 0x0000, 0x0000, 0x0000, 0x0000, 0x0000, 0x0000, 0x0000, 0x0000, 0x0000, 0x0000, 0x0000, 0x0000, 0x0000,
  0x0000, 0x0000, 0x0000, 0x0000, 0x0000, 0x0000, 0x0000, 0x0000, 0x0000, 0x0000, 0x0000, 0x0000, 0x0000, 0x0000, 0x0000, 0x0000,
  0x0000, 0x0000, 0x0000, 0x0000, 0x0000, 0x0000, 0x0000, 0x0000, 0x0000, 0x0000, 0x0000, 0x0000, 0x0000, 0x0000, 0x0000, 0x0000,
  0x0000, 0x0000, 0x0000, 0x0000, 0x0000, 0x0000, 0x0000, 0x0000, 0x0000, 0x0000, 0x0000, 0x0000, 0x0000, 0x0000, 0x0000, 0x0000,
  0x0000, 0x0000, 0x0000, 0x0000, 0x0000, 0x0000, 0x0000, 0x0000, 0x0000, 0x0000, 0x0000, 0x0000, 0x0000, 0x0000, 0x0000, 0x0000,
  0x0000, 0x0000, 0x0000, 0x0000, 0x0000, 0x0000, 0x0000, 0x0000, 0x0000, 0x0000, 0x0000, 0x0000, 0x0000, 0x0000, 0x0000, 0x0000,
  0x0000, 0x0000, 0x0000, 0x0000, 0x0000, 0x0000, 0x0000, 0x0000, 0x0000, 0x0000, 0x0000, 0x0000, 0x0000, 0x0000, 0x6300, 0x6719,
  0xC831, 0x8208, 0xA308, 0xA308, 0xC310, 0x0000, 0x0000, 0x8208, 0x8629, 0x6A42, 0xAB4A, 0xC410, 0x293A, 0x083A, 0x4942, 0xE839,
  0x8729, 0x6621, 0x8729, 0x283A, 0x2C63, 0xCB5A, 0x694A, 0xC731, 0x0519, 0xC410, 0xA308, 0xE410, 0xA310, 0xE418, 0xCB52, 0x7284,
  0x7284, 0xCB4A, 0xC831, 0xE410, 0x0000, 0x0000, 0x0000, 0x083A, 0xEB5A, 0x6D6B, 0x508C, 0x8952, 0x8210, 0x0000, 0x0419, 0x694A,
  0xEB5A, 0x494A, 0x8210, 0x0000, 0xA310, 0x0000, 0x0419, 0x4521, 0x0421, 0xE418, 0x8E73, 0x694A, 0xE318, 0x0000, 0xE418, 0xCA5A,
  0x2C63, 0x1084, 0x4C6B, 0xC731, 0x0000, 0x0000, 0x6200, 0xC410, 0x6A42, 0x8A4A, 0xF07B, 0x107C, 0x4D63, 0xC831, 0xC410, 0xE418,
  0x2519, 0x0519, 0x4621, 0x083A, 0xC739, 0x8A52, 0x6D6B, 0x0C63, 0x6629, 0x2942, 0x6629, 0x093A, 0xE831, 0x083A, 0x2942, 0x4621,
  0xE839, 0x093A, 0x293A, 0x093A, 0xC410, 0x0000, 0x8308, 0xA308, 0x0519, 0xA310, 0xE418, 0x6A5A, 0xC831, 0xC410, 0x0000, 0x0000,
  0x0000, 0x0000, 0x0000, 0x0000, 0x0000, 0x0000, 0x0000, 0x0000, 0x0000, 0x0000, 0x0000, 0x0000, 0x0000, 0x0000, 0x0000, 0x0000,
  0x0000, 0x0000, 0x0000, 0x0000, 0x0000, 0x0000, 0x0000, 0x0000, 0x0000, 0x0000, 0x0000, 0x0000, 0x0000, 0x0000, 0x0000, 0x0000,
  0x0000, 0x0000, 0x0000, 0x0000, 0x0000, 0x0000, 0x0000, 0x0000, 0x0000, 0x0000, 0x0000, 0x0000, 0x0000, 0x0000, 0x0000, 0x0000,
  0x0000, 0x0000, 0x0000, 0x0000, 0x0000, 0x0000, 0x0000, 0x0000, 0x0000, 0x0000, 0x0000, 0x0000, 0x0000, 0x0000, 0x0000, 0x0000,
  0x0000, 0x0000, 0x0000, 0x0000, 0x0000, 0x0000, 0x0000, 0x0000, 0x0000, 0x0000, 0x0000, 0x0000, 0x0000, 0x0000, 0x0000, 0x0000,
  0x0000, 0x0000, 0x0000, 0x0000, 0x0000, 0x0000, 0x0000, 0x0000, 0x0000, 0x0000, 0x0000, 0x0000, 0x0000, 0x0000, 0x0000, 0x0000,
  0x0000, 0x0000, 0x0000, 0x0000, 0x0000, 0x0000, 0x0000, 0x0000, 0x0000, 0x0000, 0x0000, 0x0000, 0x0000, 0x0000, 0x0000, 0x0000,
  0x0000, 0x0000, 0x0000, 0x0000, 0x0000, 0x0000, 0x0000, 0x0000, 0x0000, 0x0000, 0x0000, 0x0000, 0x0000, 0x0000, 0x0000, 0x0000,
  0x0000, 0x0000, 0x0000, 0x0000, 0x0000, 0x0000, 0x0000, 0x0000, 0x0000, 0x0000, 0x0000, 0x0000, 0x0000, 0x0000, 0x0000, 0x0000,
  0x0000, 0x0000, 0x0000, 0x0000, 0x0000, 0x0000, 0x0000, 0x0000, 0x0000, 0x0000, 0x0000, 0x0000, 0x0000, 0x0000, 0x0000, 0x0000,
  0x0000, 0x0000, 0x0000, 0x0000, 0x0000, 0x0000, 0x0000, 0x0000, 0x0000, 0x0000, 0x0000, 0x0000, 0x0000, 0x0000, 0x0000, 0x0000,
  0x0000, 0x0000, 0x0000, 0x0000, 0x0000, 0x0000, 0x0000, 0x0000, 0x0000, 0x0000, 0xC508, 0xE510, 0x6B32, 0xC919, 0xE508, 0x8308,
  0x0000, 0x8208, 0xE410, 0x4521, 0xC831, 0x6621, 0xA729, 0x6721, 0xCC52, 0x6E63, 0x0419, 0xC410, 0x0519, 0x8729, 0xAA4A, 0x083A,
  0x2D63, 0x2C63, 0x8A52, 0xCB52, 0x083A, 0x2521, 0x4521, 0x2519, 0x6208, 0xE418, 0x6629, 0x107C, 0x1595, 0x6E63, 0x8729, 0xC310,
  0x6200, 0x0000, 0x0000, 0xE839, 0x1084, 0x8D6B, 0x0F84, 0xEB62, 0xC318, 0x0000, 0xA310, 0x2842, 0x694A, 0xE739, 0xC731, 0x0000,
  0x0000, 0xE418, 0x0000, 0x2521, 0x8A52, 0xC310, 0x2942, 0x0842, 0x0000, 0x0000, 0xC318, 0xCA5A, 0xCF7B, 0xB294, 0x0F84, 0x2842,
  0x0000, 0x0000, 0x6200, 0x0519, 0xA731, 0x4D63, 0x928C, 0xF07B, 0x6A4A, 0xA410, 0x4200, 0x0519, 0x8629, 0x6621, 0x2942, 0x2942,
  0x0C63, 0xCF7B, 0xCF73, 0xAB52, 0x2C63, 0xEC5A, 0xC831, 0x6A4A, 0x093A, 0x6A42, 0x093A, 0x8B4A, 0x093A, 0x2519, 0xC831, 0xA729,
  0x0411, 0xA308, 0xE410, 0x4621, 0x8719, 0xED22, 0xB03B, 0x6B32, 0x0519, 0x0511, 0x0000, 0x0000, 0x0000, 0x0000, 0x0000, 0x0000,
  0x0000, 0x0000, 0x0000, 0x0000, 0x0000, 0x0000, 0x0000, 0x0000, 0x0000, 0x0000, 0x0000, 0x0000, 0x0000, 0x0000, 0x0000, 0x0000,
  0x0000, 0x0000, 0x0000, 0x0000, 0x0000, 0x0000, 0x0000, 0x0000, 0x0000, 0x0000, 0x0000, 0x0000, 0x0000, 0x0000, 0x0000, 0x0000,
  0x0000, 0x0000, 0x0000, 0x0000, 0x0000, 0x0000, 0x0000, 0x0000, 0x0000, 0x0000, 0x0000, 0x0000, 0x0000, 0x0000, 0x0000, 0x0000,
  0x0000, 0x0000, 0x0000, 0x0000, 0x0000, 0x0000, 0x0000, 0x0000, 0x0000, 0x0000, 0x0000, 0x0000, 0x0000, 0x0000, 0x0000, 0x0000,
  0x0000, 0x0000, 0x0000, 0x0000, 0x0000, 0x0000, 0x0000, 0x0000, 0x0000, 0x0000, 0x0000, 0x0000, 0x0000, 0x0000, 0x0000, 0x0000,
  0x0000, 0x0000, 0x0000, 0x0000, 0x0000, 0x0000, 0x0000, 0x0000, 0x0000, 0x0000, 0x0000, 0x0000, 0x0000, 0x0000, 0x0000, 0x0000,
  0x0000, 0x0000, 0x0000, 0x0000, 0x0000, 0x0000, 0x0000, 0x0000, 0x0000, 0x0000, 0x0000, 0x0000, 0x0000, 0x0000, 0x0000, 0x0000,
  0x0000, 0x0000, 0x0000, 0x0000, 0x0000, 0x0000, 0x0000, 0x0000, 0x0000, 0x0000, 0x0000, 0x0000, 0x0000, 0x0000, 0x0000, 0x0000,
  0x0000, 0x0000, 0x0000, 0x0000, 0x0000, 0x0000, 0x0000, 0x0000, 0x0000, 0x0000, 0x0000, 0x0000, 0x0000, 0x0000, 0x0000, 0x0000,
  0x0000, 0x0000, 0x0000, 0x0000, 0x0000, 0x0000, 0x0000, 0x0000, 0x0000, 0x0000, 0x0000, 0x0000, 0x0000, 0x0000, 0x0000, 0x0000,
  0x0000, 0x0000, 0x0000, 0x0000, 0x0000, 0x0000, 0x0000, 0x0000, 0x0000, 0x0000, 0x0000, 0x0000, 0x0000, 0x0000, 0x0000, 0x0000,
  0x0000, 0x0000, 0x0000, 0x0000, 0x0000, 0x0000, 0x8300, 0xAD12, 0xF62C, 0xB434, 0x8C22, 0xA308, 0x0411, 0xA729, 0x293A, 0xA729,
  0x8729, 0x6621, 0x2519, 0xCB4A, 0xEC52, 0xCB52, 0x0932, 0xE831, 0x093A, 0x6621, 0x293A, 0x6A4A, 0x2B73, 0x2942, 0x0932, 0x6B42,
  0xAC4A, 0xC829, 0x2A3A, 0x2A3A, 0x4619, 0xC829, 0xAB4A, 0x8E6B, 0x9384, 0xF073, 0x093A, 0x8308, 0x0000, 0x0000, 0xA310, 0x8A4A,
  0xCE73, 0xEF7B, 0xCE7B, 0x2C6B, 0x2429, 0x0000, 0x0000, 0x4521, 0xC731, 0x8210, 0xAA52, 0xA210, 0x0000, 0x4521, 0x0000, 0x8208,
  0xEB5A, 0xA310, 0x0421, 0xA631, 0x0000, 0x0000, 0xC318, 0xEB62, 0x0F84, 0xB294, 0x8D73, 0xE739, 0x0000, 0x0000, 0x0000, 0xE410,
  0x4942, 0x107C, 0x149D, 0xAF6B, 0x0932, 0x8721, 0xA821, 0xC829, 0x2A3A, 0x4B3A, 0x6B3A, 0x8B42, 0x8B42, 0x4A4A, 0xCC93, 0x8E73,
  0x2D5B, 0x4A42, 0xA729, 0x6A42, 0xC829, 0xC831, 0xEC52, 0x2D5B, 0xC831, 0xA729, 0x2519, 0xE831, 0x293A, 0x0511, 0x0511, 0x0411,
  0x8711, 0x313C, 0x3234, 0x531C, 0x2B12, 0x6208, 0x0000, 0x0000, 0x0000, 0x0000, 0x0000, 0x0000, 0x0000, 0x0000, 0x0000, 0x0000,
  0x0000, 0x0000, 0x0000, 0x0000, 0x0000, 0x0000, 0x0000, 0x0000, 0x0000, 0x0000, 0x0000, 0x0000, 0x0000, 0x0000, 0x0000, 0x0000,
  0x0000, 0x0000, 0x0000, 0x0000, 0x0000, 0x0000, 0x0000, 0x0000, 0x0000, 0x0000, 0x0000, 0x0000, 0x0000, 0x0000, 0x0000, 0x0000,
  0x0000, 0x0000, 0x0000, 0x0000, 0x0000, 0x0000, 0x0000, 0x0000, 0x0000, 0x0000, 0x0000, 0x0000, 0x0000, 0x0000, 0x0000, 0x0000,
  0x0000, 0x0000, 0x0000, 0x0000, 0x0000, 0x0000, 0x0000, 0x0000, 0x0000, 0x0000, 0x0000, 0x0000, 0x0000, 0x0000, 0x0000, 0x0000,
  0x0000, 0x0000, 0x0000, 0x0000, 0x0000, 0x0000, 0x0000, 0x0000, 0x0000, 0x0000, 0x0000, 0x0000, 0x0000, 0x0000, 0x0000, 0x0000,
  0x0000, 0x0000, 0x0000, 0x0000, 0x0000, 0x0000, 0x0000, 0x0000, 0x0000, 0x0000, 0x0000, 0x0000, 0x0000, 0x0000, 0x0000, 0x0000,
  0x0000, 0x0000, 0x0000, 0x0000, 0x0000, 0x0000, 0x0000, 0x0000, 0x0000, 0x0000, 0x0000, 0x0000, 0x0000, 0x0000, 0x0000, 0x0000,
  0x0000, 0x0000, 0x0000, 0x0000, 0x0000, 0x0000, 0x0000, 0x0000, 0x0000, 0x0000, 0x0000, 0x0000, 0x0000, 0x0000, 0x0000, 0x0000,
  0x0000, 0x0000, 0x0000, 0x0000, 0x0000, 0x0000, 0x0000, 0x0000, 0x0000, 0x0000, 0x0000, 0x0000, 0x0000, 0x0000, 0x0000, 0x0000,
  0x0000, 0x0000, 0x0000, 0x0000, 0x0000, 0x0000, 0x0000, 0x0000, 0x0000, 0x0000, 0x0000, 0x0000, 0x0000, 0x0000, 0x0000, 0x0000,
  0x0000, 0x0000, 0x0000, 0x0000, 0x0000, 0x0000, 0x0000, 0x0000, 0x0000, 0x0000, 0x0000, 0x0000, 0x0000, 0x0000, 0x0000, 0x0000,
  0x0000, 0x0000, 0x8809, 0x1224, 0xE500, 0x8819, 0x6719, 0x0511, 0x8721, 0xE831, 0xE831, 0xC831, 0x0519, 0x2519, 0xE831, 0xAB4A,
  0xCC52, 0x2A3A, 0xC829, 0x4719, 0x0A32, 0x4719, 0x6719, 0x6731, 0xEBDC, 0x6762, 0xCA21, 0xC921, 0xEA29, 0xEA29, 0x0A2A, 0x2B2A,
  0x6B32, 0x6B32, 0x8C3A, 0x8C3A, 0x8C3A, 0x2E4B, 0xAC42, 0xC921, 0x0611, 0xE510, 0x6308, 0xAB52, 0x8E73, 0x4C6B, 0xCE83, 0x8D7B,
  0x284A, 0xA631, 0x0000, 0xE418, 0x0419, 0xC318, 0xCB52, 0xE418, 0xA310, 0xC739, 0xE418, 0x0000, 0xAA52, 0x083A, 0xA731, 0x6629,
  0x6208, 0xA310, 0x2421, 0x4C73, 0x2F8C, 0x7094, 0x6C73, 0x2842, 0x8308, 0xE510, 0x6719, 0x4A32, 0x0E4B, 0x2E53, 0x0E4B, 0xED42,
  0xED42, 0xCD42, 0xEE42, 0xED4A, 0xAC42, 0xCD42, 0xCD42, 0xCD42, 0xCB21, 0x8B93, 0x4DD5, 0xE939, 0x0A2A, 0xEA21, 0xCD42, 0x2719,
  0xC921, 0x6B3A, 0xED52, 0xAB4A, 0xAC4A, 0xE831, 0x8721, 0xC829, 0xA729, 0x093A, 0xC829, 0x4719, 0x6721, 0x6629, 0x6310, 0x0509,
  0x711B, 0x6200, 0x0000, 0x0000, 0x0000, 0x0000, 0x0000, 0x0000, 0x0000, 0x0000, 0x0000, 0x0000, 0x0000, 0x0000, 0x0000, 0x0000,
  0x0000, 0x0000, 0x0000, 0x0000, 0x0000, 0x0000, 0x0000, 0x0000, 0x0000, 0x0000, 0x0000, 0x0000, 0x0000, 0x0000, 0x0000, 0x0000,
  0x0000, 0x0000, 0x0000, 0x0000, 0x0000, 0x0000, 0x0000, 0x0000, 0x0000, 0x0000, 0x0000, 0x0000, 0x0000, 0x0000, 0x0000, 0x0000,
  0x0000, 0x0000, 0x0000, 0x0000, 0x0000, 0x0000, 0x0000, 0x0000, 0x0000, 0x0000, 0x0000, 0x0000, 0x0000, 0x0000, 0x0000, 0x0000,
  0x0000, 0x0000, 0x0000, 0x0000, 0x0000, 0x0000, 0x0000, 0x0000, 0x0000, 0x0000, 0x0000, 0x0000, 0x0000, 0x0000, 0x0000, 0x0000,
  0x0000, 0x0000, 0x0000, 0x0000, 0x0000, 0x0000, 0x0000, 0x0000, 0x0000, 0x0000, 0x0000, 0x0000, 0x0000, 0x0000, 0x0000, 0x0000,
  0x0000, 0x0000, 0x0000, 0x0000, 0x0000, 0x0000, 0x0000, 0x0000, 0x0000, 0x0000, 0x0000, 0x0000, 0x0000, 0x0000, 0x0000, 0x0000,
  0x0000, 0x0000, 0x0000, 0x0000, 0x0000, 0x0000, 0x0000, 0x0000, 0x0000, 0x0000, 0x0000, 0x0000, 0x0000, 0x0000, 0x0000, 0x0000,
  0x0000, 0x0000, 0x0000, 0x0000, 0x0000, 0x0000, 0x0000, 0x0000, 0x0000, 0x0000, 0x0000, 0x0000, 0x0000, 0x0000, 0x0000, 0x0000,
  0x0000, 0x0000, 0x0000, 0x0000, 0x0000, 0x0000, 0x0000, 0x0000, 0x0000, 0x0000, 0x0000, 0x0000, 0x0000, 0x0000, 0x0000, 0x0000,
  0x0000, 0x0000, 0x0000, 0x0000, 0x0000, 0x0000, 0x0000, 0x0000, 0x0000, 0x0000, 0x0000, 0x0000, 0x0000, 0x0000, 0x0000, 0x0000,
  0x0000, 0x0000, 0x0000, 0x0000, 0x0000, 0x0000, 0x0000, 0x0000, 0x0000, 0x0000, 0x0000, 0x0000, 0x0000, 0x0000, 0x2B12, 0x8809,
  0x0000, 0xA408, 0x6629, 0x485A, 0xA96A, 0x2942, 0xC831, 0x4621, 0x2619, 0x2619, 0x2519, 0xA308, 0x8408, 0x6400, 0x6400, 0x6400,
  0x0811, 0xEF42, 0x0811, 0x2700, 0x4C62, 0x6EE5, 0x0629, 0xA700, 0xE708, 0x8B19, 0x6A19, 0xCB21, 0x0B2A, 0x4C32, 0x8D3A, 0xAD42,
  0xEE42, 0xAC3A, 0xCD42, 0xED42, 0xEE42, 0xAD3A, 0x6C32, 0xAC3A, 0x0D53, 0x0D53, 0x8E6B, 0xEF7B, 0xCB5A, 0x494A, 0xE418, 0xE418,
  0x0000, 0x0842, 0xC731, 0xC731, 0x4529, 0xE418, 0x2421, 0x0000, 0x0421, 0x0C5B, 0x6629, 0x0519, 0x2519, 0x6629, 0xE739, 0x8E6B,
  0xEF73, 0x6E63, 0x4E5B, 0xCC42, 0x6C3A, 0xCD42, 0xCD42, 0xED4A, 0x4F53, 0x6F5B, 0x4F53, 0x705B, 0x6F5B, 0x915B, 0x0F4B, 0x304B,
  0x104B, 0x4D32, 0x6F32, 0xAC19, 0x6C62, 0x91E5, 0xEC39, 0xCA00, 0xED11, 0x113B, 0x4919, 0xE808, 0x2809, 0xE608, 0x2711, 0xC508,
  0x0611, 0x2619, 0x8721, 0x8729, 0x0932, 0x6A4A, 0xE97A, 0x898B, 0x475A, 0xE510, 0xA308, 0x0000, 0x6E12, 0xC508, 0x0000, 0x0000,
  0x0000, 0x0000, 0x0000, 0x0000, 0x0000, 0x0000, 0x0000, 0x0000, 0x0000, 0x0000, 0x0000, 0x0000, 0x0000, 0x0000, 0x0000, 0x0000,
  0x0000, 0x0000, 0x0000, 0x0000, 0x0000, 0x0000, 0x0000, 0x0000, 0x0000, 0x0000, 0x0000, 0x0000, 0x0000, 0x0000, 0x0000, 0x0000,
  0x0000, 0x0000, 0x0000, 0x0000, 0x0000, 0x0000, 0x0000, 0x0000, 0x0000, 0x0000, 0x0000, 0x0000, 0x0000, 0x0000, 0x0000, 0x0000,
  0x0000, 0x0000, 0x0000, 0x0000, 0x0000, 0x0000, 0x0000, 0x0000, 0x0000, 0x0000, 0x0000, 0x0000, 0x0000, 0x0000, 0x0000, 0x0000,
  0x0000, 0x0000, 0x0000, 0x0000, 0x0000, 0x0000, 0x0000, 0x0000, 0x0000, 0x0000, 0x0000, 0x0000, 0x0000, 0x0000, 0x0000, 0x0000,
  0x0000, 0x0000, 0x0000, 0x0000, 0x0000, 0x0000, 0x0000, 0x0000, 0x0000, 0x0000, 0x0000, 0x0000, 0x0000, 0x0000, 0x0000, 0x0000,
  0x0000, 0x0000, 0x0000, 0x0000, 0x0000, 0x0000, 0x0000, 0x0000, 0x0000, 0x0000, 0x0000, 0x0000, 0x0000, 0x0000, 0x0000, 0x0000,
  0x0000, 0x0000, 0x0000, 0x0000, 0x0000, 0x0000, 0x0000, 0x0000, 0x0000, 0x0000, 0x0000, 0x0000, 0x0000, 0x0000, 0x0000, 0x0000,
  0x0000, 0x0000, 0x0000, 0x0000, 0x0000, 0x0000, 0x0000, 0x0000, 0x0000, 0x0000, 0x0000, 0x0000, 0x0000, 0x0000, 0x0000, 0x0000,
  0x0000, 0x0000, 0x0000, 0x0000, 0x0000, 0x0000, 0x0000, 0x0000, 0x0000, 0x0000, 0x0000, 0x0000, 0x0000, 0x0000, 0x0000, 0x0000,
  0x0000, 0x0000, 0x0000, 0x0000, 0x0000, 0x0000, 0x0000, 0x0000, 0x0000, 0x0000, 0x0000, 0x0000, 0x0000, 0x0000, 0x0000, 0x0000,
  0x0000, 0x0000, 0x0000, 0x0000, 0x0000, 0x0000, 0x0000, 0xA308, 0x4711, 0xA308, 0x2B12, 0x8809, 0x0000, 0x8210, 0x4793, 0xC682,
  0x2662, 0x2429, 0xC410, 0x6308, 0x4200, 0x2200, 0x4200, 0x6300, 0x6500, 0x6600, 0x8900, 0xCA00, 0x0C01, 0xD31A, 0x3724, 0x581C,
  0xF91B, 0xF76C, 0x7785, 0xB523, 0x741B, 0x541B, 0xD212, 0xB212, 0x500A, 0x0F02, 0x8D01, 0x6C09, 0xAC11, 0xAB19, 0x4E2A, 0x4D32,
  0x5053, 0x705B, 0xB05B, 0x905B, 0x0E4B, 0xED42, 0xEE4A, 0xED4A, 0xCD4A, 0xED4A, 0xED4A, 0x0D53, 0xEC4A, 0x4E5B, 0xEC52, 0x2D5B,
  0xAB42, 0x2A3A, 0x8B42, 0xCC52, 0x6A42, 0x4E5B, 0x2D53, 0x2E53, 0x6F5B, 0x2E53, 0x0E4B, 0xCD42, 0xAD3A, 0xCD42, 0x4F53, 0xB063,
  0x116C, 0xD16B, 0xB163, 0x0F4B, 0x1043, 0x6E2A, 0xB022, 0x2E12, 0x2E0A, 0xB01A, 0x8F12, 0x531B, 0x941B, 0xD523, 0x362C, 0x572C,
  0xDB9E, 0xD965, 0x192D, 0x5A3D, 0x9B4D, 0x952B, 0x510A, 0xF009, 0x0C01, 0x0A01, 0x8700, 0xE708, 0x6400, 0xC508, 0x8300, 0xC410,
  0xA308, 0xE418, 0x4439, 0xC451, 0xA8A3, 0xC449, 0x0000, 0x0000, 0x6A09, 0x4719, 0xA831, 0xC829, 0xA408, 0x0000, 0x0000, 0x0000,
  0x0000, 0x0000, 0x0000, 0x0000, 0x0000, 0x0000, 0x0000, 0x0000, 0x0000, 0x0000, 0x0000, 0x0000, 0x0000, 0x0000, 0x0000, 0x0000,
  0x0000, 0x0000, 0x0000, 0x0000, 0x0000, 0x0000, 0x0000, 0x0000, 0x0000, 0x0000, 0x0000, 0x0000, 0x0000, 0x0000, 0x0000, 0x0000,
  0x0000, 0x0000, 0x0000, 0x0000, 0x0000, 0x0000, 0x0000, 0x0000, 0x0000, 0x0000, 0x0000, 0x0000, 0x0000, 0x0000, 0x0000, 0x0000,
  0x0000, 0x0000, 0x0000, 0x0000, 0x0000, 0x0000, 0x0000, 0x0000, 0x0000, 0x0000, 0x0000, 0x0000, 0x0000, 0x0000, 0x0000, 0x0000,
  0x0000, 0x0000, 0x0000, 0x0000, 0x0000, 0x0000, 0x0000, 0x0000, 0x0000, 0x0000, 0x0000, 0x0000, 0x0000, 0x0000, 0x0000, 0x0000,
  0x0000, 0x0000, 0x0000, 0x0000, 0x0000, 0x0000, 0x0000, 0x0000, 0x0000, 0x0000, 0x0000, 0x0000, 0x0000, 0x0000, 0x0000, 0x0000,
  0x0000, 0x0000, 0x0000, 0x0000, 0x0000, 0x0000, 0x0000, 0x0000, 0x0000, 0x0000, 0x0000, 0x0000, 0x0000, 0x0000, 0x0000, 0x0000,
  0x0000, 0x0000, 0x0000, 0x0000, 0x0000, 0x0000, 0x0000, 0x0000, 0x0000, 0x0000, 0x0000, 0x0000, 0x0000, 0x0000, 0x0000, 0x0000,
  0x0000, 0x0000, 0x0000, 0x0000, 0x0000, 0x0000, 0x0000, 0x0000, 0x0000, 0x0000, 0x0000, 0x0000, 0x0000, 0x0000, 0x0000, 0x0000,
  0x0000, 0x0000, 0x0000, 0x0000, 0x0000, 0x0000, 0x0000, 0x0000, 0x0000, 0x0000, 0x0000, 0x0000, 0x0000, 0x0000, 0x0000, 0x0000,
  0x0000, 0x0000, 0x0000, 0x0000, 0x0000, 0x0000, 0x0000, 0x0000, 0x0000, 0x0000, 0x0000, 0x0000, 0x0000, 0x0000, 0x0000, 0x0000,
  0x0000, 0x0000, 0x0000, 0xA909, 0xCD2A, 0x0E33, 0x8809, 0xC500, 0x0000, 0xA449, 0x046A, 0x0000, 0x0000, 0x0000, 0x0000, 0x0000,
  0x4300, 0x8500, 0x6600, 0xAA00, 0x8E01, 0xD21A, 0x573C, 0x9B4D, 0x3D56, 0x5D4E, 0xBE46, 0xFE4E, 0xBE4E, 0x9D5E, 0xDE6E, 0xDE66,
  0xDE6E, 0xFE76, 0x1E77, 0xFE76, 0xFE7E, 0xDE76, 0x7D66, 0x1C5E, 0x7A55, 0xB73C, 0xD42B, 0xF212, 0x910A, 0x8D01, 0xAD09, 0xCC19,
  0x4D32, 0x2F53, 0x6F5B, 0xF16B, 0x9063, 0x4E53, 0xCD42, 0x4B32, 0xAC3A, 0xCD42, 0x2E4B, 0x0E4B, 0xED4A, 0x0E4B, 0x0E4B, 0x2E4B,
  0x2E4B, 0xCD42, 0x8C3A, 0xCD42, 0xCD42, 0x4E53, 0xB063, 0xD16B, 0x6F5B, 0x915B, 0x8D3A, 0x4E22, 0x6F1A, 0x0E0A, 0xF11A, 0x7323,
  0x352C, 0x1845, 0xDA5D, 0x5C66, 0xBD66, 0xFE76, 0x1F77, 0x1E7F, 0xDE76, 0x1E7F, 0xDE76, 0xFE6E, 0xBD6E, 0xBD7E, 0x3D56, 0x5C56,
  0x5D56, 0x7D66, 0xBE76, 0x7D6E, 0xBB55, 0x5734, 0x341B, 0xAE01, 0x0B01, 0xE800, 0x0709, 0x8400, 0xA408, 0x0000, 0x0000, 0x0000,
  0x4341, 0xA67A, 0x2200, 0xE500, 0x6C0A, 0x6E6B, 0x53D5, 0x2E63, 0xED01, 0x0000, 0x0000, 0x0000, 0x0000, 0x0000, 0x0000, 0x0000,
  0x0000, 0x0000, 0x0000, 0x0000, 0x0000, 0x0000, 0x0000, 0x0000, 0x0000, 0x0000, 0x0000, 0x0000, 0x0000, 0x0000, 0x0000, 0x0000,
  0x0000, 0x0000, 0x0000, 0x0000, 0x0000, 0x0000, 0x0000, 0x0000, 0x0000, 0x0000, 0x0000, 0x0000, 0x0000, 0x0000, 0x0000, 0x0000,
  0x0000, 0x0000, 0x0000, 0x0000, 0x0000, 0x0000, 0x0000, 0x0000, 0x0000, 0x0000, 0x0000, 0x0000, 0x0000, 0x0000, 0x0000, 0x0000,
  0x0000, 0x0000, 0x0000, 0x0000, 0x0000, 0x0000, 0x0000, 0x0000, 0x0000, 0x0000, 0x0000, 0x0000, 0x0000, 0x0000, 0x0000, 0x0000,
  0x0000, 0x0000, 0x0000, 0x0000, 0x0000, 0x0000, 0x0000, 0x0000, 0x0000, 0x0000, 0x0000, 0x0000, 0x0000, 0x0000, 0x0000, 0x0000,
  0x0000, 0x0000, 0x0000, 0x0000, 0x0000, 0x0000, 0x0000, 0x0000, 0x0000, 0x0000, 0x0000, 0x0000, 0x0000, 0x0000, 0x0000, 0x0000,
  0x0000, 0x0000, 0x0000, 0x0000, 0x0000, 0x0000, 0x0000, 0x0000, 0x0000, 0x0000, 0x0000, 0x0000, 0x0000, 0x0000, 0x0000, 0x0000,
  0x0000, 0x0000, 0x0000, 0x0000, 0x0000, 0x0000, 0x0000, 0x0000, 0x0000, 0x0000, 0x0000, 0x0000, 0x0000, 0x0000, 0x0000, 0x0000,
  0x0000, 0x0000, 0x0000, 0x0000, 0x0000, 0x0000, 0x0000, 0x0000, 0x0000, 0x0000, 0x0000, 0x0000, 0x0000, 0x0000, 0x0000, 0x0000,
  0x0000, 0x0000, 0x0000, 0x0000, 0x0000, 0x0000, 0x0000, 0x0000, 0x0000, 0x0000, 0x0000, 0x0000, 0x0000, 0x0000, 0x0000, 0x0000,
  0x0000, 0x0000, 0x0000, 0x0000, 0x0000, 0x0000, 0x0000, 0x0000, 0x0000, 0x0000, 0x0000, 0x0000, 0x0000, 0x0000, 0xA300, 0x5625,
  0x7033, 0xB63C, 0x5715, 0xF51C, 0x0701, 0xE551, 0x4341, 0x0000, 0x0000, 0x4200, 0x4200, 0x6300, 0x8600, 0xEB00, 0x5423, 0xBB55,
  0x5D5E, 0x5D5E, 0x1D5E, 0x3A4D, 0xD85C, 0xF874, 0xB77C, 0x179D, 0x97AD, 0x97BD, 0x374C, 0xD62B, 0x1423, 0x952B, 0xB523, 0x5513,
  0xB623, 0xD52B, 0x5734, 0x9734, 0xBA55, 0xFD66, 0x1E67, 0xDE66, 0xDE66, 0xBE5E, 0xDB4D, 0x9734, 0x741B, 0xEE01, 0x4B01, 0x2A01,
  0x8921, 0xAC42, 0xED4A, 0xB063, 0xED42, 0x8C3A, 0x4B32, 0x0A2A, 0x4B32, 0x0A2A, 0x6B32, 0x6C32, 0x6C32, 0x8C3A, 0x6B3A, 0xED4A,
  0xAC42, 0xAC3A, 0x4C32, 0x0901, 0xCD01, 0x6F0A, 0x9323, 0x183D, 0x3C5E, 0xDE76, 0xBE6E, 0xBD66, 0xDE66, 0x7C66, 0xDB5D, 0xD93C,
  0x1724, 0x5513, 0x341B, 0x3513, 0xB61B, 0xD623, 0x9523, 0x7423, 0xB54B, 0x36BD, 0x57AD, 0x179D, 0xD68C, 0xB684, 0x566C, 0x5854,
  0xF94C, 0x9B55, 0x1C5E, 0x5D5E, 0x1A45, 0x520A, 0xEA00, 0xC608, 0x8408, 0x8308, 0x6208, 0x4200, 0x2439, 0x6762, 0x2701, 0xB72D,
  0xBB1E, 0x3344, 0x51A4, 0x0D43, 0xB81C, 0x0000, 0x0000, 0x0000, 0x0000, 0x0000, 0x0000, 0x0000, 0x0000, 0x0000, 0x0000, 0x0000,
  0x0000, 0x0000, 0x0000, 0x0000, 0x0000, 0x0000, 0x0000, 0x0000, 0x0000, 0x0000, 0x0000, 0x0000, 0x0000, 0x0000, 0x0000, 0x0000,
  0x0000, 0x0000, 0x0000, 0x0000, 0x0000, 0x0000, 0x0000, 0x0000, 0x0000, 0x0000, 0x0000, 0x0000, 0x0000, 0x0000, 0x0000, 0x0000,
  0x0000, 0x0000, 0x0000, 0x0000, 0x0000, 0x0000, 0x0000, 0x0000, 0x0000, 0x0000, 0x0000, 0x0000, 0x0000, 0x0000, 0x0000, 0x0000,
  0x0000, 0x0000, 0x0000, 0x0000, 0x0000, 0x0000, 0x0000, 0x0000, 0x0000, 0x0000, 0x0000, 0x0000, 0x0000, 0x0000, 0x0000, 0x0000,
  0x0000, 0x0000, 0x0000, 0x0000, 0x0000, 0x0000, 0x0000, 0x0000, 0x0000, 0x0000, 0x0000, 0x0000, 0x0000, 0x0000, 0x0000, 0x0000,
  0x0000, 0x0000, 0x0000, 0x0000, 0x0000, 0x0000, 0x0000, 0x0000, 0x0000, 0x0000, 0x0000, 0x0000, 0x0000, 0x0000, 0x0000, 0x0000,
  0x0000, 0x0000, 0x0000, 0x0000, 0x0000, 0x0000, 0x0000, 0x0000, 0x0000, 0x0000, 0x0000, 0x0000, 0x0000, 0x0000, 0x0000, 0x0000,
  0x0000, 0x0000, 0x0000, 0x0000, 0x0000, 0x0000, 0x0000, 0x0000, 0x0000, 0x0000, 0x0000, 0x0000, 0x0000, 0x0000, 0x0000, 0x0000,
  0x0000, 0x0000, 0x0000, 0x0000, 0x0000, 0x0000, 0x0000, 0x0000, 0x0000, 0x0000, 0x0000, 0x0000, 0x0000, 0x0000, 0x0000, 0x0000,
  0x0000, 0x0000, 0x0000, 0x0000, 0x0000, 0x0000, 0x0000, 0x0000, 0x0000, 0x0000, 0x0000, 0x0000, 0x0000, 0x0000, 0x0000, 0x0000,
  0x0000, 0x0000, 0x0000, 0x0000, 0x0000, 0x0000, 0x0000, 0x0000, 0x0000, 0x0000, 0xE500, 0x392E, 0x0601, 0x4F03, 0x5B0E, 0xDC1E,
  0x1214, 0xA318, 0xC320, 0x0000, 0x0000, 0x0000, 0x6300, 0x8500, 0x0C01, 0xBA44, 0xBE7E, 0x7A65, 0xD76C, 0x346C, 0x7222, 0x9132,
  0xF293, 0x729C, 0x5294, 0x3384, 0x337C, 0x346C, 0x355C, 0xD44B, 0xB02A, 0xB02A, 0x943B, 0x933B, 0x9022, 0x5333, 0x9433, 0x3323,
  0xD122, 0x973C, 0xB824, 0xB60B, 0xB202, 0x3313, 0x772C, 0xFC4D, 0xDD66, 0xFE6E, 0x5C66, 0x5634, 0xAC01, 0x6500, 0x0611, 0xA821,
  0x2E53, 0xAF63, 0x8F5B, 0xF16B, 0xB063, 0x3274, 0xD06B, 0xF06B, 0x3174, 0x8F63, 0x2E53, 0x6721, 0xC500, 0x4909, 0xEE01, 0xD844,
  0xDD7E, 0x1E7F, 0xDE66, 0xBB4D, 0x372C, 0xF312, 0x9202, 0x171C, 0xD83C, 0x563C, 0xD11A, 0x7333, 0xD02A, 0x4E22, 0x933B, 0x5233,
  0x3233, 0x5233, 0x5233, 0xD343, 0xD343, 0xD353, 0x737C, 0x527C, 0x5284, 0x328C, 0xB07B, 0xD252, 0xF432, 0xF383, 0xF49C, 0xF67C,
  0xDB6D, 0xFD5D, 0x120A, 0xA700, 0xC608, 0x4300, 0xA408, 0xC410, 0x8210, 0x0000, 0x8B12, 0x7A2E, 0xB815, 0x1A26, 0xC500, 0x6701,
  0xD924, 0x0300, 0x0000, 0x0000, 0x0000, 0x0000, 0x0000, 0x0000, 0x0000, 0x0000, 0x0000, 0x0000, 0x0000, 0x0000, 0x0000, 0x0000,
  0x0000, 0x0000, 0x0000, 0x0000, 0x0000, 0x0000, 0x0000, 0x0000, 0x0000, 0x0000, 0x0000, 0x0000, 0x0000, 0x0000, 0x0000, 0x0000,
  0x0000, 0x0000, 0x0000, 0x0000, 0x0000, 0x0000, 0x0000, 0x0000, 0x0000, 0x0000, 0x0000, 0x0000, 0x0000, 0x0000, 0x0000, 0x0000,
  0x0000, 0x0000, 0x0000, 0x0000, 0x0000, 0x0000, 0x0000, 0x0000, 0x0000, 0x0000, 0x0000, 0x0000, 0x0000, 0x0000, 0x0000, 0x0000,
  0x0000, 0x0000, 0x0000, 0x0000, 0x0000, 0x0000, 0x0000, 0x0000, 0x0000, 0x0000, 0x0000, 0x0000, 0x0000, 0x0000, 0x0000, 0x0000,
  0x0000, 0x0000, 0x0000, 0x0000, 0x0000, 0x0000, 0x0000, 0x0000, 0x0000, 0x0000, 0x0000, 0x0000, 0x0000, 0x0000, 0x0000, 0x0000,
  0x0000, 0x0000, 0x0000, 0x0000, 0x0000, 0x0000, 0x0000, 0x0000, 0x0000, 0x0000, 0x0000, 0x0000, 0x0000, 0x0000, 0x0000, 0x0000,
  0x0000, 0x0000, 0x0000, 0x0000, 0x0000, 0x0000, 0x0000, 0x0000, 0x0000, 0x0000, 0x0000, 0x0000, 0x0000, 0x0000, 0x0000, 0x0000,
  0x0000, 0x0000, 0x0000, 0x0000, 0x0000, 0x0000, 0x0000, 0x0000, 0x0000, 0x0000, 0x0000, 0x0000, 0x0000, 0x0000, 0x0000, 0x0000,
  0x0000, 0x0000, 0x0000, 0x0000, 0x0000, 0x0000, 0x0000, 0x0000, 0x0000, 0x0000, 0x0000, 0x0000, 0x0000, 0x0000, 0x0000, 0x0000,
  0x0000, 0x0000, 0x0000, 0x0000, 0x0000, 0x0000, 0x0000, 0x0000, 0x0000, 0x0000, 0x0000, 0x0000, 0x0000, 0x0000, 0x0000, 0x0000,
  0x0000, 0x0000, 0x0000, 0x0000, 0x0000, 0x0000, 0x0501, 0x1926, 0xA809, 0xAC12, 0x1C2F, 0xD81D, 0xD01B, 0x0000, 0x6300, 0x6300,
  0x4619, 0x8308, 0x4400, 0xA800, 0x962B, 0x3C6E, 0x7674, 0x35BD, 0x5194, 0x2F63, 0x2D22, 0x0D1A, 0xEC11, 0x0D12, 0x4E1A, 0x3133,
  0xD44B, 0x3554, 0xB34B, 0x103B, 0x5243, 0xD34B, 0x3133, 0xF032, 0xAF2A, 0x2D22, 0xD022, 0xB433, 0xD42B, 0x9423, 0x152C, 0x731B,
  0xAD09, 0xA800, 0xCA00, 0xEF01, 0xD202, 0x950B, 0xF92C, 0x5C5E, 0xBD66, 0xF21A, 0x0909, 0x0609, 0x2611, 0x4300, 0x2619, 0xE510,
  0x2611, 0x8821, 0xC508, 0x2619, 0x8408, 0x6719, 0xE608, 0x0711, 0xAA19, 0x1113, 0x1E7F, 0x3C66, 0xB934, 0x950B, 0xF302, 0x0F02,
  0xC800, 0x6600, 0x4F12, 0xF52B, 0xF433, 0xD33B, 0x3865, 0xB65C, 0x7233, 0x513B, 0xF032, 0x8E2A, 0x8F2A, 0xD343, 0x3454, 0x755C,
  0x555C, 0x9243, 0x9243, 0x5143, 0xAF32, 0xEC19, 0xCC11, 0xEC19, 0x4E22, 0xCE42, 0xD173, 0xF3B4, 0x939C, 0x5965, 0x7A3C, 0x0B01,
  0xA500, 0x0611, 0x2A32, 0xC508, 0x0609, 0x6200, 0xED1A, 0x3625, 0x5D37, 0x3314, 0x8551, 0xAA5A, 0x9914, 0x2300, 0x0000, 0x0000,
  0x0000, 0x0000, 0x0000, 0x0000, 0x0000, 0x0000, 0x0000, 0x0000, 0x0000, 0x0000, 0x0000, 0x0000, 0x0000, 0x0000, 0x0000, 0x0000,
  0x0000, 0x0000, 0x0000, 0x0000, 0x0000, 0x0000, 0x0000, 0x0000, 0x0000, 0x0000, 0x0000, 0x0000, 0x0000, 0x0000, 0x0000, 0x0000,
  0x0000, 0x0000, 0x0000, 0x0000, 0x0000, 0x0000, 0x0000, 0x0000, 0x0000, 0x0000, 0x0000, 0x0000, 0x0000, 0x0000, 0x0000, 0x0000,
  0x0000, 0x0000, 0x0000, 0x0000, 0x0000, 0x0000, 0x0000, 0x0000, 0x0000, 0x0000, 0x0000, 0x0000, 0x0000, 0x0000, 0x0000, 0x0000,
  0x0000, 0x0000, 0x0000, 0x0000, 0x0000, 0x0000, 0x0000, 0x0000, 0x0000, 0x0000, 0x0000, 0x0000, 0x0000, 0x0000, 0x0000, 0x0000,
  0x0000, 0x0000, 0x0000, 0x0000, 0x0000, 0x0000, 0x0000, 0x0000, 0x0000, 0x0000, 0x0000, 0x0000, 0x0000, 0x0000, 0x0000, 0x0000,
  0x0000, 0x0000, 0x0000, 0x0000, 0x0000, 0x0000, 0x0000, 0x0000, 0x0000, 0x0000, 0x0000, 0x0000, 0x0000, 0x0000, 0x0000, 0x0000,
  0x0000, 0x0000, 0x0000, 0x0000, 0x0000, 0x0000, 0x0000, 0x0000, 0x0000, 0x0000, 0x0000, 0x0000, 0x0000, 0x0000, 0x0000, 0x0000,
  0x0000, 0x0000, 0x0000, 0x0000, 0x0000, 0x0000, 0x0000, 0x0000, 0x0000, 0x0000, 0x0000, 0x0000, 0x0000, 0x0000, 0x0000, 0x0000,
  0x0000, 0x0000, 0x0000, 0x0000, 0x0000, 0x0000, 0x0000, 0x0000, 0x0000, 0x0000, 0x0000, 0x0000, 0x0000, 0x0000, 0x0000, 0x0000,
  0x0000, 0x0000, 0x0000, 0x0000, 0x0000, 0x0000, 0x0000, 0x0000, 0x0000, 0x0000, 0x0000, 0x0000, 0x0000, 0x0000, 0x0000, 0x0000,
  0x0000, 0x0000, 0x0501, 0xF925, 0x4F2B, 0x8C1A, 0x561D, 0x9A2E, 0x901B, 0xE508, 0x2E1A, 0x2909, 0x6719, 0x0611, 0x4400, 0x4C01,
  0x7B55, 0x387D, 0xF4BC, 0xF13A, 0x901A, 0x3133, 0x6E22, 0xAB11, 0xCB19, 0x0C1A, 0xCF32, 0xB24B, 0x345C, 0xD353, 0xF453, 0xF353,
  0x924B, 0x4D2A, 0xEB21, 0x8D32, 0x5043, 0xCF32, 0x8E2A, 0xF022, 0xF523, 0x161C, 0x931B, 0x321B, 0x9012, 0x6A09, 0x8B11, 0xAC11,
  0x0F0A, 0xEF09, 0x1002, 0xF001, 0xB82C, 0x3F7F, 0x7112, 0x6919, 0xC508, 0x6719, 0x6B1A, 0x2F13, 0x701B, 0x0F13, 0x9013, 0x2F13,
  0x6B1A, 0x0611, 0x4811, 0xEB19, 0x900A, 0x3F7F, 0x772C, 0x5202, 0x7102, 0x2F02, 0x8F12, 0x8F12, 0x8A11, 0x8A11, 0x121B, 0xB523,
  0x9423, 0x563C, 0x353C, 0x5233, 0x1033, 0x4D2A, 0xEB21, 0x0B2A, 0x8D32, 0xAE32, 0x3043, 0xD34B, 0xD66C, 0xD66C, 0xB564, 0x914B,
  0x6D2A, 0xEB21, 0x0C22, 0x0B1A, 0xAE2A, 0x8E1A, 0xB01A, 0x912A, 0xB1AC, 0xF584, 0x9C55, 0xAF09, 0xA500, 0x0611, 0x0611, 0xAB11,
  0x0B1A, 0xE508, 0xED1A, 0x972D, 0x1926, 0xEC01, 0x4862, 0xCB5A, 0xB914, 0x2300, 0x0000, 0x0000, 0x0000, 0x0000, 0x0000, 0x0000,
  0x0000, 0x0000, 0x0000, 0x0000, 0x0000, 0x0000, 0x0000, 0x0000, 0x0000, 0x0000, 0x0000, 0x0000, 0x0000, 0x0000, 0x0000, 0x0000,
  0x0000, 0x0000, 0x0000, 0x0000, 0x0000, 0x0000, 0x0000, 0x0000, 0x0000, 0x0000, 0x0000, 0x0000, 0x0000, 0x0000, 0x0000, 0x0000,
  0x0000, 0x0000, 0x0000, 0x0000, 0x0000, 0x0000, 0x0000, 0x0000, 0x0000, 0x0000, 0x0000, 0x0000, 0x0000, 0x0000, 0x0000, 0x0000,
  0x0000, 0x0000, 0x0000, 0x0000, 0x0000, 0x0000, 0x0000, 0x0000, 0x0000, 0x0000, 0x0000, 0x0000, 0x0000, 0x0000, 0x0000, 0x0000,
  0x0000, 0x0000, 0x0000, 0x0000, 0x0000, 0x0000, 0x0000, 0x0000, 0x0000, 0x0000, 0x0000, 0x0000, 0x0000, 0x0000, 0x0000, 0x0000,
  0x0000, 0x0000, 0x0000, 0x0000, 0x0000, 0x0000, 0x0000, 0x0000, 0x0000, 0x0000, 0x0000, 0x0000, 0x0000, 0x0000, 0x0000, 0x0000,
  0x0000, 0x0000, 0x0000, 0x0000, 0x0000, 0x0000, 0x0000, 0x0000, 0x0000, 0x0000, 0x0000, 0x0000, 0x0000, 0x0000, 0x0000, 0x0000,
  0x0000, 0x0000, 0x0000, 0x0000, 0x0000, 0x0000, 0x0000, 0x0000, 0x0000, 0x0000, 0x0000, 0x0000, 0x0000, 0x0000, 0x0000, 0x0000,
  0x0000, 0x0000, 0x0000, 0x0000, 0x0000, 0x0000, 0x0000, 0x0000, 0x0000, 0x0000, 0x0000, 0x0000, 0x0000, 0x0000, 0x0000, 0x0000,
  0x0000, 0x0000, 0x0000, 0x0000, 0x0000, 0x0000, 0x0000, 0x0000, 0x0000, 0x0000, 0x0000, 0x0000, 0x0000, 0x0000, 0x0000, 0x0000,
  0x0000, 0x0000, 0x0000, 0x0000, 0x0000, 0x0000, 0x0000, 0x0000, 0x0000, 0x0000, 0x0000, 0x0000, 0x0000, 0x0000, 0xC400, 0x5A26,
  0xA801, 0xE600, 0xD01B, 0xDB3E, 0xF11B, 0x8400, 0x0000, 0x0000, 0x6300, 0xC508, 0x4400, 0xEF09, 0xBC5D, 0x159D, 0x716B, 0x5012,
  0xD343, 0xAE2A, 0xEB21, 0xCB21, 0xCA21, 0x8919, 0x0B22, 0xAD32, 0xEE42, 0x2F4B, 0x0E4B, 0x4C32, 0x8921, 0x8921, 0x4719, 0xC510,
  0xA410, 0xC510, 0x2711, 0xEB21, 0xAF22, 0x3123, 0x111B, 0x9323, 0xF212, 0x4F12, 0xED09, 0x4F12, 0x0F0A, 0xAD09, 0x8C09, 0x8C09,
  0xD001, 0xBB4D, 0x3C66, 0xE900, 0x8821, 0x4709, 0xF213, 0xDC2E, 0x1D27, 0x1D27, 0x3D2F, 0xDC36, 0x9213, 0x2711, 0xA921, 0x8C01,
  0x9D76, 0x5A45, 0x1002, 0xEE09, 0x2F0A, 0xED09, 0x2E0A, 0xD112, 0x8F1A, 0xB01A, 0xF112, 0x731B, 0x942B, 0xF02A, 0x4C2A, 0xCA21,
  0x0711, 0x2719, 0x4721, 0xA508, 0x8408, 0x4719, 0xAA21, 0xCD42, 0xD16B, 0xF16B, 0xB15B, 0x0F43, 0x2C2A, 0xCA19, 0xCA19, 0xCA11,
  0x6D22, 0xEF32, 0x102B, 0x3223, 0x5063, 0x54A5, 0xBC5D, 0x1012, 0xA600, 0xC508, 0x6300, 0x0000, 0x6300, 0x6300, 0xED1A, 0x1936,
  0x761D, 0x6801, 0xA400, 0x4801, 0x381C, 0x0200, 0x0000, 0x0000, 0x0000, 0x0000, 0x0000, 0x0000, 0x0000, 0x0000, 0x0000, 0x0000,
  0x0000, 0x0000, 0x0000, 0x0000, 0x0000, 0x0000, 0x0000, 0x0000, 0x0000, 0x0000, 0x0000, 0x0000, 0x0000, 0x0000, 0x0000, 0x0000,
  0x0000, 0x0000, 0x0000, 0x0000, 0x0000, 0x0000, 0x0000, 0x0000, 0x0000, 0x0000, 0x0000, 0x0000, 0x0000, 0x0000, 0x0000, 0x0000,
  0x0000, 0x0000, 0x0000, 0x0000, 0x0000, 0x0000, 0x0000, 0x0000, 0x0000, 0x0000, 0x0000, 0x0000, 0x0000, 0x0000, 0x0000, 0x0000,
  0x0000, 0x0000, 0x0000, 0x0000, 0x0000, 0x0000, 0x0000, 0x0000, 0x0000, 0x0000, 0x0000, 0x0000, 0x0000, 0x0000, 0x0000, 0x0000,
  0x0000, 0x0000, 0x0000, 0x0000, 0x0000, 0x0000, 0x0000, 0x0000, 0x0000, 0x0000, 0x0000, 0x0000, 0x0000, 0x0000, 0x0000, 0x0000,
  0x0000, 0x0000, 0x0000, 0x0000, 0x0000, 0x0000, 0x0000, 0x0000, 0x0000, 0x0000, 0x0000, 0x0000, 0x0000, 0x0000, 0x0000, 0x0000,
  0x0000, 0x0000, 0x0000, 0x0000, 0x0000, 0x0000, 0x0000, 0x0000, 0x0000, 0x0000, 0x0000, 0x0000, 0x0000, 0x0000, 0x0000, 0x0000,
  0x0000, 0x0000, 0x0000, 0x0000, 0x0000, 0x0000, 0x0000, 0x0000, 0x0000, 0x0000, 0x0000, 0x0000, 0x0000, 0x0000, 0x0000, 0x0000,
  0x0000, 0x0000, 0x0000, 0x0000, 0x0000, 0x0000, 0x0000, 0x0000, 0x0000, 0x0000, 0x0000, 0x0000, 0x0000, 0x0000, 0x0000, 0x0000,
  0x0000, 0x0000, 0x0000, 0x0000, 0x0000, 0x0000, 0x0000, 0x0000, 0x0000, 0x0000, 0x0000, 0x0000, 0x0000, 0x0000, 0x0000, 0x0000,
  0x0000, 0x0000, 0x0000, 0x0000, 0x0000, 0x0000, 0x0000, 0x0000, 0x0000, 0x0000, 0x0000, 0xF11B, 0x0501, 0xA400, 0xD013, 0x1C37,
  0xB01B, 0x0609, 0x2D12, 0x6A09, 0xE608, 0xA408, 0x4400, 0x3012, 0xDC5D, 0xD4A4, 0x3153, 0xB01A, 0xD02A, 0x0C1A, 0x4C2A, 0x0B2A,
  0xAA21, 0x0709, 0x0611, 0x2719, 0x8829, 0xA829, 0x2719, 0x6400, 0x2300, 0x0200, 0x2200, 0x8210, 0xE418, 0xC410, 0xA408, 0x0000,
  0x0000, 0xC508, 0x4909, 0x6E1A, 0xB01A, 0x9012, 0x7012, 0xD212, 0x700A, 0x8C09, 0x6C09, 0x6C09, 0xCF09, 0x7202, 0xFE6E, 0x9423,
  0xC808, 0x6811, 0x0E23, 0x1645, 0x373D, 0x1635, 0x363D, 0xF53C, 0x0F23, 0x8819, 0xA700, 0x152C, 0xFE7E, 0xF502, 0x0F0A, 0x4A09,
  0x0E0A, 0x4F0A, 0x1213, 0x3213, 0x9012, 0xF11A, 0xF122, 0x4D22, 0x6811, 0xE608, 0x8408, 0x0000, 0x4300, 0x8408, 0x4629, 0xC418,
  0x2200, 0x2300, 0x4400, 0xC608, 0xA929, 0x0A42, 0xA831, 0x4821, 0x6819, 0xAA19, 0x8911, 0x8A11, 0x2C1A, 0xF02A, 0xD022, 0xD01A,
  0x3153, 0xF3AC, 0xBB55, 0x3012, 0x8500, 0xE608, 0x0609, 0x9012, 0xD022, 0x4611, 0x8B12, 0x5A36, 0x971D, 0x0B0A, 0xE508, 0x0609,
  0x2901, 0x0000, 0x0000, 0x0000, 0x0000, 0x0000, 0x0000, 0x0000, 0x0000, 0x0000, 0x0000, 0x0000, 0x0000, 0x0000, 0x0000, 0x0000,
  0x0000, 0x0000, 0x0000, 0x0000, 0x0000, 0x0000, 0x0000, 0x0000, 0x0000, 0x0000, 0x0000, 0x0000, 0x0000, 0x0000, 0x0000, 0x0000,
  0x0000, 0x0000, 0x0000, 0x0000, 0x0000, 0x0000, 0x0000, 0x0000, 0x0000, 0x0000, 0x0000, 0x0000, 0x0000, 0x0000, 0x0000, 0x0000,
  0x0000, 0x0000, 0x0000, 0x0000, 0x0000, 0x0000, 0x0000, 0x0000, 0x0000, 0x0000, 0x0000, 0x0000, 0x0000, 0x0000, 0x0000, 0x0000,
  0x0000, 0x0000, 0x0000, 0x0000, 0x0000, 0x0000, 0x0000, 0x0000, 0x0000, 0x0000, 0x0000, 0x0000, 0x0000, 0x0000, 0x0000, 0x0000,
  0x0000, 0x0000, 0x0000, 0x0000, 0x0000, 0x0000, 0x0000, 0x0000, 0x0000, 0x0000, 0x0000, 0x0000, 0x0000, 0x0000, 0x0000, 0x0000,
  0x0000, 0x0000, 0x0000, 0x0000, 0x0000, 0x0000, 0x0000, 0x0000, 0x0000, 0x0000, 0x0000, 0x0000, 0x0000, 0x0000, 0x0000, 0x0000,
  0x0000, 0x0000, 0x0000, 0x0000, 0x0000, 0x0000, 0x0000, 0x0000, 0x0000, 0x0000, 0x0000, 0x0000, 0x0000, 0x0000, 0x0000, 0x0000,
  0x0000, 0x0000, 0x0000, 0x0000, 0x0000, 0x0000, 0x0000, 0x0000, 0x0000, 0x0000, 0x0000, 0x0000, 0x0000, 0x0000, 0x0000, 0x0000,
  0x0000, 0x0000, 0x0000, 0x0000, 0x0000, 0x0000, 0x0000, 0x0000, 0x0000, 0x0000, 0x0000, 0x0000, 0x0000, 0x0000, 0x0000, 0x0000,
  0x0000, 0x0000, 0x0000, 0x0000, 0x0000, 0x0000, 0x0000, 0x0000, 0x0000, 0x0000, 0x0000, 0x0000, 0x0000, 0x0000, 0x0000, 0x0000,
  0x0000, 0x0000, 0x0000, 0x0000, 0x0000, 0x0000, 0x0000, 0x6300, 0xA400, 0xC500, 0x8F0B, 0x1C37, 0x901B, 0x6300, 0xE600, 0x6A09,
  0x0709, 0xA408, 0x4500, 0x7112, 0xDC5D, 0xD4A4, 0x1053, 0x4E12, 0x8E2A, 0xEC19, 0x4909, 0x0709, 0x2711, 0x2711, 0x2619, 0xC510,
  0x0619, 0x2619, 0x8408, 0x2300, 0x2300, 0x6308, 0xE420, 0x2519, 0xC418, 0xE410, 0x8300, 0x0709, 0xE600, 0x0000, 0x0000, 0x4300,
  0x2809, 0x2E12, 0xB112, 0xF212, 0xB20A, 0x0F0A, 0xCE09, 0x8D09, 0xAE09, 0x6E01, 0x7A4D, 0x7A55, 0x6B01, 0x0611, 0x0511, 0xC829,
  0x4711, 0x4B2A, 0x2611, 0xA821, 0x4719, 0xE608, 0xED09, 0x1B66, 0x7A45, 0x5202, 0xCE09, 0x8C09, 0x0E0A, 0xF20A, 0x7413, 0x5313,
  0xB012, 0x4E1A, 0x4819, 0x2200, 0x0000, 0x4200, 0x0601, 0xAF1A, 0x8911, 0xA410, 0x4629, 0x8731, 0xE418, 0x6400, 0x4300, 0x6400,
  0xE608, 0x8829, 0xA929, 0x4821, 0x0711, 0xA508, 0xA600, 0x0809, 0x2901, 0x2901, 0xAB09, 0x2F02, 0x1143, 0xD2AC, 0x9B55, 0xB312,
  0xA600, 0xC608, 0xC508, 0x8400, 0x0000, 0x0000, 0x8C12, 0xBB2E, 0x3515, 0xE600, 0xC400, 0x8300, 0x0000, 0x0000, 0x0000, 0x0000,
  0x0000, 0x0000, 0x0000, 0x0000, 0x0000, 0x0000, 0x0000, 0x0000, 0x0000, 0x0000, 0x0000, 0x0000, 0x0000, 0x0000, 0x0000, 0x0000,
  0x0000, 0x0000, 0x0000, 0x0000, 0x0000, 0x0000, 0x0000, 0x0000, 0x0000, 0x0000, 0x0000, 0x0000, 0x0000, 0x0000, 0x0000, 0x0000,
  0x0000, 0x0000, 0x0000, 0x0000, 0x0000, 0x0000, 0x0000, 0x0000, 0x0000, 0x0000, 0x0000, 0x0000, 0x0000, 0x0000, 0x0000, 0x0000,
  0x0000, 0x0000, 0x0000, 0x0000, 0x0000, 0x0000, 0x0000, 0x0000, 0x0000, 0x0000, 0x0000, 0x0000, 0x0000, 0x0000, 0x0000, 0x0000,
  0x0000, 0x0000, 0x0000, 0x0000, 0x0000, 0x0000, 0x0000, 0x0000, 0x0000, 0x0000, 0x0000, 0x0000, 0x0000, 0x0000, 0x0000, 0x0000,
  0x0000, 0x0000, 0x0000, 0x0000, 0x0000, 0x0000, 0x0000, 0x0000, 0x0000, 0x0000, 0x0000, 0x0000, 0x0000, 0x0000, 0x0000, 0x0000,
  0x0000, 0x0000, 0x0000, 0x0000, 0x0000, 0x0000, 0x0000, 0x0000, 0x0000, 0x0000, 0x0000, 0x0000, 0x0000, 0x0000, 0x0000, 0x0000,
  0x0000, 0x0000, 0x0000, 0x0000, 0x0000, 0x0000, 0x0000, 0x0000, 0x0000, 0x0000, 0x0000, 0x0000, 0x0000, 0x0000, 0x0000, 0x0000,
  0x0000, 0x0000, 0x0000, 0x0000, 0x0000, 0x0000, 0x0000, 0x0000, 0x0000, 0x0000, 0x0000, 0x0000, 0x0000, 0x0000, 0x0000, 0x0000,
  0x0000, 0x0000, 0x0000, 0x0000, 0x0000, 0x0000, 0x0000, 0x0000, 0x0000, 0x0000, 0x0000, 0x0000, 0x0000, 0x0000, 0x0000, 0x0000,
  0x0000, 0x0000, 0x0000, 0x0000, 0x0000, 0x0000, 0x0000, 0x0000, 0x0000, 0x0000, 0x0000, 0x0000, 0x0000, 0x0000, 0x0000, 0x0000,
  0x0000, 0x0000, 0x0000, 0x0000, 0x6200, 0xA400, 0x8C0A, 0x1D37, 0xB01B, 0xA400, 0x0709, 0x6300, 0x8300, 0xC508, 0x4500, 0xB21A,
  0xBC55, 0x93A4, 0x8E42, 0x8C01, 0x8B09, 0x0801, 0xA600, 0x6500, 0x4300, 0x4300, 0x4300, 0x4300, 0xA408, 0x4721, 0x2711, 0x6400,
  0x2300, 0x0429, 0x6C2A, 0x6D1A, 0xC318, 0x2511, 0x4200, 0x4809, 0xFA1C, 0x721B, 0xE608, 0x0000, 0x2200, 0xC608, 0xED11, 0xF212,
  0x540B, 0xF30A, 0xB20A, 0x8C09, 0x4B09, 0xAF01, 0xB834, 0x3C66, 0x2A01, 0x0619, 0x4719, 0x8300, 0x8721, 0xC508, 0x6719, 0x2619,
  0xA408, 0xCA21, 0xAC01, 0xDD76, 0xB834, 0x0F02, 0xAD09, 0x710A, 0xF30A, 0x330B, 0x7413, 0x741B, 0x0D12, 0x8408, 0x0000, 0x8300,
  0xA400, 0xF01A, 0x7C25, 0x171C, 0x0711, 0x0419, 0x2521, 0xAF2A, 0x4A42, 0x4529, 0x4400, 0xE708, 0x0B3A, 0x2A42, 0x2719, 0x6400,
  0x2300, 0x4400, 0x4400, 0x6500, 0x8600, 0xC700, 0x0901, 0xCD01, 0x8F3A, 0x91AC, 0x9A55, 0xB31A, 0x8700, 0xC608, 0xA400, 0x6A09,
  0x2C1A, 0x2609, 0x8C12, 0xFC2E, 0x5214, 0x8400, 0x6300, 0x0000, 0x0000, 0x0000, 0x0000, 0x0000, 0x0000, 0x0000, 0x0000, 0x0000,
  0x0000, 0x0000, 0x0000, 0x0000, 0x0000, 0x0000, 0x0000, 0x0000, 0x0000, 0x0000, 0x0000, 0x0000, 0x0000, 0x0000, 0x0000, 0x0000,
  0x0000, 0x0000, 0x0000, 0x0000, 0x0000, 0x0000, 0x0000, 0x0000, 0x0000, 0x0000, 0x0000, 0x0000, 0x0000, 0x0000, 0x0000, 0x0000,
  0x0000, 0x0000, 0x0000, 0x0000, 0x0000, 0x0000, 0x0000, 0x0000, 0x0000, 0x0000, 0x0000, 0x0000, 0x0000, 0x0000, 0x0000, 0x0000,
  0x0000, 0x0000, 0x0000, 0x0000, 0x0000, 0x0000, 0x0000, 0x0000, 0x0000, 0x0000, 0x0000, 0x0000, 0x0000, 0x0000, 0x0000, 0x0000,
  0x0000, 0x0000, 0x0000, 0x0000, 0x0000, 0x0000, 0x0000, 0x0000, 0x0000, 0x0000, 0x0000, 0x0000, 0x0000, 0x0000, 0x0000, 0x0000,
  0x0000, 0x0000, 0x0000, 0x0000, 0x0000, 0x0000, 0x0000, 0x0000, 0x0000, 0x0000, 0x0000, 0x0000, 0x0000, 0x0000, 0x0000, 0x0000,
  0x0000, 0x0000, 0x0000, 0x0000, 0x0000, 0x0000, 0x0000, 0x0000, 0x0000, 0x0000, 0x0000, 0x0000, 0x0000, 0x0000, 0x0000, 0x0000,
  0x0000, 0x0000, 0x0000, 0x0000, 0x0000, 0x0000, 0x0000, 0x0000, 0x0000, 0x0000, 0x0000, 0x0000, 0x0000, 0x0000, 0x0000, 0x0000,
  0x0000, 0x0000, 0x0000, 0x0000, 0x0000, 0x0000, 0x0000, 0x0000, 0x0000, 0x0000, 0x0000, 0x0000, 0x0000, 0x0000, 0x0000, 0x0000,
  0x0000, 0x0000, 0x0000, 0x0000, 0x0000, 0x0000, 0x0000, 0x0000, 0x0000, 0x0000, 0x0000, 0x0000, 0x0000, 0x0000, 0x0000, 0x0000,
  0x0000, 0x0000, 0x0000, 0x0000, 0x0000, 0x0000, 0x0000, 0x0000, 0x0000, 0x0000, 0x0000, 0x0000, 0x0000, 0x0000, 0x0000, 0x0000,
  0x0000, 0x8300, 0x4601, 0x1C37, 0x111C, 0xC408, 0x2D1A, 0x4F1A, 0x4811, 0xA408, 0x4500, 0xB31A, 0x9B5D, 0x94AC, 0x2E3A, 0x0A01,
  0xC800, 0x8600, 0x8500, 0x8500, 0x8400, 0x6400, 0xA408, 0xC508, 0x8829, 0x8B4A, 0x4B3A, 0xA500, 0x6208, 0xC739, 0x932B, 0x2932,
  0x4331, 0x6521, 0x6300, 0x0200, 0x4901, 0x4909, 0x0711, 0x8408, 0x8400, 0x4300, 0xA508, 0x4E12, 0x9513, 0xD613, 0x950B, 0x500A,
  0xAD09, 0xF101, 0xD83C, 0xDA55, 0x2A01, 0x4719, 0xC508, 0xC929, 0xC408, 0x4619, 0x6719, 0xE510, 0xA821, 0xC508, 0xED01, 0x9D6E,
  0xD93C, 0xEF01, 0x4F0A, 0x7513, 0x371C, 0xD51B, 0xD523, 0x6F1A, 0xA508, 0x8300, 0xE608, 0xE510, 0x0611, 0x8600, 0x4901, 0x6500,
  0xE418, 0xE641, 0xA549, 0xCD42, 0xB063, 0x2752, 0x4300, 0x2811, 0x4F63, 0x8F73, 0x6B4A, 0x4721, 0x4719, 0x0711, 0xA600, 0xC608,
  0x6500, 0x6600, 0xA800, 0x0A01, 0x0D3A, 0x52AC, 0x7A55, 0xF41A, 0xA700, 0xA500, 0xC508, 0x8A11, 0x2709, 0xA400, 0xCD0A, 0x7E2F,
  0xB414, 0x4701, 0xA400, 0x0000, 0x0000, 0x0000, 0x0000, 0x0000, 0x0000, 0x0000, 0x0000, 0x0000, 0x0000, 0x0000, 0x0000, 0x0000,
  0x0000, 0x0000, 0x0000, 0x0000, 0x0000, 0x0000, 0x0000, 0x0000, 0x0000, 0x0000, 0x0000, 0x0000, 0x0000, 0x0000, 0x0000, 0x0000,
  0x0000, 0x0000, 0x0000, 0x0000, 0x0000, 0x0000, 0x0000, 0x0000, 0x0000, 0x0000, 0x0000, 0x0000, 0x0000, 0x0000, 0x0000, 0x0000,
  0x0000, 0x0000, 0x0000, 0x0000, 0x0000, 0x0000, 0x0000, 0x0000, 0x0000, 0x0000, 0x0000, 0x0000, 0x0000, 0x0000, 0x0000, 0x0000,
  0x0000, 0x0000, 0x0000, 0x0000, 0x0000, 0x0000, 0x0000, 0x0000, 0x0000, 0x0000, 0x0000, 0x0000, 0x0000, 0x0000, 0x0000, 0x0000,
  0x0000, 0x0000, 0x0000, 0x0000, 0x0000, 0x0000, 0x0000, 0x0000, 0x0000, 0x0000, 0x0000, 0x0000, 0x0000, 0x0000, 0x0000, 0x0000,
  0x0000, 0x0000, 0x0000, 0x0000, 0x0000, 0x0000, 0x0000, 0x0000, 0x0000, 0x0000, 0x0000, 0x0000, 0x0000, 0x0000, 0x0000, 0x0000,
  0x0000, 0x0000, 0x0000, 0x0000, 0x0000, 0x0000, 0x0000, 0x0000, 0x0000, 0x0000, 0x0000, 0x0000, 0x0000, 0x0000, 0x0000, 0x0000,
  0x0000, 0x0000, 0x0000, 0x0000, 0x0000, 0x0000, 0x0000, 0x0000, 0x0000, 0x0000, 0x0000, 0x0000, 0x0000, 0x0000, 0x0000, 0x0000,
  0x0000, 0x0000, 0x0000, 0x0000, 0x0000, 0x0000, 0x0000, 0x0000, 0x0000, 0x0000, 0x0000, 0x0000, 0x0000, 0x0000, 0x0000, 0x0000,
  0x0000, 0x0000, 0x0000, 0x0000, 0x0000, 0x0000, 0x0000, 0x0000, 0x0000, 0x0000, 0x0000, 0x0000, 0x0000, 0x0000, 0x0000, 0x0000,
  0x0000, 0x0000, 0x0000, 0x0000, 0x0000, 0x0000, 0x0000, 0x0000, 0x0000, 0x0000, 0x0000, 0x0000, 0x4200, 0x8701, 0x161D, 0xDF37,
  0x941C, 0x0000, 0x0000, 0x0000, 0x6300, 0xA508, 0x4500, 0xD31A, 0xBC55, 0x9232, 0x4C11, 0xC800, 0xA700, 0x8500, 0x6400, 0x2711,
  0xEA29, 0x2B32, 0x6B3A, 0x2A3A, 0x2D63, 0xAF73, 0x8C4A, 0xC600, 0xA310, 0x685A, 0xD443, 0x275A, 0x8349, 0xC539, 0x6308, 0x2300,
  0x0300, 0x0000, 0x8531, 0x6621, 0x8A09, 0xA400, 0x6300, 0x2809, 0x321B, 0xD513, 0x161C, 0x9513, 0x510A, 0xD001, 0xBB55, 0x1845,
  0xE800, 0xA508, 0xA821, 0xA308, 0x6208, 0xC410, 0x4200, 0x6721, 0xA508, 0x8819, 0x2A01, 0x594D, 0xFC5D, 0x3202, 0xF212, 0x1624,
  0xB834, 0x782C, 0x3223, 0xC608, 0x8308, 0x2611, 0x2D12, 0xE741, 0xC739, 0x2300, 0x2200, 0x0200, 0x6529, 0x675A, 0x666A, 0x2C6B,
  0xF073, 0x8762, 0x6400, 0xCB21, 0x3284, 0x8F73, 0x4F6B, 0x0E5B, 0xEE4A, 0xEE42, 0x2C2A, 0x0809, 0xC708, 0x8600, 0x8700, 0xA800,
  0x2C11, 0x9322, 0xDC4D, 0xF41A, 0x8700, 0xE708, 0x4200, 0x0000, 0xA400, 0x8300, 0xED12, 0xFF2F, 0x9E27, 0xB10B, 0x6711, 0xC821,
  0x2611, 0x6200, 0x0000, 0x0000, 0x0000, 0x0000, 0x0000, 0x0000, 0x0000, 0x0000, 0x0000, 0x0000, 0x0000, 0x0000, 0x0000, 0x0000,
  0x0000, 0x0000, 0x0000, 0x0000, 0x0000, 0x0000, 0x0000, 0x0000, 0x0000, 0x0000, 0x0000, 0x0000, 0x0000, 0x0000, 0x0000, 0x0000,
  0x0000, 0x0000, 0x0000, 0x0000, 0x0000, 0x0000, 0x0000, 0x0000, 0x0000, 0x0000, 0x0000, 0x0000, 0x0000, 0x0000, 0x0000, 0x0000,
  0x0000, 0x0000, 0x0000, 0x0000, 0x0000, 0x0000, 0x0000, 0x0000, 0x0000, 0x0000, 0x0000, 0x0000, 0x0000, 0x0000, 0x0000, 0x0000,
  0x0000, 0x0000, 0x0000, 0x0000, 0x0000, 0x0000, 0x0000, 0x0000, 0x0000, 0x0000, 0x0000, 0x0000, 0x0000, 0x0000, 0x0000, 0x0000,
  0x0000, 0x0000, 0x0000, 0x0000, 0x0000, 0x0000, 0x0000, 0x0000, 0x0000, 0x0000, 0x0000, 0x0000, 0x0000, 0x0000, 0x0000, 0x0000,
  0x0000, 0x0000, 0x0000, 0x0000, 0x0000, 0x0000, 0x0000, 0x0000, 0x0000, 0x0000, 0x0000, 0x0000, 0x0000, 0x0000, 0x0000, 0x0000,
  0x0000, 0x0000, 0x0000, 0x0000, 0x0000, 0x0000, 0x0000, 0x0000, 0x0000, 0x0000, 0x0000, 0x0000, 0x0000, 0x0000, 0x0000, 0x0000,
  0x0000, 0x0000, 0x0000, 0x0000, 0x0000, 0x0000, 0x0000, 0x0000, 0x0000, 0x0000, 0x0000, 0x0000, 0x0000, 0x0000, 0x0000, 0x0000,
  0x0000, 0x0000, 0x0000, 0x0000, 0x0000, 0x0000, 0x0000, 0x0000, 0x0000, 0x0000, 0x0000, 0x0000, 0x0000, 0x0000, 0x0000, 0x0000,
  0x0000, 0x0000, 0x0000, 0x0000, 0x0000, 0x0000, 0x0000, 0x0000, 0x0000, 0x0000, 0x0000, 0x0000, 0x0000, 0x0000, 0x0000, 0x0000,
  0x0000, 0x0000, 0x0000, 0x0000, 0x0000, 0x0000, 0x0000, 0x2601, 0x4601, 0xE901, 0x7314, 0x1C37, 0x311C, 0xA408, 0x6E1A, 0x8B11,
  0xC508, 0xA508, 0x4500, 0xD41A, 0x1D56, 0xB50A, 0xCE09, 0xC800, 0xA700, 0x8600, 0x2711, 0xAA19, 0x4C32, 0xCE42, 0x2F5B, 0x6F6B,
  0x8F73, 0xAF7B, 0x3184, 0xCA21, 0xC410, 0xA672, 0xD25B, 0x685A, 0xE361, 0x255A, 0xC418, 0x0300, 0x2300, 0xE418, 0xA66A, 0x2842,
  0x6E1A, 0xE510, 0xC508, 0x2300, 0x0D12, 0xD42B, 0xB734, 0xB81C, 0xF30A, 0x1102, 0xBD6E, 0x531B, 0xA600, 0x6719, 0x6208, 0x0000,
  0x6300, 0x0000, 0x6300, 0x0000, 0xC410, 0xE508, 0x2901, 0x162C, 0xDD7E, 0xB302, 0xF62B, 0xD854, 0xD84C, 0x773C, 0xCC11, 0x4300,
  0x4529, 0xC731, 0x302B, 0x8762, 0xC772, 0x6308, 0x4300, 0x0200, 0xC541, 0xC772, 0xE782, 0xEE83, 0x4E9C, 0x4662, 0x6500, 0xEF4A,
  0xD494, 0x3284, 0x6F63, 0x2F53, 0x5053, 0xAE42, 0x8D3A, 0x103B, 0x0D1A, 0xC808, 0x6600, 0x0A01, 0x9212, 0xF50A, 0xFC4D, 0x1423,
  0xA800, 0x6400, 0xA408, 0x2E12, 0x6E1A, 0x2611, 0x8701, 0xB725, 0x9003, 0x2B02, 0xE819, 0x6A2A, 0xE821, 0x0511, 0x8300, 0x6200,
  0x0000, 0x0000, 0x0000, 0x0000, 0x0000, 0x0000, 0x0000, 0x0000, 0x0000, 0x0000, 0x0000, 0x0000, 0x0000, 0x0000, 0x0000, 0x0000,
  0x0000, 0x0000, 0x0000, 0x0000, 0x0000, 0x0000, 0x0000, 0x0000, 0x0000, 0x0000, 0x0000, 0x0000, 0x0000, 0x0000, 0x0000, 0x0000,
  0x0000, 0x0000, 0x0000, 0x0000, 0x0000, 0x0000, 0x0000, 0x0000, 0x0000, 0x0000, 0x0000, 0x0000, 0x0000, 0x0000, 0x0000, 0x0000,
  0x0000, 0x0000, 0x0000, 0x0000, 0x0000, 0x0000, 0x0000, 0x0000, 0x0000, 0x0000, 0x0000, 0x0000, 0x0000, 0x0000, 0x0000, 0x0000,
  0x0000, 0x0000, 0x0000, 0x0000, 0x0000, 0x0000, 0x0000, 0x0000, 0x0000, 0x0000, 0x0000, 0x0000, 0x0000, 0x0000, 0x0000, 0x0000,
  0x0000, 0x0000, 0x0000, 0x0000, 0x0000, 0x0000, 0x0000, 0x0000, 0x0000, 0x0000, 0x0000, 0x0000, 0x0000, 0x0000, 0x0000, 0x0000,
  0x0000, 0x0000, 0x0000, 0x0000, 0x0000, 0x0000, 0x0000, 0x0000, 0x0000, 0x0000, 0x0000, 0x0000, 0x0000, 0x0000, 0x0000, 0x0000,
  0x0000, 0x0000, 0x0000, 0x0000, 0x0000, 0x0000, 0x0000, 0x0000, 0x0000, 0x0000, 0x0000, 0x0000, 0x0000, 0x0000, 0x0000, 0x0000,
  0x0000, 0x0000, 0x0000, 0x0000, 0x0000, 0x0000, 0x0000, 0x0000, 0x0000, 0x0000, 0x0000, 0x0000, 0x0000, 0x0000, 0x0000, 0x0000,
  0x0000, 0x0000, 0x0000, 0x0000, 0x0000, 0x0000, 0x0000, 0x0000, 0x0000, 0x0000, 0x0000, 0x0000, 0x0000, 0x0000, 0x0000, 0x0000,
  0x0000, 0x0000, 0x0000, 0x0000, 0x0000, 0x0000, 0x0000, 0x0000, 0x0000, 0x0000, 0x0000, 0x0000, 0x0000, 0x0000, 0x0000, 0x6200,
  0x8300, 0xE500, 0xC400, 0xA801, 0x0902, 0x8801, 0x0601, 0xC901, 0xE500, 0x0000, 0x8300, 0xE608, 0x8300, 0x2200, 0x4500, 0xD41A,
  0xDC4D, 0x7312, 0x5112, 0xCD09, 0x4500, 0xE708, 0x4D22, 0xCF32, 0xEE3A, 0x7053, 0xB063, 0xD06B, 0xD073, 0xB38C, 0x96B5, 0x6F63,
  0xE700, 0x866A, 0xCD7B, 0x504B, 0x246A, 0x4472, 0x6439, 0x0200, 0x0200, 0x0452, 0x058B, 0x0D53, 0x6B3A, 0x8631, 0x0609, 0x4400,
  0xE708, 0xB33B, 0xF854, 0x193D, 0x750B, 0x741B, 0x7D5E, 0xAD01, 0x8919, 0x8308, 0x0000, 0x0000, 0x0000, 0x0000, 0x0000, 0x0000,
  0x0000, 0xC508, 0x6A09, 0x0F02, 0xBD6E, 0x3724, 0xD854, 0x5885, 0x1875, 0xB343, 0xA600, 0x8410, 0xC641, 0x4662, 0x2E4B, 0x6C6B,
  0x4593, 0x6431, 0x0200, 0x6308, 0x0552, 0xA57A, 0x8A8B, 0xD29C, 0x4BB4, 0xA639, 0x4909, 0x337C, 0x569D, 0xF594, 0x326C, 0x2F4B,
  0xAD3A, 0xAE3A, 0x0F43, 0xD34B, 0x6E1A, 0xE800, 0x8700, 0xCF09, 0xEE11, 0x6E01, 0x5B45, 0x5523, 0x6700, 0x6300, 0x0000, 0x4300,
  0x0000, 0x0000, 0x6300, 0xA500, 0x0A0A, 0x6709, 0xE819, 0xAC2A, 0xAB2A, 0x0922, 0x6619, 0x8300, 0x0000, 0x0000, 0x0000, 0x0000,
  0x0000, 0x0000, 0x0000, 0x0000, 0x0000, 0x0000, 0x0000, 0x0000, 0x0000, 0x0000, 0x0000, 0x0000, 0x0000, 0x0000, 0x0000, 0x0000,
  0x0000, 0x0000, 0x0000, 0x0000, 0x0000, 0x0000, 0x0000, 0x0000, 0x0000, 0x0000, 0x0000, 0x0000, 0x0000, 0x0000, 0x0000, 0x0000,
  0x0000, 0x0000, 0x0000, 0x0000, 0x0000, 0x0000, 0x0000, 0x0000, 0x0000, 0x0000, 0x0000, 0x0000, 0x0000, 0x0000, 0x0000, 0x0000,
  0x0000, 0x0000, 0x0000, 0x0000, 0x0000, 0x0000, 0x0000, 0x0000, 0x0000, 0x0000, 0x0000, 0x0000, 0x0000, 0x0000, 0x0000, 0x0000,
  0x0000, 0x0000, 0x0000, 0x0000, 0x0000, 0x0000, 0x0000, 0x0000, 0x0000, 0x0000, 0x0000, 0x0000, 0x0000, 0x0000, 0x0000, 0x0000,
  0x0000, 0x0000, 0x0000, 0x0000, 0x0000, 0x0000, 0x0000, 0x0000, 0x0000, 0x0000, 0x0000, 0x0000, 0x0000, 0x0000, 0x0000, 0x0000,
  0x0000, 0x0000, 0x0000, 0x0000, 0x0000, 0x0000, 0x0000, 0x0000, 0x0000, 0x0000, 0x0000, 0x0000, 0x0000, 0x0000, 0x0000, 0x0000,
  0x0000, 0x0000, 0x0000, 0x0000, 0x0000, 0x0000, 0x0000, 0x0000, 0x0000, 0x0000, 0x0000, 0x0000, 0x0000, 0x0000, 0x0000, 0x0000,
  0x0000, 0x0000, 0x0000, 0x0000, 0x0000, 0x0000, 0x0000, 0x0000, 0x0000, 0x0000, 0x0000, 0x0000, 0x0000, 0x0000, 0x0000, 0x0000,
  0x0000, 0x0000, 0x0000, 0x0000, 0x0000, 0x0000, 0x0000, 0x0000, 0x0000, 0x0000, 0x0000, 0x0000, 0x0000, 0x0000, 0x0000, 0x0000,
  0x0000, 0x0000, 0x0000, 0x0000, 0x0000, 0x0000, 0x0000, 0x0000, 0x0000, 0x0000, 0x0000, 0x6200, 0x6200, 0x4609, 0x2A12, 0x2A12,
  0xAC22, 0x0A12, 0x4701, 0x0C0A, 0x6300, 0x0000, 0x0000, 0x0000, 0x0000, 0x2200, 0x4500, 0x9312, 0xFA34, 0xCD00, 0xCA00, 0xCF09,
  0xC700, 0xAA11, 0xEF32, 0xCF32, 0xCE3A, 0x8D32, 0x2F43, 0x9053, 0x526C, 0x3695, 0x359D, 0xD394, 0xAA19, 0x8729, 0x09AC, 0x0F7C,
  0x9053, 0x475A, 0x2562, 0x4208, 0x0329, 0xE58A, 0xE87A, 0x6E6B, 0xE96A, 0x274A, 0xE510, 0x4400, 0x8600, 0x523B, 0xF86C, 0x395D,
  0x172C, 0x5A45, 0x7734, 0x0901, 0xC508, 0x0000, 0x0000, 0x0000, 0x0000, 0x0000, 0x0000, 0x0000, 0x0000, 0x4200, 0x2711, 0x8B09,
  0xF83C, 0x9B55, 0x1865, 0x9895, 0x798D, 0x3143, 0x4300, 0xA408, 0xC549, 0x097B, 0x4B83, 0x6F63, 0xE872, 0xC67A, 0xA318, 0xE320,
  0x656A, 0xE96A, 0xF17B, 0x2FC5, 0xAA93, 0x4909, 0x6D3A, 0x569D, 0xB8A5, 0x7895, 0x746C, 0x704B, 0x8E32, 0x504B, 0x714B, 0xCF2A,
  0x4E12, 0x8B09, 0x0A01, 0xCE09, 0x4B09, 0x2E01, 0xFB34, 0xF31A, 0x6700, 0x8500, 0x0000, 0x0000, 0x0000, 0x0000, 0xA410, 0xC408,
  0x4C1A, 0x0509, 0x6A32, 0x2E43, 0x0D3B, 0xAC32, 0xC821, 0xE408, 0x6208, 0x0000, 0x0000, 0x0000, 0x0000, 0x0000, 0x0000, 0x0000,
  0x0000, 0x0000, 0x0000, 0x0000, 0x0000, 0x0000, 0x0000, 0x0000, 0x0000, 0x0000, 0x0000, 0x0000, 0x0000, 0x0000, 0x0000, 0x0000,
  0x0000, 0x0000, 0x0000, 0x0000, 0x0000, 0x0000, 0x0000, 0x0000, 0x0000, 0x0000, 0x0000, 0x0000, 0x0000, 0x0000, 0x0000, 0x0000,
  0x0000, 0x0000, 0x0000, 0x0000, 0x0000, 0x0000, 0x0000, 0x0000, 0x0000, 0x0000, 0x0000, 0x0000, 0x0000, 0x0000, 0x0000, 0x0000,
  0x0000, 0x0000, 0x0000, 0x0000, 0x0000, 0x0000, 0x0000, 0x0000, 0x0000, 0x0000, 0x0000, 0x0000, 0x0000, 0x0000, 0x0000, 0x0000,
  0x0000, 0x0000, 0x0000, 0x0000, 0x0000, 0x0000, 0x0000, 0x0000, 0x0000, 0x0000, 0x0000, 0x0000, 0x0000, 0x0000, 0x0000, 0x0000,
  0x0000, 0x0000, 0x0000, 0x0000, 0x0000, 0x0000, 0x0000, 0x0000, 0x0000, 0x0000, 0x0000, 0x0000, 0x0000, 0x0000, 0x0000, 0x0000,
  0x0000, 0x0000, 0x0000, 0x0000, 0x0000, 0x0000, 0x0000, 0x0000, 0x0000, 0x0000, 0x0000, 0x0000, 0x0000, 0x0000, 0x0000, 0x0000,
  0x0000, 0x0000, 0x0000, 0x0000, 0x0000, 0x0000, 0x0000, 0x0000, 0x0000, 0x0000, 0x0000, 0x0000, 0x0000, 0x0000, 0x0000, 0x0000,
  0x0000, 0x0000, 0x0000, 0x0000, 0x0000, 0x0000, 0x0000, 0x0000, 0x0000, 0x0000, 0x0000, 0x0000, 0x0000, 0x0000, 0x0000, 0x0000,
  0x0000, 0x0000, 0x0000, 0x0000, 0x0000, 0x0000, 0x0000, 0x0000, 0x0000, 0x0000, 0x0000, 0x0000, 0x0000, 0x0000, 0x0000, 0x0000,
  0x0000, 0x0000, 0x0000, 0x0000, 0x0000, 0x0000, 0x0000, 0xC400, 0x0509, 0x2A22, 0xCC32, 0x4A2A, 0xE921, 0x6611, 0x8300, 0xC500,
  0x6200, 0xA220, 0x0000, 0x0000, 0x0000, 0x4300, 0x4400, 0x3212, 0xBA2C, 0x2E01, 0x0C01, 0xEF09, 0x4B09, 0xEC19, 0xAE32, 0x914B,
  0x504B, 0xCE3A, 0xAD3A, 0x0F43, 0x526C, 0xD57C, 0x979D, 0x76A5, 0x8F63, 0xE700, 0x2B6B, 0x2CD5, 0x6A83, 0x8A52, 0x055A, 0xE551,
  0x666A, 0x8772, 0x097B, 0x898B, 0x2883, 0x685A, 0x8408, 0x0200, 0x6500, 0xAF32, 0xD76C, 0x1875, 0x9433, 0xFC45, 0x700A, 0x8500,
  0xA310, 0x0000, 0x6308, 0xE410, 0xC410, 0xC410, 0xA410, 0x6208, 0x0000, 0x0000, 0xE510, 0xC700, 0x531B, 0x1C5E, 0x9754, 0xB995,
  0x378D, 0xEF3A, 0x2300, 0x2200, 0x4431, 0x8A93, 0xCA9B, 0x898B, 0x0A73, 0xA672, 0x2562, 0x265A, 0x8862, 0x0A73, 0xADBC, 0x6CB4,
  0xA921, 0xCB19, 0x1695, 0xF9AD, 0x9895, 0xF253, 0x8D32, 0x4C2A, 0x8D2A, 0x9343, 0x8E2A, 0x6E1A, 0x7323, 0x331B, 0xCE09, 0x0F0A,
  0x8D09, 0x6F01, 0xDA34, 0x921A, 0x6600, 0x8500, 0x6300, 0x4200, 0x6118, 0x6449, 0x0000, 0x0000, 0x0000, 0x2519, 0xA729, 0xAB42,
  0x8F5B, 0x2E4B, 0xAC3A, 0xE929, 0x8721, 0xC410, 0x0000, 0x0000, 0x0000, 0x0000, 0x0000, 0x0000, 0x0000, 0x0000, 0x0000, 0x0000,
  0x0000, 0x0000, 0x0000, 0x0000, 0x0000, 0x0000, 0x0000, 0x0000, 0x0000, 0x0000, 0x0000, 0x0000, 0x0000, 0x0000, 0x0000, 0x0000,
  0x0000, 0x0000, 0x0000, 0x0000, 0x0000, 0x0000, 0x0000, 0x0000, 0x0000, 0x0000, 0x0000, 0x0000, 0x0000, 0x0000, 0x0000, 0x0000,
  0x0000, 0x0000, 0x0000, 0x0000, 0x0000, 0x0000, 0x0000, 0x0000, 0x0000, 0x0000, 0x0000, 0x0000, 0x0000, 0x0000, 0x0000, 0x0000,
  0x0000, 0x0000, 0x0000, 0x0000, 0x0000, 0x0000, 0x0000, 0x0000, 0x0000, 0x0000, 0x0000, 0x0000, 0x0000, 0x0000, 0x0000, 0x0000,
  0x0000, 0x0000, 0x0000, 0x0000, 0x0000, 0x0000, 0x0000, 0x0000, 0x0000, 0x0000, 0x0000, 0x0000, 0x0000, 0x0000, 0x0000, 0x0000,
  0x0000, 0x0000, 0x0000, 0x0000, 0x0000, 0x0000, 0x0000, 0x0000, 0x0000, 0x0000, 0x0000, 0x0000, 0x0000, 0x0000, 0x0000, 0x0000,
  0x0000, 0x0000, 0x0000, 0x0000, 0x0000, 0x0000, 0x0000, 0x0000, 0x0000, 0x0000, 0x0000, 0x0000, 0x0000, 0x0000, 0x0000, 0x0000,
  0x0000, 0x0000, 0x0000, 0x0000, 0x0000, 0x0000, 0x0000, 0x0000, 0x0000, 0x0000, 0x0000, 0x0000, 0x0000, 0x0000, 0x0000, 0x0000,
  0x0000, 0x0000, 0x0000, 0x0000, 0x0000, 0x0000, 0x0000, 0x0000, 0x0000, 0x0000, 0x0000, 0x0000, 0x0000, 0x0000, 0x0000, 0x0000,
  0x0000, 0x0000, 0x0000, 0x0000, 0x0000, 0x0000, 0x0000, 0x0000, 0x0000, 0x0000, 0x0000, 0x0000, 0x0000, 0x0000, 0x0000, 0x0000,
  0x8308, 0xA308, 0xE410, 0x2511, 0x6719, 0x8B3A, 0x6B3A, 0x092A, 0xC821, 0xE410, 0x0000, 0x0000, 0x0000, 0x6118, 0x0331, 0x0000,
  0x0000, 0x4300, 0x4500, 0x3012, 0xDD4D, 0x1202, 0x0D01, 0xF101, 0x2B01, 0x8B09, 0xEC19, 0x6D2A, 0x0F43, 0xAD42, 0x4C32, 0xA921,
  0xAD3A, 0x9053, 0x5685, 0xB895, 0xB7A5, 0x2E5B, 0x0801, 0x6C6B, 0x6CDD, 0xC7AB, 0x6472, 0x246A, 0xC67A, 0xA99B, 0x09AC, 0xC8A3,
  0x288B, 0x4531, 0x0300, 0x2300, 0x4400, 0xCC19, 0xB674, 0x356C, 0x1534, 0xF934, 0xE900, 0xE608, 0xA218, 0x0000, 0xE518, 0xC831,
  0x6729, 0x4521, 0x6721, 0x4621, 0xA408, 0x0000, 0x6210, 0x6811, 0xAC01, 0x7A45, 0x7644, 0x588D, 0xD684, 0xAB19, 0x4400, 0x6300,
  0x6300, 0xE551, 0x09AC, 0xCBC4, 0x8CB4, 0x6993, 0x8672, 0x857A, 0x87A3, 0x4DDD, 0x4CA4, 0x2611, 0x6911, 0xB484, 0x5AB6, 0x1AA6,
  0x5464, 0x8D3A, 0x0B2A, 0x6D32, 0x6D32, 0xF03A, 0xB03A, 0x6E22, 0xB01A, 0x4F0A, 0x8D01, 0x720A, 0xF019, 0x520A, 0x1D56, 0x711A,
  0x8500, 0x8508, 0x8408, 0x4200, 0x6118, 0x4110, 0x6118, 0x4118, 0x0000, 0x0519, 0xC831, 0x8B42, 0xEC4A, 0x0D4B, 0x2D4B, 0x6A32,
  0x8721, 0x4619, 0x2519, 0xA308, 0x0000, 0x0000, 0x0000, 0x0000, 0x0000, 0x0000, 0x0000, 0x0000, 0x0000, 0x0000, 0x0000, 0x0000,
  0x0000, 0x0000, 0x0000, 0x0000, 0x0000, 0x0000, 0x0000, 0x0000, 0x0000, 0x0000, 0x0000, 0x0000, 0x0000, 0x0000, 0x0000, 0x0000,
  0x0000, 0x0000, 0x0000, 0x0000, 0x0000, 0x0000, 0x0000, 0x0000, 0x0000, 0x0000, 0x0000, 0x0000, 0x0000, 0x0000, 0x0000, 0x0000,
  0x0000, 0x0000, 0x0000, 0x0000, 0x0000, 0x0000, 0x0000, 0x0000, 0x0000, 0x0000, 0x0000, 0x0000, 0x0000, 0x0000, 0x0000, 0x0000,
  0x0000, 0x0000, 0x0000, 0x0000, 0x0000, 0x0000, 0x0000, 0x0000, 0x0000, 0x0000, 0x0000, 0x0000, 0x0000, 0x0000, 0x0000, 0x0000,
  0x0000, 0x0000, 0x0000, 0x0000, 0x0000, 0x0000, 0x0000, 0x0000, 0x0000, 0x0000, 0x0000, 0x0000, 0x0000, 0x0000, 0x0000, 0x0000,
  0x0000, 0x0000, 0x0000, 0x0000, 0x0000, 0x0000, 0x0000, 0x0000, 0x0000, 0x0000, 0x0000, 0x0000, 0x0000, 0x0000, 0x0000, 0x0000,
  0x0000, 0x0000, 0x0000, 0x0000, 0x0000, 0x0000, 0x0000, 0x0000, 0x0000, 0x0000, 0x0000, 0x0000, 0x0000, 0x0000, 0x0000, 0x0000,
  0x0000, 0x0000, 0x0000, 0x0000, 0x0000, 0x0000, 0x0000, 0x0000, 0x0000, 0x0000, 0x0000, 0x0000, 0x0000, 0x0000, 0x0000, 0x0000,
  0x0000, 0x0000, 0x0000, 0x0000, 0x0000, 0x0000, 0x0000, 0x0000, 0x0000, 0x0000, 0x0000, 0x0000, 0x0000, 0x0000, 0x0000, 0x0000,
  0x0000, 0x0000, 0x0000, 0x0000, 0x0000, 0x0000, 0x0000, 0x0000, 0x0000, 0x0000, 0x0000, 0x0000, 0x0000, 0x0000, 0x0511, 0xA721,
  0xCC42, 0x6A3A, 0x6A3A, 0x0932, 0x8721, 0x0411, 0x0000, 0x0000, 0x6118, 0x0000, 0x0000, 0x0000, 0x0000, 0x4300, 0x4400, 0xAC11,
  0xFC5D, 0x992C, 0x1263, 0x3564, 0xEF01, 0x2A01, 0x6B09, 0x0C22, 0x0B2A, 0xCA29, 0x4C3A, 0xA929, 0x0611, 0x8821, 0x6C32, 0xB46C,
  0xF99D, 0xF8AD, 0xB06B, 0x0711, 0xA731, 0xAA8B, 0x29AC, 0x49B4, 0x89C4, 0xCAD4, 0x6AC4, 0xE77A, 0x0429, 0x6408, 0x4400, 0x4400,
  0x8600, 0x0909, 0x146C, 0x524B, 0x1935, 0x9012, 0xC700, 0xC418, 0x8218, 0xA408, 0x4621, 0x2942, 0xE839, 0xC731, 0xC831, 0xC831,
  0xE418, 0x4200, 0x8218, 0xC410, 0x0801, 0x741B, 0x193D, 0x3664, 0x1364, 0x0909, 0x8500, 0xA508, 0x6400, 0x6300, 0x0652, 0x8CB4,
  0x0DCD, 0xCBCC, 0x8AC4, 0x69BC, 0x4BAC, 0x694A, 0xA500, 0xEA31, 0xB48C, 0x989D, 0x9895, 0xB574, 0xEB21, 0x8919, 0x8919, 0xE708,
  0x6921, 0xAB21, 0x0E1A, 0xCC11, 0x2F12, 0x0F0A, 0x3002, 0x9774, 0x157C, 0xD93C, 0xDD55, 0xCE11, 0x6400, 0x6400, 0x6308, 0x0000,
  0x0000, 0x0000, 0xE330, 0x4451, 0x8208, 0x8729, 0x8729, 0x093A, 0x8B4A, 0x8B42, 0x8A42, 0x4A3A, 0xE831, 0xC410, 0x6208, 0x0000,
  0x0000, 0x0000, 0x0000, 0x0000, 0x0000, 0x0000, 0x0000, 0x0000, 0x0000, 0x0000, 0x0000, 0x0000, 0x0000, 0x0000, 0x0000, 0x0000,
  0x0000, 0x0000, 0x0000, 0x0000, 0x0000, 0x0000, 0x0000, 0x0000, 0x0000, 0x0000, 0x0000, 0x0000, 0x0000, 0x0000, 0x0000, 0x0000,
  0x0000, 0x0000, 0x0000, 0x0000, 0x0000, 0x0000, 0x0000, 0x0000, 0x0000, 0x0000, 0x0000, 0x0000, 0x0000, 0x0000, 0x0000, 0x0000,
  0x0000, 0x0000, 0x0000, 0x0000, 0x0000, 0x0000, 0x0000, 0x0000, 0x0000, 0x0000, 0x0000, 0x0000, 0x0000, 0x0000, 0x0000, 0x0000,
  0x0000, 0x0000, 0x0000, 0x0000, 0x0000, 0x0000, 0x0000, 0x0000, 0x0000, 0x0000, 0x0000, 0x0000, 0x0000, 0x0000, 0x0000, 0x0000,
  0x0000, 0x0000, 0x0000, 0x0000, 0x0000, 0x0000, 0x0000, 0x0000, 0x0000, 0x0000, 0x0000, 0x0000, 0x0000, 0x0000, 0x0000, 0x0000,
  0x0000, 0x0000, 0x0000, 0x0000, 0x0000, 0x0000, 0x0000, 0x0000, 0x0000, 0x0000, 0x0000, 0x0000, 0x0000, 0x0000, 0x0000, 0x0000,
  0x0000, 0x0000, 0x0000, 0x0000, 0x0000, 0x0000, 0x0000, 0x0000, 0x0000, 0x0000, 0x0000, 0x0000, 0x0000, 0x0000, 0x0000, 0x0000,
  0x0000, 0x0000, 0x0000, 0x0000, 0x0000, 0x0000, 0x0000, 0x0000, 0x0000, 0x0000, 0x0000, 0x0000, 0x0000, 0x0000, 0x0000, 0x0000,
  0x0000, 0x0000, 0x0000, 0x0000, 0x0000, 0x0000, 0x0000, 0x0000, 0x0000, 0x0000, 0x0000, 0x0000, 0x0000, 0x0000, 0x0000, 0x0000,
  0x0000, 0x0000, 0x0000, 0x0000, 0x0000, 0x0000, 0x0000, 0x0000, 0x8308, 0x0519, 0x6721, 0xA721, 0xE829, 0x2932, 0xAB42, 0x6A3A,
  0xA729, 0xE418, 0x0000, 0x0000, 0x6110, 0x6308, 0x0000, 0x0000, 0x0000, 0x4118, 0x4310, 0x6600, 0x3433, 0xDE6E, 0x985C, 0x549C,
  0xF64B, 0x100A, 0x0A01, 0x0909, 0x8919, 0x0B32, 0x6819, 0xA929, 0xE510, 0x0619, 0x6821, 0xA921, 0x5364, 0x9795, 0xB7A5, 0x3184,
  0x0A3A, 0x0711, 0x6721, 0x0742, 0x274A, 0xC541, 0x6631, 0xE610, 0x6500, 0x8500, 0xE708, 0xE800, 0x0909, 0xA700, 0x6F32, 0xD533,
  0xB92C, 0x4A01, 0xA400, 0xA320, 0x8310, 0x8729, 0xE839, 0xCB5A, 0x694A, 0xE839, 0xEB5A, 0x2942, 0xA731, 0xC410, 0x0000, 0xA318,
  0xE608, 0x6B01, 0x3A35, 0x163C, 0xAF3A, 0xE800, 0x6B09, 0x6A11, 0x6811, 0xA600, 0xC608, 0x0519, 0x4531, 0xA541, 0xA639, 0x4621,
  0x0711, 0xEA31, 0xF07B, 0x76A5, 0x5795, 0x536C, 0x2F4B, 0xCB21, 0x6919, 0xEA49, 0x2831, 0x0831, 0x8941, 0x4911, 0xCD09, 0x8B09,
  0xEE09, 0x710A, 0x365C, 0x368C, 0xD854, 0xBE76, 0x3433, 0x8600, 0xC428, 0x2341, 0x0000, 0x0000, 0x0000, 0x0000, 0x8300, 0xE510,
  0xA310, 0xE839, 0x2942, 0xA731, 0xC731, 0x6A42, 0x4A3A, 0xC829, 0x0932, 0xC829, 0xC410, 0x0000, 0x0000, 0x0000, 0x0000, 0x0000,
  0x0000, 0x0000, 0x0000, 0x0000, 0x0000, 0x0000, 0x0000, 0x0000, 0x0000, 0x0000, 0x0000, 0x0000, 0x0000, 0x0000, 0x0000, 0x0000,
  0x0000, 0x0000, 0x0000, 0x0000, 0x0000, 0x0000, 0x0000, 0x0000, 0x0000, 0x0000, 0x0000, 0x0000, 0x0000, 0x0000, 0x0000, 0x0000,
  0x0000, 0x0000, 0x0000, 0x0000, 0x0000, 0x0000, 0x0000, 0x0000, 0x0000, 0x0000, 0x0000, 0x0000, 0x0000, 0x0000, 0x0000, 0x0000,
  0x0000, 0x0000, 0x0000, 0x0000, 0x0000, 0x0000, 0x0000, 0x0000, 0x0000, 0x0000, 0x0000, 0x0000, 0x0000, 0x0000, 0x0000, 0x0000,
  0x0000, 0x0000, 0x0000, 0x0000, 0x0000, 0x0000, 0x0000, 0x0000, 0x0000, 0x0000, 0x0000, 0x0000, 0x0000, 0x0000, 0x0000, 0x0000,
  0x0000, 0x0000, 0x0000, 0x0000, 0x0000, 0x0000, 0x0000, 0x0000, 0x0000, 0x0000, 0x0000, 0x0000, 0x0000, 0x0000, 0x0000, 0x0000,
  0x0000, 0x0000, 0x0000, 0x0000, 0x0000, 0x0000, 0x0000, 0x0000, 0x0000, 0x0000, 0x0000, 0x0000, 0x0000, 0x0000, 0x0000, 0x0000,
  0x0000, 0x0000, 0x0000, 0x0000, 0x0000, 0x0000, 0x0000, 0x0000, 0x0000, 0x0000, 0x0000, 0x0000, 0x0000, 0x0000, 0x0000, 0x0000,
  0x0000, 0x0000, 0x0000, 0x0000, 0x0000, 0x0000, 0x0000, 0x0000, 0x0000, 0x0000, 0x0000, 0x0000, 0x0000, 0x0000, 0x0000, 0x0000,
  0x0000, 0x0000, 0x0000, 0x0000, 0x0000, 0x0000, 0x0000, 0x0000, 0x0000, 0x0000, 0x0000, 0x0000, 0x0000, 0x0000, 0x0000, 0x0000,
  0x0000, 0x0000, 0x6208, 0x0000, 0x0000, 0xE410, 0x6621, 0x4519, 0xA721, 0x2932, 0x0932, 0xA729, 0x8729, 0xE410, 0x0000, 0x0000,
  0x4200, 0x6400, 0x0000, 0x0000, 0x0000, 0x447A, 0x08B4, 0x2310, 0xC908, 0x1744, 0xFE6E, 0xF64B, 0xF5AC, 0xD54B, 0x6D01, 0x0801,
  0xE708, 0x0711, 0x2719, 0x4719, 0xA508, 0xE610, 0xE710, 0x0711, 0x6819, 0x8C3A, 0x126C, 0xF48C, 0x54AD, 0x508C, 0x0C63, 0x4B42,
  0x0611, 0xE610, 0xE610, 0x4819, 0x2A3A, 0x4A42, 0x8C4A, 0x0809, 0xAC11, 0xC900, 0x8D09, 0x5A35, 0x1413, 0xA700, 0x8310, 0x8220,
  0xE410, 0xE839, 0x6A4A, 0xCB5A, 0x6A52, 0xC739, 0xAB52, 0x8A52, 0xC731, 0x6629, 0x8308, 0x8218, 0x6308, 0x4909, 0xB61B, 0x5A45,
  0x6D01, 0x4C09, 0x0F0A, 0xCB11, 0x4E63, 0x2E6B, 0x6B4A, 0xE939, 0xEA31, 0x6721, 0x0A42, 0x0D63, 0xCF83, 0x14A5, 0xB7B5, 0xB48C,
  0x2F53, 0x2711, 0xC508, 0x6819, 0x2811, 0x0819, 0x0811, 0x2911, 0x0809, 0x2909, 0x2E1A, 0xCC11, 0x2F02, 0x1654, 0xD7A4, 0x7844,
  0xFE86, 0x374C, 0x0A11, 0x4318, 0x8BC4, 0xE5A2, 0x0000, 0x0000, 0x0000, 0x0000, 0x6200, 0xAA09, 0xA310, 0x4521, 0x2942, 0xAB4A,
  0x4A42, 0x4A42, 0x493A, 0xC729, 0x8721, 0x0411, 0x8308, 0xA308, 0xA210, 0x0000, 0x0000, 0x0000, 0x0000, 0x0000, 0x0000, 0x0000,
  0x0000, 0x0000, 0x0000, 0x0000, 0x0000, 0x0000, 0x0000, 0x0000, 0x0000, 0x0000, 0x0000, 0x0000, 0x0000, 0x0000, 0x0000, 0x0000,
  0x0000, 0x0000, 0x0000, 0x0000, 0x0000, 0x0000, 0x0000, 0x0000, 0x0000, 0x0000, 0x0000, 0x0000, 0x0000, 0x0000, 0x0000, 0x0000,
  0x0000, 0x0000, 0x0000, 0x0000, 0x0000, 0x0000, 0x0000, 0x0000, 0x0000, 0x0000, 0x0000, 0x0000, 0x0000, 0x0000, 0x0000, 0x0000,
  0x0000, 0x0000, 0x0000, 0x0000, 0x0000, 0x0000, 0x0000, 0x0000, 0x0000, 0x0000, 0x0000, 0x0000, 0x0000, 0x0000, 0x0000, 0x0000,
  0x0000, 0x0000, 0x0000, 0x0000, 0x0000, 0x0000, 0x0000, 0x0000, 0x0000, 0x0000, 0x0000, 0x0000, 0x0000, 0x0000, 0x0000, 0x0000,
  0x0000, 0x0000, 0x0000, 0x0000, 0x0000, 0x0000, 0x0000, 0x0000, 0x0000, 0x0000, 0x0000, 0x0000, 0x0000, 0x0000, 0x0000, 0x0000,
  0x0000, 0x0000, 0x0000, 0x0000, 0x0000, 0x0000, 0x0000, 0x0000, 0x0000, 0x0000, 0x0000, 0x0000, 0x0000, 0x0000, 0x0000, 0x0000,
  0x0000, 0x0000, 0x0000, 0x0000, 0x0000, 0x0000, 0x0000, 0x0000, 0x0000, 0x0000, 0x0000, 0x0000, 0x0000, 0x0000, 0x0000, 0x0000,
  0x0000, 0x0000, 0x0000, 0x0000, 0x0000, 0x0000, 0x0000, 0x0000, 0x0000, 0x0000, 0x0000, 0x0000, 0x0000, 0x0000, 0x0000, 0x0000,
  0x0000, 0x0000, 0x0000, 0x0000, 0x0000, 0x0000, 0x0000, 0x0000, 0x0000, 0x0000, 0x0000, 0x0000, 0x0000, 0x0000, 0x0000, 0x0000,
  0x6208, 0x2519, 0xA729, 0xA729, 0x0932, 0x0932, 0x4942, 0x293A, 0xC831, 0xC410, 0x0000, 0x0000, 0x2619, 0x6400, 0x0000, 0x0000,
  0x0000, 0x6028, 0x69C4, 0xC9AB, 0x2408, 0x2A09, 0x994C, 0xFE7E, 0xB64B, 0x749C, 0x935B, 0x6C01, 0x0801, 0x0809, 0xAA21, 0x0711,
  0x8500, 0x2719, 0x4819, 0xE610, 0x4721, 0x8408, 0x0611, 0x0A32, 0xAF6B, 0x149D, 0xF6C5, 0x74BD, 0xD2A4, 0xB2A4, 0x308C, 0xD2A4,
  0xD2AC, 0x70A4, 0xCC5A, 0xE708, 0xAB19, 0xA900, 0x551B, 0x5B35, 0x2C01, 0xE708, 0xA320, 0x8210, 0x8729, 0x6A4A, 0xAB52, 0x4D6B,
  0xCB5A, 0xE739, 0x2C63, 0x0C63, 0xAB52, 0xC731, 0xC410, 0x0000, 0xC320, 0xE700, 0x8D01, 0xBC45, 0x551B, 0xEB00, 0x0E12, 0xAA19,
  0xAE83, 0x74CD, 0x54BD, 0xB2AC, 0xD2AC, 0x13B5, 0x74BD, 0xB6BD, 0x35A5, 0xB06B, 0x6B42, 0x4719, 0x6821, 0xC510, 0xC608, 0x901A,
  0xEC19, 0xE951, 0x0B42, 0x0C22, 0xAB11, 0x6B11, 0xED11, 0xEE09, 0xF473, 0x568C, 0x3744, 0x1E97, 0x985C, 0x6B19, 0x4418, 0x2BBC,
  0x09BC, 0x0020, 0x0000, 0x0000, 0x0000, 0x0000, 0x0000, 0xEB11, 0x4619, 0x2521, 0x4521, 0xE839, 0x293A, 0x6621, 0xA729, 0x0832,
  0x083A, 0x8629, 0x8208, 0x0000, 0x0000, 0x0000, 0x0000, 0x0000, 0x0000, 0x0000, 0x0000, 0x0000, 0x0000, 0x0000, 0x0000, 0x0000,
  0x0000, 0x0000, 0x0000, 0x0000, 0x0000, 0x0000, 0x0000, 0x0000, 0x0000, 0x0000, 0x0000, 0x0000, 0x0000, 0x0000, 0x0000, 0x0000,
  0x0000, 0x0000, 0x0000, 0x0000, 0x0000, 0x0000, 0x0000, 0x0000, 0x0000, 0x0000, 0x0000, 0x0000, 0x0000, 0x0000, 0x0000, 0x0000,
  0x0000, 0x0000, 0x0000, 0x0000, 0x0000, 0x0000, 0x0000, 0x0000, 0x0000, 0x0000, 0x0000, 0x0000, 0x0000, 0x0000, 0x0000, 0x0000,
  0x0000, 0x0000, 0x0000, 0x0000, 0x0000, 0x0000, 0x0000, 0x0000, 0x0000, 0x0000, 0x0000, 0x0000, 0x0000, 0x0000, 0x0000, 0x0000,
  0x0000, 0x0000, 0x0000, 0x0000, 0x0000, 0x0000, 0x0000, 0x0000, 0x0000, 0x0000, 0x0000, 0x0000, 0x0000, 0x0000, 0x0000, 0x0000,
  0x0000, 0x0000, 0x0000, 0x0000, 0x0000, 0x0000, 0x0000, 0x0000, 0x0000, 0x0000, 0x0000, 0x0000, 0x0000, 0x0000, 0x0000, 0x0000,
  0x0000, 0x0000, 0x0000, 0x0000, 0x0000, 0x0000, 0x0000, 0x0000, 0x0000, 0x0000, 0x0000, 0x0000, 0x0000, 0x0000, 0x0000, 0x0000,
  0x0000, 0x0000, 0x0000, 0x0000, 0x0000, 0x0000, 0x0000, 0x0000, 0x0000, 0x0000, 0x0000, 0x0000, 0x0000, 0x0000, 0x0000, 0x0000,
  0x0000, 0x0000, 0x0000, 0x0000, 0x0000, 0x0000, 0x0000, 0x0000, 0x0000, 0x0000, 0x0000, 0x0000, 0x0000, 0x0000, 0x0000, 0x0000,
  0x0000, 0x0000, 0x0000, 0x0000, 0x0000, 0x0000, 0x0000, 0x0000, 0x0000, 0x0000, 0x0000, 0x8208, 0xE410, 0xA729, 0x6621, 0x4942,
  0x8A4A, 0x6A4A, 0x083A, 0x6629, 0x2521, 0xC310, 0x0000, 0x0421, 0xA921, 0x4200, 0x0000, 0x0000, 0x0000, 0x0000, 0x8430, 0x71D5,
  0x2993, 0x2408, 0x4C11, 0xFA5C, 0xBE6E, 0xF45B, 0x34CD, 0x535B, 0x6C09, 0x2A09, 0xAC11, 0x8B11, 0x8A11, 0x8A19, 0x6819, 0x0B32,
  0xA929, 0x6821, 0x0A32, 0x2719, 0x6821, 0xA821, 0xED52, 0xF07B, 0xD6BD, 0x37CE, 0x57D6, 0x16D6, 0xB3D5, 0xB0B4, 0x8C4A, 0x0809,
  0xC800, 0x0C01, 0x7B35, 0x541B, 0xA800, 0xA510, 0xA320, 0xE418, 0x2942, 0x6A52, 0xCB5A, 0x6D6B, 0xEB62, 0xEB5A, 0x6D6B, 0x2C63,
  0x2C63, 0xE839, 0xE839, 0xA310, 0x8218, 0xA410, 0x2A01, 0xF723, 0xBC4D, 0xEB00, 0x0A09, 0x8A19, 0xCC62, 0xD1BC, 0xF5D5, 0x37D6,
  0x58DE, 0x37D6, 0x34A5, 0x0D53, 0xA929, 0x0611, 0x2719, 0xEA29, 0xEA29, 0x0711, 0x8A21, 0xF53B, 0x8E22, 0x6A72, 0xAC6A, 0x6B11,
  0xAC11, 0xCD09, 0xCE01, 0x936B, 0x75D5, 0x765C, 0xBD7E, 0x9864, 0xAD21, 0x4410, 0x89A3, 0x91DD, 0x6749, 0x0000, 0x0000, 0x0000,
  0x0000, 0x0000, 0x0000, 0x0B1A, 0x8819, 0x6629, 0x8629, 0x8629, 0xC731, 0x8A4A, 0x8A4A, 0x293A, 0x4942, 0x2942, 0xA731, 0x4519,
  0xE410, 0x0000, 0x0000, 0x0000, 0x0000, 0x0000, 0x0000, 0x0000, 0x0000, 0x0000, 0x0000, 0x0000, 0x0000, 0x0000, 0x0000, 0x0000,
  0x0000, 0x0000, 0x0000, 0x0000, 0x0000, 0x0000, 0x0000, 0x0000, 0x0000, 0x0000, 0x0000, 0x0000, 0x0000, 0x0000, 0x0000, 0x0000,
  0x0000, 0x0000, 0x0000, 0x0000, 0x0000, 0x0000, 0x0000, 0x0000, 0x0000, 0x0000, 0x0000, 0x0000, 0x0000, 0x0000, 0x0000, 0x0000,
  0x0000, 0x0000, 0x0000, 0x0000, 0x0000, 0x0000, 0x0000, 0x0000, 0x0000, 0x0000, 0x0000, 0x0000, 0x0000, 0x0000, 0x0000, 0x0000,
  0x0000, 0x0000, 0x0000, 0x0000, 0x0000, 0x0000, 0x0000, 0x0000, 0x0000, 0x0000, 0x0000, 0x0000, 0x0000, 0x0000, 0x0000, 0x0000,
  0x0000, 0x0000, 0x0000, 0x0000, 0x0000, 0x0000, 0x0000, 0x0000, 0x0000, 0x0000, 0x0000, 0x0000, 0x0000, 0x0000, 0x0000, 0x0000,
  0x0000, 0x0000, 0x0000, 0x0000, 0x0000, 0x0000, 0x0000, 0x0000, 0x0000, 0x0000, 0x0000, 0x0000, 0x0000, 0x0000, 0x0000, 0x0000,
  0x0000, 0x0000, 0x0000, 0x0000, 0x0000, 0x0000, 0x0000, 0x0000, 0x0000, 0x0000, 0x0000, 0x0000, 0x0000, 0x0000, 0x0000, 0x0000,
  0x0000, 0x0000, 0x0000, 0x0000, 0x0000, 0x0000, 0x0000, 0x0000, 0x0000, 0x0000, 0x0000, 0x0000, 0x0000, 0x0000, 0x0000, 0x0000,
  0x0000, 0x0000, 0x0000, 0x0000, 0x0000, 0x0000, 0x0000, 0x0000, 0x0000, 0x0000, 0x0000, 0x0000, 0x0000, 0x0000, 0x0000, 0x0000,
  0x0000, 0x0000, 0x0000, 0x0000, 0x0000, 0x0000, 0x0000, 0x8308, 0x8629, 0x083A, 0x8A52, 0xEB5A, 0xAA52, 0xC731, 0x4521, 0x0419,
  0xC310, 0xE418, 0x8310, 0x8631, 0xAA19, 0x0000, 0x0000, 0x0000, 0x0000, 0xA308, 0x8921, 0x4D52, 0x91D5, 0xC88A, 0x4508, 0x6C19,
  0xD954, 0x7D66, 0xD463, 0xF4CC, 0xF24A, 0x6F01, 0x4D01, 0x300A, 0x7112, 0xAC11, 0x8A19, 0x6819, 0x2819, 0x6819, 0x2B32, 0xCA21,
  0xAD42, 0xEA29, 0x4719, 0x8821, 0xE931, 0x718C, 0xF7C5, 0xF5CD, 0x53C5, 0x8E83, 0xCA29, 0x8700, 0x8800, 0xAF01, 0x3D56, 0x0F0A,
  0x6600, 0xA418, 0xC410, 0xA731, 0x694A, 0xCB5A, 0x8D73, 0x7094, 0x0B6B, 0xAA5A, 0x0F84, 0xEF83, 0x6E73, 0x494A, 0x0842, 0x6629,
  0x0000, 0xA418, 0xA700, 0xD212, 0x3C6E, 0x4E01, 0xA900, 0x0901, 0x0A32, 0xCE93, 0x53CD, 0x37D6, 0x75B5, 0x4E63, 0x8821, 0x4719,
  0x2619, 0x6821, 0x4719, 0xA829, 0xA929, 0x4C3A, 0x8A21, 0x2F1A, 0xAC11, 0x4A09, 0xCE01, 0x710A, 0x5202, 0x7302, 0x5443, 0x56CD,
  0x9664, 0x7D76, 0x985C, 0xAD21, 0x4410, 0x69A3, 0x90DD, 0xAF52, 0x4D32, 0x2619, 0x0000, 0x0000, 0x0000, 0x6208, 0x8120, 0x4C2A,
  0x8819, 0xC318, 0xE418, 0x6629, 0x2942, 0xCB52, 0x6E6B, 0x2D63, 0xAB52, 0x6942, 0x4942, 0x083A, 0xC310, 0x8308, 0x0000, 0x0000,
  0x0000, 0x0000, 0x0000, 0x0000, 0x0000, 0x0000, 0x0000, 0x0000, 0x0000, 0x0000, 0x0000, 0x0000, 0x0000, 0x0000, 0x0000, 0x0000,
  0x0000, 0x0000, 0x0000, 0x0000, 0x0000, 0x0000, 0x0000, 0x0000, 0x0000, 0x0000, 0x0000, 0x0000, 0x0000, 0x0000, 0x0000, 0x0000,
  0x0000, 0x0000, 0x0000, 0x0000, 0x0000, 0x0000, 0x0000, 0x0000, 0x0000, 0x0000, 0x0000, 0x0000, 0x0000, 0x0000, 0x0000, 0x0000,
  0x0000, 0x0000, 0x0000, 0x0000, 0x0000, 0x0000, 0x0000, 0x0000, 0x0000, 0x0000, 0x0000, 0x0000, 0x0000, 0x0000, 0x0000, 0x0000,
  0x0000, 0x0000, 0x0000, 0x0000, 0x0000, 0x0000, 0x0000, 0x0000, 0x0000, 0x0000, 0x0000, 0x0000, 0x0000, 0x0000, 0x0000, 0x0000,
  0x0000, 0x0000, 0x0000, 0x0000, 0x0000, 0x0000, 0x0000, 0x0000, 0x0000, 0x0000, 0x0000, 0x0000, 0x0000, 0x0000, 0x0000, 0x0000,
  0x0000, 0x0000, 0x0000, 0x0000, 0x0000, 0x0000, 0x0000, 0x0000, 0x0000, 0x0000, 0x0000, 0x0000, 0x0000, 0x0000, 0x0000, 0x0000,
  0x0000, 0x0000, 0x0000, 0x0000, 0x0000, 0x0000, 0x0000, 0x0000, 0x0000, 0x0000, 0x0000, 0x0000, 0x0000, 0x0000, 0x0000, 0x0000,
  0x0000, 0x0000, 0x0000, 0x0000, 0x0000, 0x0000, 0x0000, 0x0000, 0x0000, 0x0000, 0x0000, 0x0000, 0x0000, 0x0000, 0x0000, 0x0000,
  0x0000, 0x0000, 0x0000, 0x0000, 0x0000, 0x0000, 0x0000, 0x0000, 0x0000, 0x0000, 0x0000, 0x0000, 0x0000, 0x0000, 0x0000, 0x0000,
  0x0000, 0x0000, 0xE418, 0x6629, 0x083A, 0x083A, 0x8A4A, 0xAA52, 0x2842, 0xA631, 0x8629, 0xC310, 0x0000, 0x8308, 0x0000, 0x083A,
  0xAA11, 0x0000, 0x0000, 0x0000, 0x0000, 0x8408, 0xA921, 0x8841, 0x2B62, 0x2EDD, 0x677A, 0x2408, 0x6B19, 0xB95C, 0x7D66, 0x756C,
  0xB4AC, 0xD37B, 0x3353, 0x0F1A, 0xF011, 0x931A, 0x9212, 0x720A, 0x9112, 0x911A, 0xF12A, 0x8B09, 0x6919, 0x8919, 0x8919, 0x8919,
  0x2711, 0x0A32, 0x0D5B, 0x518C, 0x108C, 0x8B52, 0x6919, 0x2A09, 0xEB00, 0x341B, 0xDE76, 0x5012, 0x4600, 0x4300, 0x2621, 0x0842,
  0x494A, 0xAD7B, 0xCE83, 0x0F8C, 0x6C7B, 0xAD83, 0x2F94, 0x7094, 0xEF83, 0x8E73, 0x6A4A, 0x2842, 0x8308, 0x6308, 0xA600, 0x531B,
  0xBD76, 0xD412, 0x0C01, 0x2A01, 0xAA21, 0x0D63, 0x92A4, 0x5094, 0xAB52, 0x8821, 0xE510, 0xA929, 0x0A32, 0x4721, 0x0A32, 0x8919,
  0x8F2A, 0x542B, 0x7202, 0xB30A, 0xF412, 0x3423, 0x142B, 0xD32A, 0xD46B, 0x558C, 0x16AD, 0xD76C, 0x9C76, 0xB864, 0xAD21, 0x4410,
  0x0893, 0x4EE5, 0xEB59, 0xEC21, 0x2C22, 0x8919, 0x0000, 0x0000, 0x0000, 0x0000, 0xA228, 0xAC42, 0xC919, 0x4529, 0x2521, 0x0421,
  0x4521, 0xA731, 0x694A, 0x494A, 0x8A4A, 0x6A4A, 0xAB52, 0x2C5B, 0x293A, 0x4521, 0xE418, 0xA308, 0x0000, 0x0000, 0x0000, 0x0000,
  0x0000, 0x0000, 0x0000, 0x0000, 0x0000, 0x0000, 0x0000, 0x0000, 0x0000, 0x0000, 0x0000, 0x0000, 0x0000, 0x0000, 0x0000, 0x0000,
  0x0000, 0x0000, 0x0000, 0x0000, 0x0000, 0x0000, 0x0000, 0x0000, 0x0000, 0x0000, 0x0000, 0x0000, 0x0000, 0x0000, 0x0000, 0x0000,
  0x0000, 0x0000, 0x0000, 0x0000, 0x0000, 0x0000, 0x0000, 0x0000, 0x0000, 0x0000, 0x0000, 0x0000, 0x0000, 0x0000, 0x0000, 0x0000,
  0x0000, 0x0000, 0x0000, 0x0000, 0x0000, 0x0000, 0x0000, 0x0000, 0x0000, 0x0000, 0x0000, 0x0000, 0x0000, 0x0000, 0x0000, 0x0000,
  0x0000, 0x0000, 0x0000, 0x0000, 0x0000, 0x0000, 0x0000, 0x0000, 0x0000, 0x0000, 0x0000, 0x0000, 0x0000, 0x0000, 0x0000, 0x0000,
  0x0000, 0x0000, 0x0000, 0x0000, 0x0000, 0x0000, 0x0000, 0x0000, 0x0000, 0x0000, 0x0000, 0x0000, 0x0000, 0x0000, 0x0000, 0x0000,
  0x0000, 0x0000, 0x0000, 0x0000, 0x0000, 0x0000, 0x0000, 0x0000, 0x0000, 0x0000, 0x0000, 0x0000, 0x0000, 0x0000, 0x0000, 0x0000,
  0x0000, 0x0000, 0x0000, 0x0000, 0x0000, 0x0000, 0x0000, 0x0000, 0x0000, 0x0000, 0x0000, 0x0000, 0x0000, 0x0000, 0x0000, 0x0000,
  0x0000, 0x0000, 0x0000, 0x0000, 0x0000, 0x0000, 0x0000, 0x0000, 0x0000, 0x0000, 0x0000, 0x0000, 0x0000, 0x0000, 0x0000, 0x0000,
  0x0000, 0x0000, 0x0000, 0x0000, 0x0000, 0x0000, 0x0000, 0x0000, 0x0000, 0x0000, 0x0000, 0x0000, 0x8208, 0x8310, 0x0419, 0x8629,
  0x6629, 0xE739, 0xAA52, 0x694A, 0xA731, 0xE418, 0x8208, 0x0000, 0xA310, 0xA310, 0x0000, 0x093A, 0x8A09, 0x0000, 0x0000, 0x0000,
  0x0000, 0xA929, 0x2721, 0xC420, 0xC530, 0x8751, 0xB0E5, 0x266A, 0x0400, 0x4B21, 0x995C, 0xBE76, 0x3965, 0x178D, 0xF69C, 0xB14A,
  0x9283, 0x749C, 0x5594, 0x758C, 0x967C, 0xF733, 0xB913, 0x741B, 0x6A11, 0xCB19, 0x4809, 0xAA19, 0xCA21, 0x8921, 0x0A2A, 0xCD4A,
  0x8F6B, 0xED52, 0x8B11, 0x4C09, 0xF101, 0x7D76, 0x582C, 0xCA00, 0x8500, 0xC508, 0x0842, 0xAA5A, 0xEB62, 0x0F84, 0xCE83, 0x2F94,
  0x90AC, 0x2E9C, 0x90A4, 0xCD8B, 0x5094, 0xEF83, 0x0C63, 0x494A, 0xA731, 0x6300, 0x6500, 0x6C01, 0x3A45, 0x5C76, 0xF101, 0x6C09,
  0xCB19, 0x4F63, 0x8F6B, 0x6B3A, 0xA829, 0x6721, 0x4719, 0x8821, 0x0B2A, 0xEB29, 0xCC19, 0x341B, 0xB71B, 0x962B, 0xD87C, 0xD794,
  0x7594, 0x749C, 0xD37B, 0x5443, 0xF78C, 0xF774, 0x7A65, 0x9D7E, 0x9864, 0xAC29, 0x2408, 0x6682, 0x90E5, 0xCA61, 0x6520, 0xC518,
  0x0A2A, 0xAD3A, 0x0000, 0x0000, 0x0000, 0x0000, 0xC230, 0xCD4A, 0xC921, 0xA739, 0x6529, 0x6629, 0x2521, 0x0421, 0x0419, 0x6529,
  0xE839, 0x2942, 0x8A4A, 0xAA52, 0x8A4A, 0xA729, 0x4521, 0x2519, 0x0000, 0x0000, 0x0000, 0x0000, 0x0000, 0x0000, 0x0000, 0x0000,
  0x0000, 0x0000, 0x0000, 0x0000, 0x0000, 0x0000, 0x0000, 0x0000, 0x0000, 0x0000, 0x0000, 0x0000, 0x0000, 0x0000, 0x0000, 0x0000,
  0x0000, 0x0000, 0x0000, 0x0000, 0x0000, 0x0000, 0x0000, 0x0000, 0x0000, 0x0000, 0x0000, 0x0000, 0x0000, 0x0000, 0x0000, 0x0000,
  0x0000, 0x0000, 0x0000, 0x0000, 0x0000, 0x0000, 0x0000, 0x0000, 0x0000, 0x0000, 0x0000, 0x0000, 0x0000, 0x0000, 0x0000, 0x0000,
  0x0000, 0x0000, 0x0000, 0x0000, 0x0000, 0x0000, 0x0000, 0x0000, 0x0000, 0x0000, 0x0000, 0x0000, 0x0000, 0x0000, 0x0000, 0x0000,
  0x0000, 0x0000, 0x0000, 0x0000, 0x0000, 0x0000, 0x0000, 0x0000, 0x0000, 0x0000, 0x0000, 0x0000, 0x0000, 0x0000, 0x0000, 0x0000,
  0x0000, 0x0000, 0x0000, 0x0000, 0x0000, 0x0000, 0x0000, 0x0000, 0x0000, 0x0000, 0x0000, 0x0000, 0x0000, 0x0000, 0x0000, 0x0000,
  0x0000, 0x0000, 0x0000, 0x0000, 0x0000, 0x0000, 0x0000, 0x0000, 0x0000, 0x0000, 0x0000, 0x0000, 0x0000, 0x0000, 0x0000, 0x0000,
  0x0000, 0x0000, 0x0000, 0x0000, 0x0000, 0x0000, 0x0000, 0x0000, 0x0000, 0x0000, 0x0000, 0x0000, 0x0000, 0x0000, 0x0000, 0x0000,
  0x0000, 0x0000, 0x0000, 0x0000, 0x0000, 0x0000, 0x0000, 0x0000, 0x0000, 0x0000, 0x0000, 0x0000, 0x0000, 0x0000, 0x0000, 0x0000,
  0x0000, 0x0000, 0x0000, 0x0000, 0x0000, 0x0000, 0x0000, 0x0000, 0x0000, 0x0000, 0xA310, 0xA731, 0x494A, 0x694A, 0x494A, 0x8631,
  0x2421, 0x2521, 0x6629, 0x6529, 0x2521, 0xE418, 0x0000, 0x2942, 0x8909, 0x0000, 0x0000, 0x0000, 0x0000, 0x8310, 0x0629, 0x0621,
  0xC418, 0x6418, 0x0A62, 0xB0E5, 0xE569, 0x4410, 0x4B21, 0x3443, 0x7B6D, 0x1D6E, 0x3C6E, 0xDB65, 0x5A5D, 0xF864, 0x9664, 0x9674,
  0x1484, 0xB4B4, 0x5443, 0x1724, 0xF122, 0xEC19, 0x4E22, 0x8E32, 0xCA19, 0xAA21, 0x6C32, 0x8D32, 0xF263, 0x8E3A, 0xAD11, 0x6F01,
  0x5A5D, 0x5D6E, 0xD001, 0x8700, 0xE608, 0x8821, 0x8631, 0x484A, 0xEB62, 0x2C6B, 0xAD83, 0x8C83, 0x4FA4, 0xD1B4, 0x6FA4, 0x2F94,
  0xCE83, 0xCE83, 0x8D73, 0x0842, 0x494A, 0x0519, 0xC608, 0x8700, 0x7102, 0x9D76, 0x3955, 0xB001, 0x2F12, 0x0F43, 0x0E53, 0x8C3A,
  0xED42, 0xC921, 0xC608, 0x6819, 0x0B22, 0xEC19, 0xD312, 0x971B, 0xB03A, 0x73AC, 0x1574, 0xF86C, 0x3865, 0x595D, 0xBB5D, 0x3D66,
  0x5D66, 0x5D6E, 0x9B6D, 0x754B, 0xCD29, 0x6510, 0x6682, 0x8FE5, 0x0A5A, 0x8610, 0xA518, 0xA428, 0x8741, 0xA921, 0x0000, 0x0000,
  0x0000, 0x0000, 0x2441, 0xEE42, 0x4619, 0x294A, 0x083A, 0x2421, 0x6629, 0x8631, 0x4529, 0x6629, 0x8631, 0xA631, 0xE739, 0x2942,
  0x6A4A, 0x4942, 0x8629, 0xA208, 0x0000, 0x0000, 0x0000, 0x0000, 0x0000, 0x0000, 0x0000, 0x0000, 0x0000, 0x0000, 0x0000, 0x0000,
  0x0000, 0x0000, 0x0000, 0x0000, 0x0000, 0x0000, 0x0000, 0x0000, 0x0000, 0x0000, 0x0000, 0x0000, 0x0000, 0x0000, 0x0000, 0x0000,
  0x0000, 0x0000, 0x0000, 0x0000, 0x0000, 0x0000, 0x0000, 0x0000, 0x0000, 0x0000, 0x0000, 0x0000, 0x0000, 0x0000, 0x0000, 0x0000,
  0x0000, 0x0000, 0x0000, 0x0000, 0x0000, 0x0000, 0x0000, 0x0000, 0x0000, 0x0000, 0x0000, 0x0000, 0x0000, 0x0000, 0x0000, 0x0000,
  0x0000, 0x0000, 0x0000, 0x0000, 0x0000, 0x0000, 0x0000, 0x0000, 0x0000, 0x0000, 0x0000, 0x0000, 0x0000, 0x0000, 0x0000, 0x0000,
  0x0000, 0x0000, 0x0000, 0x0000, 0x0000, 0x0000, 0x0000, 0x0000, 0x0000, 0x0000, 0x0000, 0x0000, 0x0000, 0x0000, 0x0000, 0x0000,
  0x0000, 0x0000, 0x0000, 0x0000, 0x0000, 0x0000, 0x0000, 0x0000, 0x0000, 0x0000, 0x0000, 0x0000, 0x0000, 0x0000, 0x0000, 0x0000,
  0x0000, 0x0000, 0x0000, 0x0000, 0x0000, 0x0000, 0x0000, 0x0000, 0x0000, 0x0000, 0x0000, 0x0000, 0x0000, 0x0000, 0x0000, 0x0000,
  0x0000, 0x0000, 0x0000, 0x0000, 0x0000, 0x0000, 0x0000, 0x0000, 0x0000, 0x0000, 0x0000, 0x0000, 0x0000, 0x0000, 0x0000, 0x0000,
  0x0000, 0x0000, 0x0000, 0x0000, 0x0000, 0x0000, 0x0000, 0x0000, 0x0000, 0x0000, 0x0000, 0x0000, 0x0000, 0x0000, 0x0000, 0x0000,
  0x0000, 0x0000, 0x0000, 0x0000, 0x0000, 0xC310, 0x8629, 0xE739, 0x8631, 0x0842, 0x8631, 0x4529, 0x4521, 0xA631, 0xE839, 0xC731,
  0x6629, 0xC310, 0x0000, 0xE841, 0xEB11, 0x0000, 0x0000, 0x0000, 0x0000, 0x8308, 0x0000, 0x8318, 0x4200, 0x8410, 0x2308, 0x0A62,
  0xD0E5, 0x066A, 0x2410, 0xA710, 0x2B11, 0xEF19, 0xD22A, 0xB53B, 0x9844, 0x3A4D, 0xBC55, 0x7D6E, 0xDC4D, 0x1433, 0xF293, 0xEF11,
  0x131B, 0x0F12, 0xED11, 0x2D1A, 0xEC19, 0x6D2A, 0x2F43, 0x714B, 0xF032, 0xB12A, 0xF101, 0x7834, 0xFE86, 0xD40A, 0xEB00, 0xE800,
  0x8500, 0xE418, 0x6631, 0x6531, 0xCA62, 0x8D7B, 0x0B73, 0xAD83, 0x0E9C, 0xAFB4, 0xB0AC, 0xEE8B, 0xCE8B, 0x6D7B, 0x0B63, 0x2842,
  0xE741, 0x2521, 0x0611, 0xE808, 0xCA00, 0xB513, 0x1E87, 0xD944, 0x3102, 0xB01A, 0xEF2A, 0xCF2A, 0xCF2A, 0xEE3A, 0x6C3A, 0xCA21,
  0xEC21, 0x9112, 0x551B, 0xCF11, 0xF38B, 0x342B, 0xDC4D, 0x9D76, 0xFC6D, 0x5A65, 0x984C, 0x953B, 0xB22A, 0x0F1A, 0x2B09, 0x0911,
  0x4410, 0x6782, 0xCFED, 0x2B62, 0x4508, 0xE708, 0x6400, 0x2200, 0x0000, 0x4711, 0x6719, 0x0000, 0x0000, 0x0000, 0xA649, 0x4C2A,
  0x0419, 0x2842, 0xAA52, 0x8A4A, 0xC739, 0x2521, 0xE318, 0x0000, 0xE418, 0x2421, 0x6529, 0xC739, 0xA631, 0x8629, 0x6942, 0x6629,
  0x8208, 0x8208, 0x0000, 0x0000, 0x0000, 0x0000, 0x0000, 0x0000, 0x0000, 0x0000, 0x0000, 0x0000, 0x0000, 0x0000, 0x0000, 0x0000,
  0x0000, 0x0000, 0x0000, 0x0000, 0x0000, 0x0000, 0x0000, 0x0000, 0x0000, 0x0000, 0x0000, 0x0000, 0x0000, 0x0000, 0x0000, 0x0000,
  0x0000, 0x0000, 0x0000, 0x0000, 0x0000, 0x0000, 0x0000, 0x0000, 0x0000, 0x0000, 0x0000, 0x0000, 0x0000, 0x0000, 0x0000, 0x0000,
  0x0000, 0x0000, 0x0000, 0x0000, 0x0000, 0x0000, 0x0000, 0x0000, 0x0000, 0x0000, 0x0000, 0x0000, 0x0000, 0x0000, 0x0000, 0x0000,
  0x0000, 0x0000, 0x0000, 0x0000, 0x0000, 0x0000, 0x0000, 0x0000, 0x0000, 0x0000, 0x0000, 0x0000, 0x0000, 0x0000, 0x0000, 0x0000,
  0x0000, 0x0000, 0x0000, 0x0000, 0x0000, 0x0000, 0x0000, 0x0000, 0x0000, 0x0000, 0x0000, 0x0000, 0x0000, 0x0000, 0x0000, 0x0000,
  0x0000, 0x0000, 0x0000, 0x0000, 0x0000, 0x0000, 0x0000, 0x0000, 0x0000, 0x0000, 0x0000, 0x0000, 0x0000, 0x0000, 0x0000, 0x0000,
  0x0000, 0x0000, 0x0000, 0x0000, 0x0000, 0x0000, 0x0000, 0x0000, 0x0000, 0x0000, 0x0000, 0x0000, 0x0000, 0x0000, 0x0000, 0x0000,
  0x0000, 0x0000, 0x0000, 0x0000, 0x0000, 0x0000, 0x0000, 0x0000, 0x0000, 0x0000, 0x0000, 0x0000, 0x0000, 0x0000, 0x0000, 0x0000,
  0x0000, 0x0000, 0x0000, 0x0000, 0x0000, 0x0000, 0x0000, 0x0000, 0x0000, 0x0000, 0x0000, 0x0000, 0x0000, 0x0000, 0x0000, 0x0000,
  0x0419, 0xC731, 0xE739, 0xC739, 0xA731, 0x4529, 0xE418, 0xA310, 0x6529, 0xE739, 0x4529, 0x0421, 0x6629, 0xC310, 0x0000, 0x4439,
  0x8E32, 0x2200, 0x0000, 0x0000, 0x0519, 0x0000, 0x0000, 0x0000, 0x0000, 0x6408, 0xC518, 0x4410, 0x4C62, 0xB1E5, 0xE569, 0x2310,
  0xA510, 0x6600, 0x4500, 0x6600, 0xC900, 0x2C01, 0x8E09, 0xF41A, 0xFC4D, 0xDC4D, 0x320A, 0xF001, 0x5202, 0xB30A, 0xEF09, 0xB01A,
  0xD01A, 0x7233, 0x933B, 0xF11A, 0xD212, 0x7202, 0xB83C, 0x1E8F, 0xB61B, 0x2C01, 0x6A09, 0xA600, 0x2200, 0xC410, 0xA631, 0x8531,
  0x6952, 0xA95A, 0xCD8B, 0x2B73, 0xED93, 0x4FA4, 0xD0B4, 0x90A4, 0xAD83, 0x2B6B, 0xE741, 0x284A, 0x2521, 0xA310, 0x4200, 0x0711,
  0xE808, 0x4C01, 0x982C, 0x5E97, 0x194D, 0xF302, 0xB51B, 0xD423, 0x7323, 0xB01A, 0x3133, 0x312B, 0x2F0A, 0x1413, 0x1202, 0xD101,
  0xD50A, 0x1C5E, 0x1C5E, 0x921A, 0x6E09, 0x2C01, 0xEB00, 0x8700, 0x6500, 0x8600, 0xE710, 0x4408, 0x2672, 0xB1E5, 0x0B62, 0x8610,
  0x4911, 0xE600, 0x6300, 0x0000, 0x0000, 0x8220, 0x8308, 0xA408, 0x0000, 0x0000, 0x6B3A, 0xE508, 0x0000, 0x2521, 0xE839, 0x8A52,
  0x2842, 0xC739, 0xE739, 0xA631, 0x4529, 0x4529, 0x8631, 0x2521, 0x4529, 0x8629, 0xE731, 0xC731, 0xE739, 0x4521, 0x0000, 0x0000,
  0x0000, 0x0000, 0x0000, 0x0000, 0x0000, 0x0000, 0x0000, 0x0000, 0x0000, 0x0000, 0x0000, 0x0000, 0x0000, 0x0000, 0x0000, 0x0000,
  0x0000, 0x0000, 0x0000, 0x0000, 0x0000, 0x0000, 0x0000, 0x0000, 0x0000, 0x0000, 0x0000, 0x0000, 0x0000, 0x0000, 0x0000, 0x0000,
  0x0000, 0x0000, 0x0000, 0x0000, 0x0000, 0x0000, 0x0000, 0x0000, 0x0000, 0x0000, 0x0000, 0x0000, 0x0000, 0x0000, 0x0000, 0x0000,
  0x0000, 0x0000, 0x0000, 0x0000, 0x0000, 0x0000, 0x0000, 0x0000, 0x0000, 0x0000, 0x0000, 0x0000, 0x0000, 0x0000, 0x0000, 0x0000,
  0x0000, 0x0000, 0x0000, 0x0000, 0x0000, 0x0000, 0x0000, 0x0000, 0x0000, 0x0000, 0x0000, 0x0000, 0x0000, 0x0000, 0x0000, 0x0000,
  0x0000, 0x0000, 0x0000, 0x0000, 0x0000, 0x0000, 0x0000, 0x0000, 0x0000, 0x0000, 0x0000, 0x0000, 0x0000, 0x0000, 0x0000, 0x0000,
  0x0000, 0x0000, 0x0000, 0x0000, 0x0000, 0x0000, 0x0000, 0x0000, 0x0000, 0x0000, 0x0000, 0x0000, 0x0000, 0x0000, 0x0000, 0x0000,
  0x0000, 0x0000, 0x0000, 0x0000, 0x0000, 0x0000, 0x0000, 0x0000, 0x0000, 0x0000, 0x0000, 0x0000, 0x0000, 0x0000, 0x0000, 0x0000,
  0x0000, 0x0000, 0x0000, 0x0000, 0x0000, 0x0000, 0x0000, 0x0000, 0x0000, 0x0000, 0x0000, 0x0000, 0x0000, 0x0000, 0x0000, 0x0000,
  0x0000, 0x0000, 0x0000, 0x0000, 0x0000, 0x0000, 0x0000, 0x0000, 0x0000, 0x0000, 0x8210, 0x0419, 0xA731, 0x2942, 0x6529, 0x4529,
  0x2521, 0x8629, 0xA731, 0x8631, 0xA631, 0x0421, 0xE418, 0x2421, 0xE418, 0xC318, 0x0000, 0x0000, 0x2A4A, 0x8921, 0xE510, 0x2619,
  0x0000, 0x0000, 0x0000, 0x0000, 0x8308, 0xC508, 0x2719, 0x4729, 0x4410, 0xEA51, 0x6FE5, 0xC461, 0x4208, 0x6408, 0xC510, 0xE528,
  0x8500, 0x6600, 0x8600, 0xE900, 0xD312, 0x3D56, 0x5C6E, 0x5A55, 0x3A4D, 0x983C, 0x172C, 0xB834, 0x7734, 0x3724, 0x3724, 0x9834,
  0xD83C, 0x3B6E, 0xDD7E, 0x1724, 0x8E01, 0x8B11, 0x4811, 0x2300, 0xA408, 0xA410, 0x0421, 0xA639, 0xE749, 0xA962, 0x4C7B, 0xAD8B,
  0x2E9C, 0x2E9C, 0x4F9C, 0x2F9C, 0x6C7B, 0xA95A, 0xE741, 0x8531, 0x0421, 0xA310, 0x6208, 0x6300, 0xA921, 0x6A11, 0xEF01, 0x9824,
  0xFD86, 0x9C86, 0x394D, 0x9734, 0xD834, 0xD834, 0x982C, 0x772C, 0x9734, 0xB83C, 0x5A4D, 0x9B55, 0x7C76, 0x7D5E, 0xB212, 0xC900,
  0xA700, 0x8600, 0x8508, 0xC518, 0x0611, 0xE610, 0x6408, 0x6451, 0x6DE5, 0xEA59, 0x2408, 0x6919, 0xED11, 0x6909, 0x0609, 0x6308,
  0x0000, 0xC140, 0x0000, 0xE510, 0x6719, 0xA821, 0x0511, 0x0000, 0x0000, 0xE418, 0x4529, 0x0842, 0xA631, 0xC739, 0xC739, 0xE739,
  0x694A, 0x0842, 0xC739, 0xE739, 0xC418, 0x2421, 0x8629, 0x2521, 0x4521, 0xA629, 0xC310, 0x0000, 0x0000, 0x0000, 0x0000, 0x0000,
  0x0000, 0x0000, 0x0000, 0x0000, 0x0000, 0x0000, 0x0000, 0x0000, 0x0000, 0x0000, 0x0000, 0x0000, 0x0000, 0x0000, 0x0000, 0x0000,
  0x0000, 0x0000, 0x0000, 0x0000, 0x0000, 0x0000, 0x0000, 0x0000, 0x0000, 0x0000, 0x0000, 0x0000, 0x0000, 0x0000, 0x0000, 0x0000,
  0x0000, 0x0000, 0x0000, 0x0000, 0x0000, 0x0000, 0x0000, 0x0000, 0x0000, 0x0000, 0x0000, 0x0000, 0x0000, 0x0000, 0x0000, 0x0000,
  0x0000, 0x0000, 0x0000, 0x0000, 0x0000, 0x0000, 0x0000, 0x0000, 0x0000, 0x0000, 0x0000, 0x0000, 0x0000, 0x0000, 0x0000, 0x0000,
  0x0000, 0x0000, 0x0000, 0x0000, 0x0000, 0x0000, 0x0000, 0x0000, 0x0000, 0x0000, 0x0000, 0x0000, 0x0000, 0x0000, 0x0000, 0x0000,
  0x0000, 0x0000, 0x0000, 0x0000, 0x0000, 0x0000, 0x0000, 0x0000, 0x0000, 0x0000, 0x0000, 0x0000, 0x0000, 0x0000, 0x0000, 0x0000,
  0x0000, 0x0000, 0x0000, 0x0000, 0x0000, 0x0000, 0x0000, 0x0000, 0x0000, 0x0000, 0x0000, 0x0000, 0x0000, 0x0000, 0x0000, 0x0000,
  0x0000, 0x0000, 0x0000, 0x0000, 0x0000, 0x0000, 0x0000, 0x0000, 0x0000, 0x0000, 0x0000, 0x0000, 0x0000, 0x0000, 0x0000, 0x0000,
  0x0000, 0x0000, 0x0000, 0x0000, 0x0000, 0x0000, 0x0000, 0x0000, 0x0000, 0x0000, 0x0000, 0x0000, 0x0000, 0x0000, 0x0000, 0x0000,
  0x0000, 0x0000, 0x0000, 0x0000, 0x0000, 0x0000, 0xA310, 0x8208, 0xE418, 0xC310, 0x8208, 0xA310, 0x2521, 0xC739, 0xC739, 0x6529,
  0xC318, 0xA310, 0x0419, 0xE318, 0xA310, 0x0000, 0x0000, 0x0000, 0x0000, 0x2621, 0xE518, 0x0000, 0x0000, 0x0000, 0x0000, 0xA408,
  0xC408, 0xC408, 0xE610, 0x0619, 0x0521, 0x2210, 0x4359, 0x8259, 0x0000, 0x0000, 0xE618, 0xC939, 0xA921, 0x8919, 0x0611, 0xA600,
  0xE800, 0xD312, 0xDA3C, 0x9B5D, 0xFC65, 0x7D6E, 0xBD6E, 0xFD76, 0x5E87, 0x3E87, 0x1E7F, 0x1E87, 0x1E87, 0xDB4D, 0x550B, 0xAF01,
  0x6C09, 0x4D2A, 0x4811, 0xC508, 0x0511, 0x6208, 0xC310, 0x8531, 0x4852, 0xEB6A, 0x2B7B, 0xED93, 0xD0B4, 0x4F9C, 0x0E94, 0x8D83,
  0x8D7B, 0x2B6B, 0x484A, 0xA639, 0x4529, 0x8208, 0x0519, 0x4300, 0xC929, 0x4B32, 0x0901, 0xAD01, 0x161C, 0x1C56, 0xFD7E, 0x1E87,
  0x1E87, 0x5E97, 0x7E97, 0x3E87, 0xDD76, 0xBD6E, 0xDB5D, 0x7B55, 0xFA3C, 0x920A, 0xE900, 0x8600, 0x8919, 0x8D32, 0xAD3A, 0x8D3A,
  0xA921, 0x4300, 0x2200, 0xC228, 0xC148, 0x0000, 0x8921, 0xAB11, 0xE700, 0xA500, 0x8300, 0x6208, 0x0000, 0xE238, 0x0241, 0x0000,
  0x6208, 0x0000, 0x0000, 0x0000, 0x0000, 0xC310, 0xE418, 0xA731, 0x8631, 0x4529, 0xA631, 0x4529, 0x8631, 0x2842, 0x2842, 0xE839,
  0x8629, 0xA310, 0x8208, 0x0000, 0xA310, 0xC310, 0x0419, 0xC310, 0x0000, 0x0000, 0x0000, 0x0000, 0x0000, 0x0000, 0x0000, 0x0000,
  0x0000, 0x0000, 0x0000, 0x0000, 0x0000, 0x0000, 0x0000, 0x0000, 0x0000, 0x0000, 0x0000, 0x0000, 0x0000, 0x0000, 0x0000, 0x0000,
  0x0000, 0x0000, 0x0000, 0x0000, 0x0000, 0x0000, 0x0000, 0x0000, 0x0000, 0x0000, 0x0000, 0x0000, 0x0000, 0x0000, 0x0000, 0x0000,
  0x0000, 0x0000, 0x0000, 0x0000, 0x0000, 0x0000, 0x0000, 0x0000, 0x0000, 0x0000, 0x0000, 0x0000, 0x0000, 0x0000, 0x0000, 0x0000,
  0x0000, 0x0000, 0x0000, 0x0000, 0x0000, 0x0000, 0x0000, 0x0000, 0x0000, 0x0000, 0x0000, 0x0000, 0x0000, 0x0000, 0x0000, 0x0000,
  0x0000, 0x0000, 0x0000, 0x0000, 0x0000, 0x0000, 0x0000, 0x0000, 0x0000, 0x0000, 0x0000, 0x0000, 0x0000, 0x0000, 0x0000, 0x0000,
  0x0000, 0x0000, 0x0000, 0x0000, 0x0000, 0x0000, 0x0000, 0x0000, 0x0000, 0x0000, 0x0000, 0x0000, 0x0000, 0x0000, 0x0000, 0x0000,
  0x0000, 0x0000, 0x0000, 0x0000, 0x0000, 0x0000, 0x0000, 0x0000, 0x0000, 0x0000, 0x0000, 0x0000, 0x0000, 0x0000, 0x0000, 0x0000,
  0x0000, 0x0000, 0x0000, 0x0000, 0x0000, 0x0000, 0x0000, 0x0000, 0x0000, 0x0000, 0x0000, 0x0000, 0x0000, 0x0000, 0x0000, 0x0000,
  0x0000, 0x0000, 0x0000, 0x0000, 0x0000, 0x0000, 0x0000, 0x0000, 0x0000, 0x0000, 0x0000, 0x0000, 0x0000, 0x0000, 0x0000, 0x0000,
  0x0000, 0x8208, 0x0519, 0xE418, 0x0000, 0x0000, 0x0000, 0x0419, 0xA631, 0x8631, 0x8631, 0x6529, 0x2421, 0xE318, 0xC318, 0xA310,
  0x0000, 0x0000, 0x0000, 0x0000, 0x0000, 0x0000, 0x0000, 0x0000, 0x0000, 0x0000, 0xA308, 0xE408, 0xE508, 0x0609, 0x4711, 0x0611,
  0x0619, 0x0529, 0x8320, 0x4210, 0x0000, 0x0000, 0x0000, 0x4200, 0x8408, 0xE508, 0xC508, 0x2200, 0x2300, 0x4B01, 0x310A, 0xAF01,
  0xEF01, 0xF30A, 0x1714, 0x3714, 0x781C, 0xF91C, 0x981C, 0xF613, 0x950B, 0xD302, 0xCF09, 0x4A01, 0x8E32, 0xAC42, 0x6811, 0x0609,
  0x0000, 0xC410, 0xC318, 0x2429, 0xCA62, 0x0B6B, 0x4C7B, 0xCD93, 0x6FA4, 0x0E94, 0xB0AC, 0x4FA4, 0xAD83, 0x0B6B, 0xC641, 0xA639,
  0xE318, 0x8208, 0x8308, 0x4719, 0xC829, 0x4E5B, 0xCA19, 0x4B01, 0x8D09, 0x120B, 0xB40B, 0xF513, 0x771C, 0x161C, 0xF51B, 0x3614,
  0xB50B, 0xF30A, 0x5002, 0xAE01, 0xCE01, 0xC800, 0x8500, 0x6500, 0xE608, 0xE610, 0x8408, 0x4200, 0x0000, 0x6308, 0x8308, 0x6310,
  0x0521, 0x8829, 0x2719, 0x0709, 0x0709, 0x4811, 0x0609, 0xC408, 0x0000, 0x0000, 0xA649, 0xA641, 0x0000, 0x0000, 0x0000, 0x0000,
  0x6208, 0x0000, 0x0000, 0xA310, 0xE418, 0xE418, 0xE318, 0xA631, 0xC739, 0xA631, 0x2842, 0x4942, 0x4942, 0xC731, 0xC310, 0x0000,
  0x0000, 0x0000, 0x0000, 0xA310, 0x0000, 0x0000, 0x0000, 0x0000, 0x0000, 0x0000, 0x0000, 0x0000, 0x0000, 0x0000, 0x0000, 0x0000,
  0x0000, 0x0000, 0x0000, 0x0000, 0x0000, 0x0000, 0x0000, 0x0000, 0x0000, 0x0000, 0x0000, 0x0000, 0x0000, 0x0000, 0x0000, 0x0000,
  0x0000, 0x0000, 0x0000, 0x0000, 0x0000, 0x0000, 0x0000, 0x0000, 0x0000, 0x0000, 0x0000, 0x0000, 0x0000, 0x0000, 0x0000, 0x0000,
  0x0000, 0x0000, 0x0000, 0x0000, 0x0000, 0x0000, 0x0000, 0x0000, 0x0000, 0x0000, 0x0000, 0x0000, 0x0000, 0x0000, 0x0000, 0x0000,
  0x0000, 0x0000, 0x0000, 0x0000, 0x0000, 0x0000, 0x0000, 0x0000, 0x0000, 0x0000, 0x0000, 0x0000, 0x0000, 0x0000, 0x0000, 0x0000,
  0x0000, 0x0000, 0x0000, 0x0000, 0x0000, 0x0000, 0x0000, 0x0000, 0x0000, 0x0000, 0x0000, 0x0000, 0x0000, 0x0000, 0x0000, 0x0000,
  0x0000, 0x0000, 0x0000, 0x0000, 0x0000, 0x0000, 0x0000, 0x0000, 0x0000, 0x0000, 0x0000, 0x0000, 0x0000, 0x0000, 0x0000, 0x0000,
  0x0000, 0x0000, 0x0000, 0x0000, 0x0000, 0x0000, 0x0000, 0x0000, 0x0000, 0x0000, 0x0000, 0x0000, 0x0000, 0x0000, 0x0000, 0x0000,
  0x0000, 0x0000, 0x0000, 0x0000, 0x0000, 0x0000, 0x0000, 0x0000, 0x0000, 0x0000, 0x0000, 0x0000, 0x0000, 0x0000, 0x0000, 0x0000,
  0x0000, 0x0000, 0x0000, 0x0000, 0x0000, 0x0000, 0x0000, 0x0000, 0x0000, 0x0000, 0x0000, 0x0000, 0x8208, 0x0000, 0xC310, 0x0000,
  0x0000, 0x0000, 0x0419, 0x083A, 0x4842, 0xA631, 0x4529, 0x4529, 0xC318, 0xC318, 0x0000, 0x0000, 0x0000, 0x0000, 0x0000, 0x0000,
  0x0000, 0x0000, 0x0000, 0x0000, 0x0000, 0x0000, 0xE410, 0xC408, 0xC408, 0xC408, 0xA408, 0xA408, 0xE510, 0xC510, 0x0529, 0x2529,
  0xE520, 0xA310, 0x6308, 0x6300, 0x4300, 0x4400, 0x6500, 0xE700, 0x6A09, 0x2909, 0x8600, 0x6A09, 0x2E12, 0xAF12, 0xD112, 0x9012,
  0x9012, 0xF11A, 0x9012, 0xED09, 0xED09, 0x8B09, 0x0D0A, 0xAE2A, 0xCC42, 0x4A3A, 0x8821, 0x0609, 0xC410, 0xC318, 0x0000, 0xC731,
  0xAA5A, 0xAD7B, 0xEE8B, 0x2E9C, 0x90AC, 0x4FA4, 0x6FA4, 0xCD8B, 0x6C7B, 0x0B6B, 0x6952, 0xA631, 0x8210, 0xC318, 0xC410, 0xC829,
  0x093A, 0xCB52, 0x2D53, 0xAE22, 0x8B09, 0xCC09, 0x0E0A, 0x4F12, 0xF212, 0xF11A, 0x6F12, 0xD112, 0x3313, 0xB10A, 0x0E0A, 0x0901,
  0xC800, 0x6A09, 0x4A01, 0x8B09, 0x0801, 0xC600, 0xA500, 0x8400, 0x8408, 0xC410, 0x4629, 0xC831, 0x8729, 0xE510, 0xC508, 0xA508,
  0x6400, 0xA408, 0x4711, 0x2619, 0xE318, 0x0000, 0x0000, 0xA308, 0x0000, 0xA210, 0xE318, 0xA318, 0xC310, 0x8210, 0x8210, 0xA310,
  0x0000, 0x6208, 0xE318, 0x0421, 0xA631, 0xA631, 0x8631, 0xE839, 0x494A, 0x083A, 0x8629, 0xA310, 0x0000, 0x0000, 0x0000, 0x0000,
  0x0000, 0x0000, 0x0000, 0x0000, 0x0000, 0x0000, 0x0000, 0x0000, 0x0000, 0x0000, 0x0000, 0x0000, 0x0000, 0x0000, 0x0000, 0x0000,
  0x0000, 0x0000, 0x0000, 0x0000, 0x0000, 0x0000, 0x0000, 0x0000, 0x0000, 0x0000, 0x0000, 0x0000, 0x0000, 0x0000, 0x0000, 0x0000,
  0x0000, 0x0000, 0x0000, 0x0000, 0x0000, 0x0000, 0x0000, 0x0000, 0x0000, 0x0000, 0x0000, 0x0000, 0x0000, 0x0000, 0x0000, 0x0000,
  0x0000, 0x0000, 0x0000, 0x0000, 0x0000, 0x0000, 0x0000, 0x0000, 0x0000, 0x0000, 0x0000, 0x0000, 0x0000, 0x0000, 0x0000, 0x0000,
  0x0000, 0x0000, 0x0000, 0x0000, 0x0000, 0x0000, 0x0000, 0x0000, 0x0000, 0x0000, 0x0000, 0x0000, 0x0000, 0x0000, 0x0000, 0x0000,
  0x0000, 0x0000, 0x0000, 0x0000, 0x0000, 0x0000, 0x0000, 0x0000, 0x0000, 0x0000, 0x0000, 0x0000, 0x0000, 0x0000, 0x0000, 0x0000,
  0x0000, 0x0000, 0x0000, 0x0000, 0x0000, 0x0000, 0x0000, 0x0000, 0x0000, 0x0000, 0x0000, 0x0000, 0x0000, 0x0000, 0x0000, 0x0000,
  0x0000, 0x0000, 0x0000, 0x0000, 0x0000, 0x0000, 0x0000, 0x0000, 0x0000, 0x0000, 0x0000, 0x0000, 0x0000, 0x0000, 0x0000, 0x0000,
  0x0000, 0x0000, 0x0000, 0x0000, 0x0000, 0x0000, 0x0000, 0x0000, 0x0000, 0x0000, 0x0000, 0x0000, 0x0000, 0x0000, 0x0000, 0x0000,
  0x0000, 0x0000, 0x0000, 0x0000, 0x0000, 0x0000, 0x0000, 0x0000, 0x0000, 0x0000, 0x0000, 0x0000, 0x0000, 0xC310, 0x8629, 0x0842,
  0x2842, 0x6629, 0x8631, 0x2421, 0xA310, 0x8210, 0xA310, 0xA210, 0x0000, 0x0000, 0xA210, 0xE418, 0x0421, 0xE318, 0xC318, 0xA210,
  0xA210, 0x0000, 0x0000, 0x8210, 0xA308, 0x0511, 0x0511, 0x0611, 0x0611, 0x8308, 0x0000, 0x8210, 0xC418, 0xC418, 0xA310, 0x6300,
  0x6300, 0x8400, 0xA600, 0xA600, 0xA600, 0x6400, 0x6400, 0xE608, 0x4809, 0x6D1A, 0xCF1A, 0xCB09, 0x8A09, 0x0C12, 0x0C12, 0x8A09,
  0x6909, 0x2C1A, 0x0E43, 0xD06B, 0x0C5B, 0x4942, 0xA729, 0x6721, 0x083A, 0x6531, 0xE510, 0xEA21, 0x8B42, 0x6D6B, 0x919C, 0xD1AC,
  0x70A4, 0x0E94, 0x2F94, 0x709C, 0x2F8C, 0xEC5A, 0x6A42, 0xE839, 0xC318, 0xA631, 0xC731, 0xE739, 0xCB5A, 0x4D6B, 0xAE73, 0xCF63,
  0x0B1A, 0xCB09, 0x4D12, 0xAB09, 0xCB09, 0x2C12, 0x2D12, 0xAF12, 0xF01A, 0x1123, 0xEC11, 0xE708, 0x6400, 0xA600, 0xC700, 0xE800,
  0x0701, 0x0701, 0x6A09, 0x0801, 0xA508, 0xA410, 0xA410, 0xA310, 0xA310, 0xC408, 0x2711, 0x4811, 0x8911, 0x4711, 0xC508, 0x0000,
  0xE318, 0x0421, 0x0000, 0x0000, 0x0321, 0xA631, 0x6531, 0xA631, 0xE739, 0x6529, 0x4529, 0x4529, 0xE418, 0xC318, 0xC318, 0x0421,
  0x8631, 0xE739, 0x2842, 0x2842, 0x494A, 0x694A, 0xA731, 0x0419, 0x8208, 0x0000, 0x0000, 0x0000, 0x0000, 0x0000, 0x0000, 0x0000,
  0x0000, 0x0000, 0x0000, 0x0000, 0x0000, 0x0000, 0x0000, 0x0000, 0x0000, 0x0000, 0x0000, 0x0000, 0x0000, 0x0000, 0x0000, 0x0000,
  0x0000, 0x0000, 0x0000, 0x0000, 0x0000, 0x0000, 0x0000, 0x0000, 0x0000, 0x0000, 0x0000, 0x0000, 0x0000, 0x0000, 0x0000, 0x0000,
  0x0000, 0x0000, 0x0000, 0x0000, 0x0000, 0x0000, 0x0000, 0x0000, 0x0000, 0x0000, 0x0000, 0x0000, 0x0000, 0x0000, 0x0000, 0x0000,
  0x0000, 0x0000, 0x0000, 0x0000, 0x0000, 0x0000, 0x0000, 0x0000, 0x0000, 0x0000, 0x0000, 0x0000, 0x0000, 0x0000, 0x0000, 0x0000,
  0x0000, 0x0000, 0x0000, 0x0000, 0x0000, 0x0000, 0x0000, 0x0000, 0x0000, 0x0000, 0x0000, 0x0000, 0x0000, 0x0000, 0x0000, 0x0000,
  0x0000, 0x0000, 0x0000, 0x0000, 0x0000, 0x0000, 0x0000, 0x0000, 0x0000, 0x0000, 0x0000, 0x0000, 0x0000, 0x0000, 0x0000, 0x0000,
  0x0000, 0x0000, 0x0000, 0x0000, 0x0000, 0x0000, 0x0000, 0x0000, 0x0000, 0x0000, 0x0000, 0x0000, 0x0000, 0x0000, 0x0000, 0x0000,
  0x0000, 0x0000, 0x0000, 0x0000, 0x0000, 0x0000, 0x0000, 0x0000, 0x0000, 0x0000, 0x0000, 0x0000, 0x0000, 0x0000, 0x0000, 0x0000,
  0x0000, 0x0000, 0x0000, 0x0000, 0x0000, 0x0000, 0x0000, 0x0000, 0x0000, 0x0000, 0x0000, 0x0000, 0x0000, 0x0000, 0x0000, 0x0000,
  0x0000, 0x0000, 0x0000, 0x0000, 0x0000, 0x0000, 0x0000, 0x0000, 0x0000, 0x4521, 0x494A, 0x494A, 0x2842, 0xC739, 0x4529, 0x0421,
  0xA310, 0xA310, 0xA310, 0x0000, 0xA310, 0xC310, 0xC318, 0x2421, 0xA210, 0x8210, 0xA210, 0xA210, 0x8210, 0xA310, 0x0419, 0x2519,
  0x2519, 0xC410, 0x0000, 0x0000, 0x0000, 0x0000, 0x0000, 0x0000, 0x0000, 0x0000, 0x0000, 0x0000, 0x8408, 0x8400, 0x6300, 0x8400,
  0x4200, 0x6300, 0x8408, 0x6711, 0x0A1A, 0x4C22, 0xCA19, 0xEA19, 0x8811, 0x4711, 0x4811, 0xA919, 0x8C32, 0x4E5B, 0x8E73, 0x4D6B,
  0x6D6B, 0xEB5A, 0x0932, 0xA829, 0x6629, 0x6531, 0x8821, 0xCB19, 0xA919, 0x0A32, 0x4D63, 0xEF7B, 0xAD7B, 0xEB62, 0x8D73, 0x8E73,
  0x2D63, 0x4A3A, 0x8821, 0xC829, 0x8631, 0xC639, 0xC739, 0x6952, 0xEA62, 0x6D73, 0x2C6B, 0x8D73, 0xAF6B, 0xAC3A, 0x6C2A, 0xEA19,
  0x8911, 0xAA11, 0x0C1A, 0xCA09, 0xEB11, 0x6D1A, 0xEB19, 0x4811, 0x6400, 0x4300, 0x8400, 0x4300, 0x0000, 0x6300, 0x0000, 0x4200,
  0x6300, 0x0000, 0x6208, 0x0000, 0x0000, 0x0000, 0x6208, 0x6208, 0xA308, 0x6719, 0x6819, 0xE510, 0xC318, 0x2421, 0x6529, 0x8531,
  0xA639, 0xE741, 0x0742, 0xC639, 0x2842, 0xE739, 0xA631, 0xC739, 0x8631, 0x6629, 0x6529, 0xE318, 0x0421, 0x8631, 0x2842, 0x494A,
  0x2942, 0xAA52, 0xCB52, 0x0419, 0xA310, 0xA310, 0x0000, 0x0000, 0x0000, 0x0000, 0x0000, 0x0000, 0x0000, 0x0000, 0x0000, 0x0000,
  0x0000, 0x0000, 0x0000, 0x0000, 0x0000, 0x0000, 0x0000, 0x0000, 0x0000, 0x0000, 0x0000, 0x0000, 0x0000, 0x0000, 0x0000, 0x0000,
  0x0000, 0x0000, 0x0000, 0x0000, 0x0000, 0x0000, 0x0000, 0x0000, 0x0000, 0x0000, 0x0000, 0x0000, 0x0000, 0x0000, 0x0000, 0x0000,
  0x0000, 0x0000, 0x0000, 0x0000, 0x0000, 0x0000, 0x0000, 0x0000, 0x0000, 0x0000, 0x0000, 0x0000, 0x0000, 0x0000, 0x0000, 0x0000,
  0x0000, 0x0000, 0x0000, 0x0000, 0x0000, 0x0000, 0x0000, 0x0000, 0x0000, 0x0000, 0x0000, 0x0000, 0x0000, 0x0000, 0x0000, 0x0000,
  0x0000, 0x0000, 0x0000, 0x0000, 0x0000, 0x0000, 0x0000, 0x0000, 0x0000, 0x0000, 0x0000, 0x0000, 0x0000, 0x0000, 0x0000, 0x0000,
  0x0000, 0x0000, 0x0000, 0x0000, 0x0000, 0x0000, 0x0000, 0x0000, 0x0000, 0x0000, 0x0000, 0x0000, 0x0000, 0x0000, 0x0000, 0x0000,
  0x0000, 0x0000, 0x0000, 0x0000, 0x0000, 0x0000, 0x0000, 0x0000, 0x0000, 0x0000, 0x0000, 0x0000, 0x0000, 0x0000, 0x0000, 0x0000,
  0x0000, 0x0000, 0x0000, 0x0000, 0x0000, 0x0000, 0x0000, 0x0000, 0x0000, 0x0000, 0x0000, 0x0000, 0x0000, 0x0000, 0x0000, 0x0000,
  0x0000, 0x0000, 0x0000, 0x0000, 0x0000, 0x0000, 0x0000, 0x0000, 0x0000, 0x0000, 0x0000, 0x0000, 0x0000, 0x0000, 0x0000, 0x0000,
  0x0000, 0x0000, 0x0000, 0xA210, 0x8629, 0xAA52, 0x8A52, 0xA631, 0xC739, 0x4529, 0x6529, 0x0419, 0xC318, 0xC318, 0x8210, 0xA310,
  0x8210, 0x0000, 0x0000, 0xA310, 0x0419, 0xA310, 0x0000, 0xC310, 0xA210, 0xA210, 0x8210, 0x8210, 0x0000, 0x0000, 0x8308, 0x8308,
  0x0000, 0x0000, 0x0000, 0x0000, 0x0000, 0x0000, 0x0000, 0x0000, 0x0000, 0x0000, 0x0000, 0x0000, 0x0000, 0x8308, 0x2619, 0x6719,
  0x8719, 0xA821, 0x4619, 0x2611, 0x4619, 0x2619, 0x0519, 0x293A, 0xAE73, 0x0F84, 0x4C6B, 0x0B63, 0xCA5A, 0xAA5A, 0xAA5A, 0xC739,
  0x0000, 0x6531, 0xA829, 0x6300, 0x8308, 0x0521, 0x8731, 0xE839, 0x8A52, 0xAB5A, 0x4A4A, 0xE839, 0xC839, 0x4621, 0xA410, 0xA408,
  0xA731, 0xC741, 0x0421, 0xA962, 0x2B73, 0xEA6A, 0x2B73, 0x6C7B, 0xD19C, 0xD29C, 0x6E6B, 0x8721, 0x6719, 0x4711, 0x6819, 0x6C32,
  0x0A2A, 0x4711, 0x2B22, 0xA919, 0xA508, 0x8308, 0x6208, 0x0000, 0x0000, 0x0000, 0x0000, 0x0000, 0x0000, 0x0000, 0x0000, 0x0000,
  0x0000, 0x0000, 0x0000, 0x0000, 0x0000, 0xA318, 0x0421, 0x4521, 0x2521, 0xA210, 0xE318, 0x6529, 0x8531, 0xA639, 0x4842, 0x4942,
  0x8629, 0x0421, 0xE418, 0x2521, 0x4529, 0x6629, 0xE739, 0x2842, 0x4529, 0x8631, 0x2842, 0xE739, 0xC731, 0x2942, 0x8A52, 0x694A,
  0x0419, 0x0000, 0x0000, 0x0000, 0x0000, 0x0000, 0x0000, 0x0000, 0x0000, 0x0000, 0x0000, 0x0000, 0x0000, 0x0000, 0x0000, 0x0000,
  0x0000, 0x0000, 0x0000, 0x0000, 0x0000, 0x0000, 0x0000, 0x0000, 0x0000, 0x0000, 0x0000, 0x0000, 0x0000, 0x0000, 0x0000, 0x0000,
  0x0000, 0x0000, 0x0000, 0x0000, 0x0000, 0x0000, 0x0000, 0x0000, 0x0000, 0x0000, 0x0000, 0x0000, 0x0000, 0x0000, 0x0000, 0x0000,
  0x0000, 0x0000, 0x0000, 0x0000, 0x0000, 0x0000, 0x0000, 0x0000, 0x0000, 0x0000, 0x0000, 0x0000, 0x0000, 0x0000, 0x0000, 0x0000,
  0x0000, 0x0000, 0x0000, 0x0000, 0x0000, 0x0000, 0x0000, 0x0000, 0x0000, 0x0000, 0x0000, 0x0000, 0x0000, 0x0000, 0x0000, 0x0000,
  0x0000, 0x0000, 0x0000, 0x0000, 0x0000, 0x0000, 0x0000, 0x0000, 0x0000, 0x0000, 0x0000, 0x0000, 0x0000, 0x0000, 0x0000, 0x0000,
  0x0000, 0x0000, 0x0000, 0x0000, 0x0000, 0x0000, 0x0000, 0x0000, 0x0000, 0x0000, 0x0000, 0x0000, 0x0000, 0x0000, 0x0000, 0x0000,
  0x0000, 0x0000, 0x0000, 0x0000, 0x0000, 0x0000, 0x0000, 0x0000, 0x0000, 0x0000, 0x0000, 0x0000, 0x0000, 0x0000, 0x0000, 0x0000,
  0x0000, 0x0000, 0x0000, 0x0000, 0x0000, 0x0000, 0x0000, 0x0000, 0x0000, 0x0000, 0x0000, 0x0000, 0x0000, 0x0000, 0x0000, 0x0000,
  0x0000, 0x0000, 0x0000, 0x0000, 0x0000, 0x0000, 0x0000, 0x0000, 0x0000, 0x0000, 0x0000, 0x0000, 0x0000, 0x0000, 0x8208, 0x6629,
  0x0842, 0xC739, 0xA631, 0xA631, 0x6529, 0x4529, 0x2421, 0xE418, 0x4529, 0x2521, 0xA318, 0x8210, 0xC310, 0xE418, 0x6621, 0x2519,
  0xC318, 0x2421, 0x8631, 0x0421, 0x2421, 0x2421, 0xE318, 0x0000, 0x0000, 0x0000, 0x0000, 0x0000, 0x0000, 0x0000, 0x0000, 0x0000,
  0x0000, 0x0000, 0x0000, 0x8210, 0x0000, 0xA310, 0xA310, 0x8210, 0x0000, 0xE418, 0x4619, 0x8721, 0x0932, 0xE410, 0x6621, 0xC410,
  0x6621, 0x0519, 0x2521, 0x8A52, 0xAE7B, 0xEE83, 0x0B6B, 0xAA5A, 0x0B6B, 0xAC83, 0x0A73, 0x685A, 0x8210, 0x0000, 0xA310, 0x0000,
  0x8541, 0x2762, 0x6872, 0x6872, 0xCA7A, 0x4C8B, 0x897A, 0x286A, 0xCA7A, 0x486A, 0x8541, 0xA218, 0xE418, 0x8208, 0x2329, 0x8B8B,
  0x6EB4, 0xCC93, 0x8C83, 0x0B6B, 0x8D73, 0xCE7B, 0xEF7B, 0x6A42, 0x6721, 0x2619, 0x6619, 0xC929, 0xA821, 0xC921, 0x8C32, 0xAD3A,
  0xE510, 0xC410, 0x8310, 0xE418, 0x2521, 0x0421, 0x4629, 0x6629, 0x4621, 0xE418, 0x8308, 0x8208, 0x6208, 0x0000, 0x0000, 0x0000,
  0x8208, 0xC318, 0xE318, 0x6529, 0x8631, 0x4529, 0x8631, 0x284A, 0x8952, 0x8952, 0xA952, 0x8A4A, 0x2D4B, 0x8B3A, 0x2519, 0xE318,
  0x4529, 0x4529, 0x2521, 0xC739, 0x0842, 0xA631, 0xA631, 0x2842, 0x2842, 0x0842, 0xE739, 0x494A, 0xE739, 0xC310, 0x0000, 0x0000,
  0x0000, 0x0000, 0x0000, 0x0000, 0x0000, 0x0000, 0x0000, 0x0000, 0x0000, 0x0000, 0x0000, 0x0000, 0x0000, 0x0000, 0x0000, 0x0000,
  0x0000, 0x0000, 0x0000, 0x0000, 0x0000, 0x0000, 0x0000, 0x0000, 0x0000, 0x0000, 0x0000, 0x0000, 0x0000, 0x0000, 0x0000, 0x0000,
  0x0000, 0x0000, 0x0000, 0x0000, 0x0000, 0x0000, 0x0000, 0x0000, 0x0000, 0x0000, 0x0000, 0x0000, 0x0000, 0x0000, 0x0000, 0x0000,
  0x0000, 0x0000, 0x0000, 0x0000, 0x0000, 0x0000, 0x0000, 0x0000, 0x0000, 0x0000, 0x0000, 0x0000, 0x0000, 0x0000, 0x0000, 0x0000,
  0x0000, 0x0000, 0x0000, 0x0000, 0x0000, 0x0000, 0x0000, 0x0000, 0x0000, 0x0000, 0x0000, 0x0000, 0x0000, 0x0000, 0x0000, 0x0000,
  0x0000, 0x0000, 0x0000, 0x0000, 0x0000, 0x0000, 0x0000, 0x0000, 0x0000, 0x0000, 0x0000, 0x0000, 0x0000, 0x0000, 0x0000, 0x0000,
  0x0000, 0x0000, 0x0000, 0x0000, 0x0000, 0x0000, 0x0000, 0x0000, 0x0000, 0x0000, 0x0000, 0x0000, 0x0000, 0x0000, 0x0000, 0x0000,
  0x0000, 0x0000, 0x0000, 0x0000, 0x0000, 0x0000, 0x0000, 0x0000, 0x0000, 0x0000, 0x0000, 0x0000, 0x0000, 0x0000, 0x0000, 0x0000,
  0x0000, 0x0000, 0x0000, 0x0000, 0x0000, 0x0000, 0x0000, 0x0000, 0x0000, 0x0000, 0x0000, 0x0000, 0x0000, 0x0000, 0x0000, 0x0000,
  0x0000, 0x0000, 0x0000, 0x0000, 0x0000, 0x0000, 0x0000, 0x0000, 0x0000, 0x0000, 0x8308, 0x0419, 0x2521, 0x4529, 0x6629, 0x8631,
  0x8631, 0x4521, 0xE418, 0x6529, 0x0421, 0xA310, 0xE418, 0x8721, 0xE829, 0x6621, 0x0419, 0x2421, 0xA631, 0xC739, 0xA631, 0x6529,
  0x4429, 0x0421, 0xA210, 0x0000, 0x0000, 0x0000, 0x0000, 0x0000, 0x0000, 0x0000, 0x0000, 0x0000, 0x0000, 0x0000, 0x0000, 0xA210,
  0xE418, 0xE418, 0xC318, 0xA310, 0xA210, 0x0519, 0xC831, 0x8B42, 0x8629, 0x8629, 0x2521, 0xC310, 0x8208, 0x6208, 0x0842, 0xAB52,
  0xA731, 0xE739, 0xAA52, 0xEA6A, 0xEA6A, 0xCC93, 0x4EA4, 0x4DAC, 0xA86A, 0x0000, 0x0000, 0x0329, 0xE328, 0x4341, 0x266A, 0xA882,
  0x0A8B, 0x6B9B, 0xC98A, 0x8882, 0x4772, 0x6449, 0x0331, 0x6441, 0x0000, 0xA218, 0x4A8B, 0x6EBC, 0xEFC4, 0xCC93, 0x0E94, 0x0F8C,
  0x6629, 0x8308, 0xCB52, 0x6E6B, 0x2519, 0x8308, 0x6208, 0x0519, 0x6A4A, 0x6B42, 0xC829, 0x2A3A, 0xC829, 0xE418, 0x0000, 0xA310,
  0x2521, 0x2521, 0x2421, 0xE418, 0xC418, 0xA310, 0x8308, 0x8308, 0x8308, 0x6208, 0x0000, 0x0000, 0x0000, 0x8210, 0x0000, 0x0000,
  0xE318, 0x6529, 0x8531, 0xC639, 0xCA5A, 0x6C73, 0x8D73, 0x4C6B, 0x2842, 0x6A3A, 0x6E53, 0xCC42, 0x4521, 0xE318, 0x8631, 0x8631,
  0xC739, 0xE739, 0xC739, 0x8631, 0x0842, 0xE739, 0x2842, 0x2842, 0x2942, 0xA731, 0xA210, 0x0000, 0x0000, 0x0000, 0x0000, 0x0000,
  0x0000, 0x0000, 0x0000, 0x0000, 0x0000, 0x0000, 0x0000, 0x0000, 0x0000, 0x0000, 0x0000, 0x0000, 0x0000, 0x0000, 0x0000, 0x0000,
  0x0000, 0x0000, 0x0000, 0x0000, 0x0000, 0x0000, 0x0000, 0x0000, 0x0000, 0x0000, 0x0000, 0x0000, 0x0000, 0x0000, 0x0000, 0x0000,
  0x0000, 0x0000, 0x0000, 0x0000, 0x0000, 0x0000, 0x0000, 0x0000, 0x0000, 0x0000, 0x0000, 0x0000, 0x0000, 0x0000, 0x0000, 0x0000,
  0x0000, 0x0000, 0x0000, 0x0000, 0x0000, 0x0000, 0x0000, 0x0000, 0x0000, 0x0000, 0x0000, 0x0000, 0x0000, 0x0000, 0x0000, 0x0000,
  0x0000, 0x0000, 0x0000, 0x0000, 0x0000, 0x0000, 0x0000, 0x0000, 0x0000, 0x0000, 0x0000, 0x0000, 0x0000, 0x0000, 0x0000, 0x0000,
  0x0000, 0x0000, 0x0000, 0x0000, 0x0000, 0x0000, 0x0000, 0x0000, 0x0000, 0x0000, 0x0000, 0x0000, 0x0000, 0x0000, 0x0000, 0x0000,
  0x0000, 0x0000, 0x0000, 0x0000, 0x0000, 0x0000, 0x0000, 0x0000, 0x0000, 0x0000, 0x0000, 0x0000, 0x0000, 0x0000, 0x0000, 0x0000,
  0x0000, 0x0000, 0x0000, 0x0000, 0x0000, 0x0000, 0x0000, 0x0000, 0x0000, 0x0000, 0x0000, 0x0000, 0x0000, 0x0000, 0x0000, 0x0000,
  0x0000, 0x0000, 0x0000, 0x0000, 0x0000, 0x0000, 0x0000, 0x0000, 0x0000, 0x0000, 0x0000, 0x0000, 0x0000, 0x0000, 0x0000, 0x0000,
  0x0000, 0x0000, 0x0000, 0x0000, 0x0000, 0x0000, 0x4521, 0x6629, 0x8629, 0xE418, 0x4529, 0xC731, 0x6529, 0x0421, 0xE420, 0xA631,
  0xC829, 0x4A32, 0x2A32, 0xA729, 0xE418, 0x0000, 0xE418, 0x0419, 0x2421, 0x0421, 0x2421, 0xA631, 0x4429, 0xA210, 0x0000, 0x0000,
  0x0000, 0x0000, 0x0000, 0x0000, 0x0000, 0x0000, 0x0000, 0x0000, 0x0000, 0x8210, 0x8210, 0xA310, 0xC318, 0xC318, 0xC318, 0xC318,
  0xA310, 0xE418, 0x8729, 0x8629, 0xE831, 0x8629, 0x4629, 0xE418, 0x0000, 0x0519, 0xE839, 0xCB5A, 0x0842, 0x694A, 0xAD7B, 0x6C7B,
  0x2B7B, 0xCD93, 0x8FB4, 0x11BD, 0x51CD, 0x2A83, 0x8218, 0x0000, 0x0000, 0x0000, 0xA220, 0xE561, 0x2672, 0xC569, 0x0672, 0x0672,
  0xE230, 0x0000, 0x0000, 0x0000, 0x6431, 0x6B8B, 0xAEC4, 0x10CD, 0xD0BC, 0xCC93, 0x0E94, 0x2F8C, 0x0C63, 0xE839, 0xCC52, 0x8E6B,
  0xAB4A, 0x4621, 0x8308, 0x2519, 0xE831, 0x093A, 0x6A42, 0xAB4A, 0xC831, 0xE831, 0xE318, 0x0421, 0x2421, 0x0421, 0xC318, 0x8210,
  0x0000, 0xA210, 0x0000, 0x0000, 0x0000, 0x0000, 0x0000, 0x0000, 0x0000, 0x0000, 0xA310, 0xE318, 0x0421, 0x4429, 0xA631, 0xC639,
  0x6852, 0x2B6B, 0x4C6B, 0x6D73, 0x8A52, 0x4529, 0x6521, 0x4A3A, 0xEC42, 0x293A, 0x6529, 0x2421, 0xA631, 0xC739, 0xA631, 0xA731,
  0xE839, 0xA731, 0x0419, 0x0421, 0xA731, 0x083A, 0x2521, 0x8208, 0x0000, 0x0000, 0x0000, 0x0000, 0x0000, 0x0000, 0x0000, 0x0000,
  0x0000, 0x0000, 0x0000, 0x0000, 0x0000, 0x0000, 0x0000, 0x0000, 0x0000, 0x0000, 0x0000, 0x0000, 0x0000, 0x0000, 0x0000, 0x0000,
  0x0000, 0x0000, 0x0000, 0x0000, 0x0000, 0x0000, 0x0000, 0x0000, 0x0000, 0x0000, 0x0000, 0x0000, 0x0000, 0x0000, 0x0000, 0x0000,
  0x0000, 0x0000, 0x0000, 0x0000, 0x0000, 0x0000, 0x0000, 0x0000, 0x0000, 0x0000, 0x0000, 0x0000, 0x0000, 0x0000, 0x0000, 0x0000,
  0x0000, 0x0000, 0x0000, 0x0000, 0x0000, 0x0000, 0x0000, 0x0000, 0x0000, 0x0000, 0x0000, 0x0000, 0x0000, 0x0000, 0x0000, 0x0000,
  0x0000, 0x0000, 0x0000, 0x0000, 0x0000, 0x0000, 0x0000, 0x0000, 0x0000, 0x0000, 0x0000, 0x0000, 0x0000, 0x0000, 0x0000, 0x0000,
  0x0000, 0x0000, 0x0000, 0x0000, 0x0000, 0x0000, 0x0000, 0x0000, 0x0000, 0x0000, 0x0000, 0x0000, 0x0000, 0x0000, 0x0000, 0x0000,
  0x0000, 0x0000, 0x0000, 0x0000, 0x0000, 0x0000, 0x0000, 0x0000, 0x0000, 0x0000, 0x0000, 0x0000, 0x0000, 0x0000, 0x0000, 0x0000,
  0x0000, 0x0000, 0x0000, 0x0000, 0x0000, 0x0000, 0x0000, 0x0000, 0x0000, 0x0000, 0x0000, 0x0000, 0x0000, 0x0000, 0x0000, 0x0000,
  0x0000, 0x0000, 0x0000, 0x0000, 0x0000, 0x0000, 0x0000, 0x0000, 0x0000, 0x0000, 0x0000, 0x0000, 0x0000, 0x0000, 0x0000, 0x0000,
  0x0000, 0xE418, 0x4521, 0x4529, 0x2521, 0x4529, 0xA631, 0x6529, 0x8629, 0xE831, 0x8B3A, 0xCC3A, 0x6B3A, 0xA729, 0xA318, 0xC318,
  0xC318, 0x0419, 0x8631, 0x0421, 0x0421, 0xE739, 0x8952, 0x484A, 0x8531, 0x0421, 0xA210, 0x0000, 0x0000, 0x0000, 0x0000, 0x0000,
  0x0000, 0x0000, 0x0000, 0x0000, 0x8210, 0xA210, 0x0000, 0x0000, 0x0000, 0xC318, 0xE418, 0x0421, 0x0421, 0xA210, 0x4521, 0x8629,
  0x8629, 0xA731, 0x4529, 0x8210, 0x2521, 0x0519, 0xA310, 0x2519, 0x6A42, 0x4A42, 0x8631, 0xE741, 0x4B73, 0xCD93, 0xAFB4, 0x52C5,
  0x93CD, 0x31C5, 0x0A73, 0xC318, 0x0000, 0x0000, 0x0000, 0x0339, 0x8459, 0xA130, 0x6451, 0x4449, 0x0000, 0x0000, 0x0000, 0xE649,
  0x0DA4, 0x92D5, 0x92DD, 0xB3DD, 0xD0B4, 0xB0A4, 0x2F94, 0x4D6B, 0xCB52, 0xCC52, 0xC831, 0xC410, 0xC410, 0xA729, 0x4619, 0xA308,
  0x0519, 0x093A, 0x6629, 0x8731, 0x6629, 0x4629, 0x6629, 0x6529, 0x0421, 0x8210, 0x0000, 0x0000, 0x0000, 0x0000, 0xA210, 0xA310,
  0x0000, 0x0000, 0x0000, 0x8210, 0x0000, 0x0000, 0x0000, 0x0000, 0x0421, 0x2421, 0x4529, 0xE741, 0x694A, 0x484A, 0x0742, 0x694A,
  0xCA5A, 0x083A, 0x2521, 0x0421, 0x4521, 0xAB42, 0x4E53, 0x4942, 0x2421, 0xE741, 0x0842, 0xC731, 0x6629, 0xE739, 0xA731, 0xA310,
  0xC310, 0xE739, 0xA731, 0xC310, 0x0000, 0x0000, 0x0000, 0x0000, 0x0000, 0x0000, 0x0000, 0x0000, 0x0000, 0x0000, 0x0000, 0x0000,
  0x0000, 0x0000, 0x0000, 0x0000, 0x0000, 0x0000, 0x0000, 0x0000, 0x0000, 0x0000, 0x0000, 0x0000, 0x0000, 0x0000, 0x0000, 0x0000,
  0x0000, 0x0000, 0x0000, 0x0000, 0x0000, 0x0000, 0x0000, 0x0000, 0x0000, 0x0000, 0x0000, 0x0000, 0x0000, 0x0000, 0x0000, 0x0000,
  0x0000, 0x0000, 0x0000, 0x0000, 0x0000, 0x0000, 0x0000, 0x0000, 0x0000, 0x0000, 0x0000, 0x0000, 0x0000, 0x0000, 0x0000, 0x0000,
  0x0000, 0x0000, 0x0000, 0x0000, 0x0000, 0x0000, 0x0000, 0x0000, 0x0000, 0x0000, 0x0000, 0x0000, 0x0000, 0x0000, 0x0000, 0x0000,
  0x0000, 0x0000, 0x0000, 0x0000, 0x0000, 0x0000, 0x0000, 0x0000, 0x0000, 0x0000, 0x0000, 0x0000, 0x0000, 0x0000, 0x0000, 0x0000,
  0x0000, 0x0000, 0x0000, 0x0000, 0x0000, 0x0000, 0x0000, 0x0000, 0x0000, 0x0000, 0x0000, 0x0000, 0x0000, 0x0000, 0x0000, 0x0000,
  0x0000, 0x0000, 0x0000, 0x0000, 0x0000, 0x0000, 0x0000, 0x0000, 0x0000, 0x0000, 0x0000, 0x0000, 0x0000, 0x0000, 0x0000, 0x0000,
  0x0000, 0x0000, 0x0000, 0x0000, 0x0000, 0x0000, 0x0000, 0x0000, 0x0000, 0x0000, 0x0000, 0x0000, 0x0000, 0x0000, 0x0000, 0x0000,
  0x0000, 0x0000, 0x0000, 0x0000, 0x0000, 0x0000, 0x0000, 0x0000, 0x0000, 0x0000, 0x0000, 0x0000, 0x8208, 0x0421, 0x0421, 0xA310,
  0xE418, 0xC731, 0xE831, 0x6B3A, 0xED42, 0xCC42, 0x293A, 0x6529, 0x4529, 0x0421, 0xC318, 0xE418, 0xC318, 0x0421, 0x0421, 0x6529,
  0xE739, 0x6529, 0x6529, 0x2429, 0x0321, 0x8210, 0x0000, 0x0000, 0x0000, 0x0000, 0x0000, 0x0000, 0x0000, 0x0000, 0x0000, 0x0000,
  0x0000, 0x0000, 0x0000, 0x0000, 0x0000, 0x0000, 0xC318, 0x0421, 0x4521, 0x4521, 0xA310, 0x8308, 0xC410, 0xC410, 0x8300, 0x4200,
  0xC410, 0x0419, 0x0000, 0x0000, 0x093A, 0x2511, 0x0000, 0xC318, 0xA95A, 0xA962, 0x6B83, 0x12B5, 0x37D6, 0x37CE, 0x95B5, 0x3084,
  0x4A42, 0x8308, 0x0000, 0xC320, 0xE238, 0x6118, 0xC230, 0x4439, 0x6208, 0x4621, 0x0C63, 0xF2AC, 0xD4CD, 0x77DE, 0x36D6, 0x52BD,
  0x8D83, 0xEB62, 0x4D6B, 0xE418, 0x0000, 0x4B3A, 0x4A3A, 0x0000, 0x8208, 0x0932, 0x2519, 0x0511, 0x0511, 0xA408, 0xE418, 0xE418,
  0x2521, 0xA731, 0x0842, 0xC739, 0x4529, 0xE318, 0xC310, 0xC318, 0xE318, 0x2421, 0x0421, 0xE418, 0x0421, 0xE318, 0x0000, 0x0000,
  0x0000, 0x0000, 0x0000, 0x0000, 0x0000, 0x0000, 0xE318, 0x4529, 0xE739, 0xE739, 0x2521, 0x6529, 0x6529, 0x8631, 0x4521, 0x4529,
  0x8631, 0x4529, 0xA631, 0xCB4A, 0x0D53, 0x083A, 0x694A, 0xE739, 0x4529, 0x4529, 0xA631, 0x6629, 0xC310, 0x8208, 0x8631, 0xC310,
  0xA310, 0x0000, 0x0000, 0x0000, 0x0000, 0x0000, 0x0000, 0x0000, 0x0000, 0x0000, 0x0000, 0x0000, 0x0000, 0x0000, 0x0000, 0x0000,
  0x0000, 0x0000, 0x0000, 0x0000, 0x0000, 0x0000, 0x0000, 0x0000, 0x0000, 0x0000, 0x0000, 0x0000, 0x0000, 0x0000, 0x0000, 0x0000,
  0x0000, 0x0000, 0x0000, 0x0000, 0x0000, 0x0000, 0x0000, 0x0000, 0x0000, 0x0000, 0x0000, 0x0000, 0x0000, 0x0000, 0x0000, 0x0000,
  0x0000, 0x0000, 0x0000, 0x0000, 0x0000, 0x0000, 0x0000, 0x0000, 0x0000, 0x0000, 0x0000, 0x0000, 0x0000, 0x0000, 0x0000, 0x0000,
  0x0000, 0x0000, 0x0000, 0x0000, 0x0000, 0x0000, 0x0000, 0x0000, 0x0000, 0x0000, 0x0000, 0x0000, 0x0000, 0x0000, 0x0000, 0x0000,
  0x0000, 0x0000, 0x0000, 0x0000, 0x0000, 0x0000, 0x0000, 0x0000, 0x0000, 0x0000, 0x0000, 0x0000, 0x0000, 0x0000, 0x0000, 0x0000,
  0x0000, 0x0000, 0x0000, 0x0000, 0x0000, 0x0000, 0x0000, 0x0000, 0x0000, 0x0000, 0x0000, 0x0000, 0x0000, 0x0000, 0x0000, 0x0000,
  0x0000, 0x0000, 0x0000, 0x0000, 0x0000, 0x0000, 0x0000, 0x0000, 0x0000, 0x0000, 0x0000, 0x0000, 0x0000, 0x0000, 0x0000, 0x0000,
  0x0000, 0x0000, 0x0000, 0x0000, 0x0000, 0x0000, 0x0000, 0x0000, 0x0000, 0x0000, 0x0000, 0x0000, 0x0000, 0x0000, 0x0000, 0x0000,
  0x0000, 0x0000, 0x0000, 0x0000, 0x0000, 0x0000, 0x0000, 0x0000, 0xE418, 0x8629, 0x2519, 0x6619, 0x4A32, 0xAB42, 0x0932, 0x8729,
  0x8631, 0xA631, 0x4529, 0x2421, 0x0421, 0x0421, 0x6529, 0x2421, 0xC318, 0xE418, 0xC318, 0xE318, 0x8210, 0xC318, 0xE318, 0x0000,
  0x0000, 0x0000, 0x0000, 0x0000, 0x0000, 0x0000, 0x0000, 0x0000, 0x0000, 0x0000, 0x0000, 0x0000, 0x0000, 0x0000, 0x0000, 0x0000,
  0xA310, 0xE410, 0x4621, 0x8721, 0x6621, 0x4621, 0x4619, 0xA408, 0x6300, 0xA729, 0xEC5A, 0x2942, 0xCB5A, 0x8E73, 0xAA5A, 0x494A,
  0x8A52, 0xA731, 0x4529, 0x0B6B, 0x685A, 0x2B73, 0x0E94, 0x32B5, 0xF6BD, 0x7AC6, 0xBBC6, 0x59BE, 0x76A5, 0x6A42, 0x0000, 0xC320,
  0xA220, 0x0000, 0xA220, 0x4531, 0xE518, 0x6F63, 0xD7AD, 0xBACE, 0x99D6, 0x79CE, 0x37CE, 0x94BD, 0xF2AC, 0x4B7B, 0x6C7B, 0xCA62,
  0x8639, 0xEB62, 0xCE7B, 0xEB5A, 0x8D73, 0xB194, 0xEF7B, 0xCF7B, 0x3184, 0x8B4A, 0x0519, 0x0519, 0xA729, 0xE831, 0xA731, 0xC731,
  0x6621, 0xE410, 0xE318, 0xE318, 0x2421, 0x2421, 0x0421, 0x2421, 0x2421, 0x0421, 0xC318, 0x0000, 0x0000, 0x0000, 0x0000, 0x8210,
  0x8210, 0x0000, 0x8210, 0xE318, 0xC318, 0x2521, 0x6529, 0xC731, 0x6629, 0x0419, 0xC310, 0xC318, 0x4529, 0x8631, 0xA639, 0x8631,
  0x293A, 0x2D53, 0x0C53, 0xAA52, 0x6529, 0x4529, 0x6629, 0xE418, 0xC310, 0xA310, 0x0419, 0x2521, 0x8208, 0x0000, 0x0000, 0x0000,
  0x0000, 0x0000, 0x0000, 0x0000, 0x0000, 0x0000, 0x0000, 0x0000, 0x0000, 0x0000, 0x0000, 0x0000, 0x0000, 0x0000, 0x0000, 0x0000,
  0x0000, 0x0000, 0x0000, 0x0000, 0x0000, 0x0000, 0x0000, 0x0000, 0x0000, 0x0000, 0x0000, 0x0000, 0x0000, 0x0000, 0x0000, 0x0000,
  0x0000, 0x0000, 0x0000, 0x0000, 0x0000, 0x0000, 0x0000, 0x0000, 0x0000, 0x0000, 0x0000, 0x0000, 0x0000, 0x0000, 0x0000, 0x0000,
  0x0000, 0x0000, 0x0000, 0x0000, 0x0000, 0x0000, 0x0000, 0x0000, 0x0000, 0x0000, 0x0000, 0x0000, 0x0000, 0x0000, 0x0000, 0x0000,
  0x0000, 0x0000, 0x0000, 0x0000, 0x0000, 0x0000, 0x0000, 0x0000, 0x0000, 0x0000, 0x0000, 0x0000, 0x0000, 0x0000, 0x0000, 0x0000,
  0x0000, 0x0000, 0x0000, 0x0000, 0x0000, 0x0000, 0x0000, 0x0000, 0x0000, 0x0000, 0x0000, 0x0000, 0x0000, 0x0000, 0x0000, 0x0000,
  0x0000, 0x0000, 0x0000, 0x0000, 0x0000, 0x0000, 0x0000, 0x0000, 0x0000, 0x0000, 0x0000, 0x0000, 0x0000, 0x0000, 0x0000, 0x0000,
  0x0000, 0x0000, 0x0000, 0x0000, 0x0000, 0x0000, 0x0000, 0x0000, 0x0000, 0x0000, 0x0000, 0x0000, 0x0000, 0x0000, 0x0000, 0x0000,
  0x0000, 0x0000, 0x0000, 0x0000, 0x0000, 0x0000, 0x0000, 0x0000, 0x0000, 0x0000, 0x0000, 0x0000, 0x0000, 0x0000, 0x0000, 0x0000,
  0x0000, 0x0000, 0x0000, 0x0511, 0x4611, 0x8721, 0xE410, 0xE410, 0x0419, 0xE418, 0xC318, 0x4529, 0x2521, 0x6529, 0xA631, 0xA731,
  0xA631, 0xC739, 0x6529, 0xC318, 0xC318, 0x8210, 0x0000, 0x0000, 0x0000, 0x0000, 0x0000, 0x0000, 0x0000, 0x0000, 0x0000, 0x0000,
  0x0000, 0x0000, 0x0000, 0x0000, 0x0000, 0xA310, 0xC310, 0xE418, 0xE410, 0xE510, 0xE518, 0xE410, 0xC410, 0xC410, 0x0519, 0x2521,
  0x6629, 0x4529, 0x0421, 0x2421, 0x6D73, 0xD29C, 0x95B5, 0xF3A4, 0xF2A4, 0x909C, 0x919C, 0x2F8C, 0x2F94, 0xCD83, 0xAC83, 0x4F9C,
  0x8FA4, 0x4F9C, 0x90A4, 0xD2A4, 0x95AD, 0xD7B5, 0xD7B5, 0x18B6, 0x96A5, 0x527C, 0x0519, 0x0000, 0x0000, 0x0000, 0x0000, 0x0000,
  0xE518, 0x3695, 0x59BE, 0x18BE, 0x38C6, 0xB6B5, 0xD6BD, 0xB5BD, 0xF2AC, 0x94C5, 0x2F94, 0x919C, 0x4F94, 0xCD83, 0x2F8C, 0x0F84,
  0x13A5, 0x33AD, 0xB5BD, 0xF6C5, 0xD6C5, 0xF6C5, 0xB294, 0xA631, 0x2429, 0xE739, 0x6629, 0x2521, 0x0519, 0x4521, 0x4621, 0x4621,
  0x2521, 0x4529, 0x0421, 0x2429, 0x2421, 0xC318, 0xA210, 0x0000, 0x0000, 0x0000, 0x0000, 0x0000, 0x0000, 0x0000, 0x0000, 0xA310,
  0xE420, 0x0421, 0xC318, 0x8210, 0x0421, 0x2521, 0x6629, 0x0421, 0xE418, 0x2521, 0xE739, 0x494A, 0x6952, 0xA631, 0x8A42, 0xAF6B,
  0xCB52, 0xA631, 0x2521, 0xE418, 0x0000, 0xC310, 0xA310, 0x2521, 0x0000, 0x0000, 0x0000, 0x0000, 0x0000, 0x0000, 0x0000, 0x0000,
  0x0000, 0x0000, 0x0000, 0x0000, 0x0000, 0x0000, 0x0000, 0x0000, 0x0000, 0x0000, 0x0000, 0x0000, 0x0000, 0x0000, 0x0000, 0x0000,
  0x0000, 0x0000, 0x0000, 0x0000, 0x0000, 0x0000, 0x0000, 0x0000, 0x0000, 0x0000, 0x0000, 0x0000, 0x0000, 0x0000, 0x0000, 0x0000,
  0x0000, 0x0000, 0x0000, 0x0000, 0x0000, 0x0000, 0x0000, 0x0000, 0x0000, 0x0000, 0x0000, 0x0000, 0x0000, 0x0000, 0x0000, 0x0000,
  0x0000, 0x0000, 0x0000, 0x0000, 0x0000, 0x0000, 0x0000, 0x0000, 0x0000, 0x0000, 0x0000, 0x0000, 0x0000, 0x0000, 0x0000, 0x0000,
  0x0000, 0x0000, 0x0000, 0x0000, 0x0000, 0x0000, 0x0000, 0x0000, 0x0000, 0x0000, 0x0000, 0x0000, 0x0000, 0x0000, 0x0000, 0x0000,
  0x0000, 0x0000, 0x0000, 0x0000, 0x0000, 0x0000, 0x0000, 0x0000, 0x0000, 0x0000, 0x0000, 0x0000, 0x0000, 0x0000, 0x0000, 0x0000,
  0x0000, 0x0000, 0x0000, 0x0000, 0x0000, 0x0000, 0x0000, 0x0000, 0x0000, 0x0000, 0x0000, 0x0000, 0x0000, 0x0000, 0x0000, 0x0000,
  0x0000, 0x0000, 0x0000, 0x0000, 0x0000, 0x0000, 0x0000, 0x0000, 0x0000, 0x0000, 0x0000, 0x0000, 0x0000, 0x0000, 0x0000, 0x0000,
  0x0000, 0x0000, 0x0000, 0x0000, 0x0000, 0x0000, 0x0000, 0x0000, 0x0000, 0x0000, 0x0000, 0x0000, 0x8208, 0x8208, 0x6208, 0xA308,
  0xC310, 0xC310, 0x0000, 0xC318, 0xC318, 0xA310, 0x6208, 0x2521, 0xE739, 0xE739, 0x8631, 0xC739, 0xE739, 0xA631, 0x0421, 0xA310,
  0xA310, 0x8208, 0x0000, 0x0000, 0x8210, 0x0000, 0x0000, 0x0000, 0x0000, 0x0000, 0x0000, 0x0000, 0x0000, 0xA308, 0xE410, 0x0519,
  0x0519, 0xE418, 0xC418, 0xA310, 0x8208, 0x0000, 0x0000, 0x0000, 0x0000, 0x0000, 0x0000, 0xC318, 0x0421, 0x0421, 0x0842, 0x3084,
  0x34AD, 0x13AD, 0xD2A4, 0x2F84, 0x8D73, 0x484A, 0xA631, 0x6529, 0x2842, 0xC639, 0x0421, 0xC739, 0xA639, 0x6529, 0xAA5A, 0xAE73,
  0xB294, 0x34A5, 0x96AD, 0x96AD, 0xF494, 0x5695, 0x3274, 0x6208, 0x0000, 0x0000, 0x0000, 0x0000, 0x8F63, 0xF8AD, 0x59BE, 0x39BE,
  0xD7B5, 0x75AD, 0x708C, 0xD29C, 0x6D73, 0x494A, 0x484A, 0x6629, 0x6529, 0x2842, 0x8A52, 0xC731, 0xE739, 0x2C6B, 0x6D73, 0xEE83,
  0x33AD, 0x5094, 0x34A5, 0xF39C, 0x6952, 0x6531, 0x4529, 0xE420, 0xA210, 0x0000, 0x0000, 0x0000, 0x8210, 0xC318, 0xE320, 0x4431,
  0x6531, 0x4529, 0x8539, 0x6531, 0xE318, 0x8210, 0x0000, 0x0000, 0x0000, 0x0000, 0x0000, 0x0000, 0x0000, 0x8210, 0xA310, 0xC318,
  0x0000, 0xA310, 0x0421, 0x6629, 0x8631, 0x4521, 0x4529, 0x4529, 0x2842, 0xCA5A, 0x2842, 0xCB52, 0x8F63, 0xEC52, 0x8629, 0xC318,
  0x0000, 0x0000, 0xE418, 0x0419, 0x0000, 0x0000, 0x0000, 0x0000, 0x0000, 0x0000, 0x0000, 0x0000, 0x0000, 0x0000, 0x0000, 0x0000,
  0x0000, 0x0000, 0x0000, 0x0000, 0x0000, 0x0000, 0x0000, 0x0000, 0x0000, 0x0000, 0x0000, 0x0000, 0x0000, 0x0000, 0x0000, 0x0000,
  0x0000, 0x0000, 0x0000, 0x0000, 0x0000, 0x0000, 0x0000, 0x0000, 0x0000, 0x0000, 0x0000, 0x0000, 0x0000, 0x0000, 0x0000, 0x0000,
  0x0000, 0x0000, 0x0000, 0x0000, 0x0000, 0x0000, 0x0000, 0x0000, 0x0000, 0x0000, 0x0000, 0x0000, 0x0000, 0x0000, 0x0000, 0x0000,
  0x0000, 0x0000, 0x0000, 0x0000, 0x0000, 0x0000, 0x0000, 0x0000, 0x0000, 0x0000, 0x0000, 0x0000, 0x0000, 0x0000, 0x0000, 0x0000,
  0x0000, 0x0000, 0x0000, 0x0000, 0x0000, 0x0000, 0x0000, 0x0000, 0x0000, 0x0000, 0x0000, 0x0000, 0x0000, 0x0000, 0x0000, 0x0000,
  0x0000, 0x0000, 0x0000, 0x0000, 0x0000, 0x0000, 0x0000, 0x0000, 0x0000, 0x0000, 0x0000, 0x0000, 0x0000, 0x0000, 0x0000, 0x0000,
  0x0000, 0x0000, 0x0000, 0x0000, 0x0000, 0x0000, 0x0000, 0x0000, 0x0000, 0x0000, 0x0000, 0x0000, 0x0000, 0x0000, 0x0000, 0x0000,
  0x0000, 0x0000, 0x0000, 0x0000, 0x0000, 0x0000, 0x0000, 0x0000, 0x0000, 0x0000, 0x0000, 0x0000, 0x0000, 0x0000, 0x0000, 0x0000,
  0x0000, 0x0000, 0x0000, 0x0000, 0x0000, 0x0000, 0x0000, 0x0000, 0x0000, 0x0000, 0x0000, 0x0000, 0x0000, 0x0000, 0x8208, 0x0000,
  0x0000, 0x0000, 0xE318, 0x2942, 0x494A, 0xC739, 0xE739, 0x0842, 0x8629, 0x4521, 0x4529, 0xC318, 0xC310, 0xA310, 0xA310, 0x0000,
  0x0000, 0x0000, 0x0000, 0x0000, 0x0000, 0x0000, 0x8208, 0xC310, 0xE418, 0xE318, 0xC318, 0xA210, 0x8210, 0x8210, 0x0000, 0x0000,
  0x0000, 0x0000, 0x0000, 0x0000, 0xA210, 0xA210, 0x0000, 0x0000, 0xA210, 0xC739, 0xCB52, 0x8A52, 0x0842, 0x2529, 0xC318, 0xE418,
  0x2619, 0x8719, 0x0000, 0x0000, 0x4521, 0x2521, 0x0000, 0x0000, 0x0421, 0xA210, 0x6531, 0x0B6B, 0x508C, 0xB294, 0xB294, 0xD394,
  0x96A5, 0x5AB6, 0xF9A5, 0x2E53, 0x0000, 0x0000, 0x0000, 0x2A3A, 0x979D, 0xF8AD, 0x18B6, 0x18BE, 0x55A5, 0x75AD, 0x34AD, 0x2B73,
  0x284A, 0x2429, 0xC739, 0xA210, 0x0000, 0x083A, 0x2519, 0x0000, 0xA310, 0xEC52, 0x8629, 0xC318, 0x694A, 0xC739, 0x484A, 0xEF73,
  0x307C, 0x8A4A, 0x2421, 0xA210, 0xA218, 0x0421, 0x2421, 0x0421, 0xE320, 0xE318, 0xA210, 0x0000, 0xA218, 0xA210, 0xA218, 0x0329,
  0x2431, 0x8539, 0xA539, 0x2431, 0xE320, 0x8210, 0x0000, 0xA310, 0x8210, 0xC318, 0x0421, 0xE318, 0x2421, 0xE318, 0x0419, 0x2421,
  0xA631, 0xA731, 0x6529, 0x2421, 0x4529, 0x694A, 0x494A, 0x8A52, 0x8A4A, 0x0C5B, 0x6A3A, 0x6621, 0xC310, 0x0000, 0x0000, 0x8208,
  0x0000, 0x0000, 0x0000, 0x0000, 0x0000, 0x0000, 0x0000, 0x0000, 0x0000, 0x0000, 0x0000, 0x0000, 0x0000, 0x0000, 0x0000, 0x0000,
  0x0000, 0x0000, 0x0000, 0x0000, 0x0000, 0x0000, 0x0000, 0x0000, 0x0000, 0x0000, 0x0000, 0x0000, 0x0000, 0x0000, 0x0000, 0x0000,
  0x0000, 0x0000, 0x0000, 0x0000, 0x0000, 0x0000, 0x0000, 0x0000, 0x0000, 0x0000, 0x0000, 0x0000, 0x0000, 0x0000, 0x0000, 0x0000,
  0x0000, 0x0000, 0x0000, 0x0000, 0x0000, 0x0000, 0x0000, 0x0000, 0x0000, 0x0000, 0x0000, 0x0000, 0x0000, 0x0000, 0x0000, 0x0000,
  0x0000, 0x0000, 0x0000, 0x0000, 0x0000, 0x0000, 0x0000, 0x0000, 0x0000, 0x0000, 0x0000, 0x0000, 0x0000, 0x0000, 0x0000, 0x0000,
  0x0000, 0x0000, 0x0000, 0x0000, 0x0000, 0x0000, 0x0000, 0x0000, 0x0000, 0x0000, 0x0000, 0x0000, 0x0000, 0x0000, 0x0000, 0x0000,
  0x0000, 0x0000, 0x0000, 0x0000, 0x0000, 0x0000, 0x0000, 0x0000, 0x0000, 0x0000, 0x0000, 0x0000, 0x0000, 0x0000, 0x0000, 0x0000,
  0x0000, 0x0000, 0x0000, 0x0000, 0x0000, 0x0000, 0x0000, 0x0000, 0x0000, 0x0000, 0x0000, 0x0000, 0x0000, 0x0000, 0x0000, 0x0000,
  0x0000, 0x0000, 0x0000, 0x0000, 0x0000, 0x0000, 0x0000, 0x0000, 0x0000, 0x0000, 0x0000, 0x0000, 0x0000, 0x0000, 0x0000, 0x0000,
  0x0000, 0x0000, 0x0000, 0x0000, 0x0000, 0x0000, 0x0000, 0x0000, 0x0000, 0x0000, 0x0000, 0x0000, 0x0000, 0x8210, 0xA731, 0x494A,
  0xC739, 0x4942, 0x494A, 0x6529, 0xE418, 0x2521, 0x0421, 0x2421, 0x0421, 0xA210, 0xA210, 0x8210, 0x8210, 0x0000, 0x0000, 0x0000,
  0xA210, 0xC318, 0x2429, 0x0321, 0x8110, 0x0000, 0xC218, 0x8210, 0xA218, 0xC218, 0x0321, 0xE318, 0xC318, 0xC218, 0xA218, 0xA210,
  0x8110, 0x8110, 0xA210, 0x2519, 0xA729, 0xC831, 0xA731, 0x6A4A, 0x6621, 0xE508, 0xC408, 0x0000, 0x0519, 0x083A, 0x4529, 0xE318,
  0x8631, 0xA631, 0xE320, 0x074A, 0x8C8B, 0x6B7B, 0x0E8C, 0xB1A4, 0x13A5, 0x7194, 0xD394, 0x76A5, 0xD8AD, 0x769D, 0xF58C, 0x737C,
  0xE931, 0x0000, 0x6721, 0x4E5B, 0x727C, 0x359D, 0xD8AD, 0xD7B5, 0xB6AD, 0x75A5, 0x75AD, 0xB5C5, 0xB0A4, 0x2E9C, 0x6B7B, 0x074A,
  0xE641, 0xAA5A, 0x8631, 0x0421, 0x6952, 0x4D6B, 0x4529, 0x6529, 0xA729, 0xE829, 0xEC4A, 0xEF73, 0x6D63, 0xAB4A, 0x4B32, 0x0A2A,
  0x8721, 0x2419, 0xE318, 0xE320, 0x0421, 0x2421, 0x4429, 0x6529, 0x6529, 0x4429, 0xA210, 0x0000, 0xA210, 0x0000, 0xE320, 0x6531,
  0x6539, 0x8541, 0x6439, 0x0321, 0xE318, 0xA310, 0xC318, 0x0421, 0x2421, 0x4529, 0x4529, 0x6529, 0x8631, 0xA631, 0xE739, 0xC739,
  0xA631, 0x0842, 0x8A52, 0x0842, 0xC739, 0x6A4A, 0xE839, 0xA729, 0x2519, 0x0000, 0x0000, 0x0000, 0x0000, 0x0000, 0x0000, 0x0000,
  0x0000, 0x0000, 0x0000, 0x0000, 0x0000, 0x0000, 0x0000, 0x0000, 0x0000, 0x0000, 0x0000, 0x0000, 0x0000, 0x0000, 0x0000, 0x0000,
  0x0000, 0x0000, 0x0000, 0x0000, 0x0000, 0x0000, 0x0000, 0x0000, 0x0000, 0x0000, 0x0000, 0x0000, 0x0000, 0x0000, 0x0000, 0x0000,
  0x0000, 0x0000, 0x0000, 0x0000, 0x0000, 0x0000, 0x0000, 0x0000, 0x0000, 0x0000, 0x0000, 0x0000, 0x0000, 0x0000, 0x0000, 0x0000,
  0x0000, 0x0000, 0x0000, 0x0000, 0x0000, 0x0000, 0x0000, 0x0000, 0x0000, 0x0000, 0x0000, 0x0000, 0x0000, 0x0000, 0x0000, 0x0000,
  0x0000, 0x0000, 0x0000, 0x0000, 0x0000, 0x0000, 0x0000, 0x0000, 0x0000, 0x0000, 0x0000, 0x0000, 0x0000, 0x0000, 0x0000, 0x0000,
  0x0000, 0x0000, 0x0000, 0x0000, 0x0000, 0x0000, 0x0000, 0x0000, 0x0000, 0x0000, 0x0000, 0x0000, 0x0000, 0x0000, 0x0000, 0x0000,
  0x0000, 0x0000, 0x0000, 0x0000, 0x0000, 0x0000, 0x0000, 0x0000, 0x0000, 0x0000, 0x0000, 0x0000, 0x0000, 0x0000, 0x0000, 0x0000,
  0x0000, 0x0000, 0x0000, 0x0000, 0x0000, 0x0000, 0x0000, 0x0000, 0x0000, 0x0000, 0x0000, 0x0000, 0x0000, 0x0000, 0x0000, 0x0000,
  0x0000, 0x0000, 0x0000, 0x0000, 0x0000, 0x0000, 0x0000, 0x0000, 0x0000, 0x0000, 0x0000, 0x0000, 0x0000, 0x0000, 0x0000, 0x0000,
  0x0000, 0x0000, 0x0000, 0x0000, 0x0000, 0x0000, 0x0000, 0x0000, 0x0000, 0xA310, 0x4521, 0xC731, 0x2942, 0x0842, 0xA631, 0x4529,
  0x4529, 0x2521, 0x8629, 0x6529, 0xE318, 0x2521, 0xC318, 0xA210, 0x0000, 0xC318, 0xE318, 0xE320, 0xC218, 0x8210, 0x0000, 0x0000,
  0x0000, 0xC218, 0xC318, 0xA210, 0xA210, 0xE318, 0xC318, 0xA210, 0xA210, 0x0000, 0x0000, 0xA210, 0x4519, 0xC829, 0xC821, 0x8721,
  0xA729, 0xCC42, 0x3264, 0x1264, 0x4F4B, 0x4E5B, 0x2C6B, 0x0B6B, 0xCA62, 0x0B6B, 0x0B63, 0xAA5A, 0xEB62, 0x4B73, 0xAD83, 0x6F9C,
  0xAD8B, 0x7094, 0x54AD, 0xB19C, 0xAE73, 0x728C, 0xF49C, 0xB38C, 0x2D63, 0x093A, 0xF173, 0x4E5B, 0x6B42, 0x2519, 0xA729, 0x0D53,
  0x8F6B, 0x4942, 0x2C5B, 0xCF7B, 0xB294, 0xF49C, 0xD394, 0x55AD, 0xD6BD, 0x33AD, 0xF1AC, 0xF2AC, 0x919C, 0xCE83, 0x0F8C, 0x4C6B,
  0x6C73, 0xEE83, 0x0E8C, 0x5094, 0x508C, 0x718C, 0x148D, 0xD37C, 0x526C, 0xAB42, 0x0419, 0x0419, 0x8721, 0xE921, 0xA821, 0x2519,
  0xC318, 0xC218, 0x8210, 0xE318, 0x4529, 0x6529, 0xA631, 0x6529, 0xC739, 0xC639, 0xE318, 0x0000, 0x0000, 0x0000, 0xE320, 0x4431,
  0x8439, 0x8539, 0x4429, 0xE318, 0x4521, 0x8631, 0x2521, 0x8631, 0xA631, 0xE739, 0x494A, 0xC739, 0x0842, 0x0842, 0x8A52, 0xCB52,
  0xE839, 0x2942, 0x4942, 0x6629, 0x4519, 0x0419, 0x0000, 0x0000, 0x0000, 0x0000, 0x0000, 0x0000, 0x0000, 0x0000, 0x0000, 0x0000,
  0x0000, 0x0000, 0x0000, 0x0000, 0x0000, 0x0000, 0x0000, 0x0000, 0x0000, 0x0000, 0x0000, 0x0000, 0x0000, 0x0000, 0x0000, 0x0000,
  0x0000, 0x0000, 0x0000, 0x0000, 0x0000, 0x0000, 0x0000, 0x0000, 0x0000, 0x0000, 0x0000, 0x0000, 0x0000, 0x0000, 0x0000, 0x0000,
  0x0000, 0x0000, 0x0000, 0x0000, 0x0000, 0x0000, 0x0000, 0x0000, 0x0000, 0x0000, 0x0000, 0x0000, 0x0000, 0x0000, 0x0000, 0x0000,
  0x0000, 0x0000, 0x0000, 0x0000, 0x0000, 0x0000, 0x0000, 0x0000, 0x0000, 0x0000, 0x0000, 0x0000, 0x0000, 0x0000, 0x0000, 0x0000,
  0x0000, 0x0000, 0x0000, 0x0000, 0x0000, 0x0000, 0x0000, 0x0000, 0x0000, 0x0000, 0x0000, 0x0000, 0x0000, 0x0000, 0x0000, 0x0000,
  0x0000, 0x0000, 0x0000, 0x0000, 0x0000, 0x0000, 0x0000, 0x0000, 0x0000, 0x0000, 0x0000, 0x0000, 0x0000, 0x0000, 0x0000, 0x0000,
  0x0000, 0x0000, 0x0000, 0x0000, 0x0000, 0x0000, 0x0000, 0x0000, 0x0000, 0x0000, 0x0000, 0x0000, 0x0000, 0x0000, 0x0000, 0x0000,
  0x0000, 0x0000, 0x0000, 0x0000, 0x0000, 0x0000, 0x0000, 0x0000, 0x0000, 0x0000, 0x0000, 0x0000, 0x0000, 0x0000, 0x0000, 0x0000,
  0x0000, 0x0000, 0x0000, 0x0000, 0x0000, 0x0000, 0x0000, 0x0000, 0x0000, 0x0000, 0x0000, 0x0000, 0x0000, 0x0000, 0x0000, 0x0000,
  0x0000, 0x0000, 0x0000, 0x0000, 0x8208, 0x2519, 0x283A, 0x6942, 0x8629, 0x8629, 0xA731, 0xE739, 0xA631, 0xC739, 0x6529, 0x2421,
  0xE418, 0xA210, 0xC318, 0x0421, 0x0421, 0x2429, 0xC218, 0x0000, 0x0000, 0x0000, 0x0000, 0x0000, 0x0000, 0x0000, 0x0000, 0x0000,
  0x0000, 0x0000, 0x0000, 0x0000, 0x0000, 0x0511, 0xC821, 0x0922, 0x6619, 0xC310, 0x0519, 0x2A32, 0x6F43, 0x9143, 0x6F53, 0xCF73,
  0x508C, 0x919C, 0x2F8C, 0x0F8C, 0x0B6B, 0xCA5A, 0x0B63, 0xCA5A, 0x0B6B, 0xCE83, 0x8D73, 0xA639, 0x484A, 0x6D6B, 0xAA52, 0x8A52,
  0x8E73, 0x0C63, 0xE839, 0x2D5B, 0x0C5B, 0x2D63, 0xAB4A, 0x6A42, 0x0932, 0xC410, 0xA729, 0x6A42, 0xAB4A, 0x4D63, 0x694A, 0x694A,
  0xA631, 0xAE73, 0xF39C, 0xEF7B, 0x1084, 0x8D6B, 0xCA5A, 0x2C6B, 0x4C6B, 0x8D73, 0x4D6B, 0x2C6B, 0x0B63, 0x4C6B, 0x0F8C, 0xB19C,
  0xD29C, 0xF29C, 0x13AD, 0x308C, 0x4D5B, 0x0D3B, 0x4F43, 0xCC3A, 0xA629, 0xC218, 0xA210, 0x2519, 0x4621, 0x4621, 0xE418, 0x0000,
  0x0000, 0x0000, 0xE318, 0x0321, 0xC318, 0xA210, 0xE318, 0xA210, 0x0000, 0x0000, 0x8210, 0xE318, 0x0000, 0xE320, 0x8539, 0xE641,
  0xA639, 0xA639, 0x6529, 0x6629, 0xC739, 0x2842, 0xCA5A, 0x494A, 0xC731, 0xE839, 0x4942, 0x4942, 0x8A4A, 0x0842, 0x4942, 0x6621,
  0x0419, 0xC310, 0xA308, 0x0000, 0x0000, 0x0000, 0x0000, 0x0000, 0x0000, 0x0000, 0x0000, 0x0000, 0x0000, 0x0000, 0x0000, 0x0000,
  0x0000, 0x0000, 0x0000, 0x0000, 0x0000, 0x0000, 0x0000, 0x0000, 0x0000, 0x0000, 0x0000, 0x0000, 0x0000, 0x0000, 0x0000, 0x0000,
  0x0000, 0x0000, 0x0000, 0x0000, 0x0000, 0x0000, 0x0000, 0x0000, 0x0000, 0x0000, 0x0000, 0x0000, 0x0000, 0x0000, 0x0000, 0x0000,
  0x0000, 0x0000, 0x0000, 0x0000, 0x0000, 0x0000, 0x0000, 0x0000, 0x0000, 0x0000, 0x0000, 0x0000, 0x0000, 0x0000, 0x0000, 0x0000,
  0x0000, 0x0000, 0x0000, 0x0000, 0x0000, 0x0000, 0x0000, 0x0000, 0x0000, 0x0000, 0x0000, 0x0000, 0x0000, 0x0000, 0x0000, 0x0000,
  0x0000, 0x0000, 0x0000, 0x0000, 0x0000, 0x0000, 0x0000, 0x0000, 0x0000, 0x0000, 0x0000, 0x0000, 0x0000, 0x0000, 0x0000, 0x0000,
  0x0000, 0x0000, 0x0000, 0x0000, 0x0000, 0x0000, 0x0000, 0x0000, 0x0000, 0x0000, 0x0000, 0x0000, 0x0000, 0x0000, 0x0000, 0x0000,
  0x0000, 0x0000, 0x0000, 0x0000, 0x0000, 0x0000, 0x0000, 0x0000, 0x0000, 0x0000, 0x0000, 0x0000, 0x0000, 0x0000, 0x0000, 0x0000,
  0x0000, 0x0000, 0x0000, 0x0000, 0x0000, 0x0000, 0x0000, 0x0000, 0x0000, 0x0000, 0x0000, 0x0000, 0x0000, 0x0000, 0x0000, 0x0000,
  0x0000, 0x0000, 0x0000, 0x0000, 0x0000, 0x0000, 0x0000, 0x0000, 0x0000, 0x0000, 0x0000, 0x0000, 0x0000, 0x0000, 0x0000, 0x0000,
  0x0419, 0x4521, 0x8A4A, 0x093A, 0x6A4A, 0x694A, 0x8A52, 0x2842, 0xE739, 0x2842, 0x4529, 0xE318, 0xC318, 0x2421, 0x4529, 0x0421,
  0x0321, 0xC318, 0xC318, 0xA210, 0x0000, 0x0000, 0x0000, 0x0000, 0x0000, 0x0000, 0x0000, 0x0000, 0x0000, 0x0000, 0x8208, 0x8721,
  0x2A2A, 0xA819, 0xC408, 0x0000, 0x4529, 0x8B3A, 0xEE42, 0x8C32, 0x6719, 0xC318, 0xC641, 0xAA5A, 0x894A, 0x6952, 0xE741, 0x4529,
  0xC318, 0xC318, 0x8210, 0xA310, 0xC310, 0x8629, 0x2519, 0x8208, 0xE739, 0x2942, 0x0421, 0xE318, 0x0C5B, 0x494A, 0x2421, 0x0D5B,
  0x2D5B, 0xCC52, 0x8B4A, 0x293A, 0x6621, 0xC410, 0x6621, 0x0932, 0x4942, 0x2942, 0x0842, 0xEC5A, 0x8631, 0xA631, 0xEB5A, 0x4942,
  0x0419, 0x8A4A, 0x0C5B, 0x2521, 0xA721, 0x8721, 0xC410, 0xA308, 0x0000, 0xA310, 0xC318, 0x2421, 0x4429, 0xAA5A, 0x8E73, 0xCB5A,
  0xC741, 0x2429, 0x0419, 0xE929, 0xED42, 0x4E53, 0xCB4A, 0x8531, 0xA218, 0x0000, 0xA308, 0xC310, 0xA310, 0x0000, 0xA210, 0xA310,
  0x0000, 0x0000, 0x0000, 0x0000, 0xA210, 0xC318, 0x0000, 0x0421, 0x2421, 0x4529, 0xA210, 0xE318, 0x8531, 0x8531, 0x274A, 0xE741,
  0x8629, 0xE739, 0xE739, 0xCB5A, 0xEB5A, 0x0842, 0xCB52, 0x4942, 0xE839, 0x2942, 0x2942, 0xA731, 0xE418, 0xC310, 0x0000, 0x8308,
  0x0000, 0x0000, 0x0000, 0x0000, 0x0000, 0x0000, 0x0000, 0x0000, 0x0000, 0x0000, 0x0000, 0x0000, 0x0000, 0x0000, 0x0000, 0x0000,
  0x0000, 0x0000, 0x0000, 0x0000, 0x0000, 0x0000, 0x0000, 0x0000, 0x0000, 0x0000, 0x0000, 0x0000, 0x0000, 0x0000, 0x0000, 0x0000,
  0x0000, 0x0000, 0x0000, 0x0000, 0x0000, 0x0000, 0x0000, 0x0000, 0x0000, 0x0000, 0x0000, 0x0000, 0x0000, 0x0000, 0x0000, 0x0000,
  0x0000, 0x0000, 0x0000, 0x0000, 0x0000, 0x0000, 0x0000, 0x0000, 0x0000, 0x0000, 0x0000, 0x0000, 0x0000, 0x0000, 0x0000, 0x0000,
  0x0000, 0x0000, 0x0000, 0x0000, 0x0000, 0x0000, 0x0000, 0x0000, 0x0000, 0x0000, 0x0000, 0x0000, 0x0000, 0x0000, 0x0000, 0x0000,
  0x0000, 0x0000, 0x0000, 0x0000, 0x0000, 0x0000, 0x0000, 0x0000, 0x0000, 0x0000, 0x0000, 0x0000, 0x0000, 0x0000, 0x0000, 0x0000,
  0x0000, 0x0000, 0x0000, 0x0000, 0x0000, 0x0000, 0x0000, 0x0000, 0x0000, 0x0000, 0x0000, 0x0000, 0x0000, 0x0000, 0x0000, 0x0000,
  0x0000, 0x0000, 0x0000, 0x0000, 0x0000, 0x0000, 0x0000, 0x0000, 0x0000, 0x0000, 0x0000, 0x0000, 0x0000, 0x0000, 0x0000, 0x0000,
  0x0000, 0x0000, 0x0000, 0x0000, 0x0000, 0x0000, 0x0000, 0x0000, 0x0000, 0x0000, 0x0000, 0x0000, 0x0000, 0x0000, 0x0000, 0x0000,
  0x0000, 0x0000, 0x0000, 0x0000, 0x0000, 0x0000, 0x0000, 0x0000, 0x0000, 0x0000, 0xA208, 0xA310, 0x2519, 0x283A, 0x6A4A, 0xC731,
  0x4942, 0x694A, 0xEB5A, 0xAA52, 0x694A, 0xA739, 0xA310, 0x0421, 0x4529, 0x2421, 0xC318, 0xE318, 0x2421, 0x2421, 0xC318, 0xC318,
  0xA210, 0xA210, 0x0000, 0x0000, 0x0000, 0x0000, 0x0000, 0x0000, 0xC310, 0xE829, 0x092A, 0x2511, 0x0000, 0xC220, 0xE649, 0xEC5A,
  0xCD42, 0xA921, 0xC410, 0x0000, 0x0000, 0xE318, 0xE829, 0xC731, 0x4529, 0x0000, 0x0000, 0xA310, 0x0000, 0x0000, 0x6619, 0x0511,
  0xC408, 0x2A2A, 0xC731, 0xC739, 0x494A, 0x2D5B, 0xE739, 0xA731, 0x6E6B, 0x0C63, 0x0D5B, 0xAB4A, 0xE831, 0x8B4A, 0x2A3A, 0x2A3A,
  0x6721, 0xC410, 0x4619, 0xC829, 0x4A3A, 0x4A42, 0xC839, 0x8A4A, 0xEC5A, 0xCB5A, 0xAA52, 0x2842, 0xC739, 0x0842, 0xAF6B, 0xAB52,
  0x083A, 0x0D43, 0x4619, 0x6719, 0xC829, 0x8210, 0x8308, 0x4519, 0xC318, 0x4429, 0x284A, 0xAB52, 0xCC4A, 0xE831, 0x0421, 0xC318,
  0xE320, 0x6629, 0x6A42, 0x6D6B, 0x8C83, 0xA862, 0x0229, 0x0000, 0x0000, 0x0000, 0x8210, 0x0421, 0xE418, 0x0000, 0x0000, 0x0000,
  0x0000, 0x0000, 0xA210, 0xC318, 0x0421, 0x4529, 0xA631, 0x6529, 0x6529, 0x0421, 0x0000, 0xC639, 0x0742, 0x0842, 0x4942, 0xE739,
  0x494A, 0xEC5A, 0x494A, 0xEC5A, 0x293A, 0x2942, 0xC731, 0xE839, 0x8629, 0x4521, 0x0000, 0x0000, 0x0000, 0x8208, 0x0000, 0x0000,
  0x0000, 0x0000, 0x0000, 0x0000, 0x0000, 0x0000, 0x0000, 0x0000, 0x0000, 0x0000, 0x0000, 0x0000, 0x0000, 0x0000, 0x0000, 0x0000,
  0x0000, 0x0000, 0x0000, 0x0000, 0x0000, 0x0000, 0x0000, 0x0000, 0x0000, 0x0000, 0x0000, 0x0000, 0x0000, 0x0000, 0x0000, 0x0000,
  0x0000, 0x0000, 0x0000, 0x0000, 0x0000, 0x0000, 0x0000, 0x0000, 0x0000, 0x0000, 0x0000, 0x0000, 0x0000, 0x0000, 0x0000, 0x0000,
  0x0000, 0x0000, 0x0000, 0x0000, 0x0000, 0x0000, 0x0000, 0x0000, 0x0000, 0x0000, 0x0000, 0x0000, 0x0000, 0x0000, 0x0000, 0x0000,
  0x0000, 0x0000, 0x0000, 0x0000, 0x0000, 0x0000, 0x0000, 0x0000, 0x0000, 0x0000, 0x0000, 0x0000, 0x0000, 0x0000, 0x0000, 0x0000,
  0x0000, 0x0000, 0x0000, 0x0000, 0x0000, 0x0000, 0x0000, 0x0000, 0x0000, 0x0000, 0x0000, 0x0000, 0x0000, 0x0000, 0x0000, 0x0000,
  0x0000, 0x0000, 0x0000, 0x0000, 0x0000, 0x0000, 0x0000, 0x0000, 0x0000, 0x0000, 0x0000, 0x0000, 0x0000, 0x0000, 0x0000, 0x0000,
  0x0000, 0x0000, 0x0000, 0x0000, 0x0000, 0x0000, 0x0000, 0x0000, 0x0000, 0x0000, 0x0000, 0x0000, 0x0000, 0x0000, 0x0000, 0x0000,
  0x0000, 0x0000, 0x0000, 0x0000, 0x0000, 0x0000, 0x0000, 0x0000, 0x0000, 0x0000, 0x0000, 0x0000, 0x0000, 0x0000, 0x0000, 0x0000,
  0x0000, 0x0000, 0x0000, 0x0000, 0x0000, 0x0000, 0x0000, 0x2519, 0xC731, 0xE839, 0x0521, 0xA731, 0x8A4A, 0x8A4A, 0x0842, 0x6629,
  0x2421, 0xE318, 0x0421, 0x8631, 0x6529, 0xC318, 0x0421, 0x4529, 0x6529, 0x4529, 0x6529, 0x4529, 0xE318, 0x0000, 0x0000, 0x0000,
  0x0000, 0xE418, 0xA729, 0xE829, 0xC821, 0xA308, 0x0000, 0x4331, 0x475A, 0xAA5A, 0x2A3A, 0x4719, 0x6308, 0x0000, 0x0000, 0x0000,
  0xC821, 0x6B32, 0x8721, 0xC318, 0xE318, 0x2932, 0x6B3A, 0x4529, 0xE749, 0xEC52, 0x092A, 0xA729, 0x8B42, 0xEC5A, 0xAA5A, 0xAB52,
  0x8E6B, 0xEC5A, 0x083A, 0x093A, 0x093A, 0x083A, 0x4A42, 0x6A42, 0x8B42, 0xE929, 0x6721, 0x2619, 0xC408, 0x0000, 0x8208, 0xE410,
  0x6721, 0x0932, 0x6B42, 0xEC52, 0x8A4A, 0x4942, 0x283A, 0x6A4A, 0xCB5A, 0xCB5A, 0x2D63, 0x3184, 0x0C63, 0xAA52, 0x6E63, 0x083A,
  0xAB42, 0xAE6B, 0x895A, 0x8952, 0xEB52, 0x0B5B, 0xAA52, 0x4529, 0x6629, 0xED4A, 0xCC42, 0xC729, 0xE318, 0xA218, 0x8210, 0xC318,
  0x8531, 0xCA5A, 0x8C83, 0x297B, 0x055A, 0xC220, 0x0000, 0x0000, 0x0421, 0x4629, 0xA210, 0x8210, 0xA210, 0xC318, 0x0421, 0x0421,
  0xE320, 0x6529, 0x4429, 0xC639, 0xA631, 0x0842, 0xC731, 0x0000, 0xE318, 0xA731, 0x2842, 0x694A, 0x6A4A, 0x8A4A, 0xC731, 0xC731,
  0xC731, 0xE839, 0xC731, 0xC731, 0x6621, 0x2521, 0x4521, 0x0000, 0x0000, 0x0000, 0x0000, 0x0000, 0x0000, 0x0000, 0x0000, 0x0000,
  0x0000, 0x0000, 0x0000, 0x0000, 0x0000, 0x0000, 0x0000, 0x0000, 0x0000, 0x0000, 0x0000, 0x0000, 0x0000, 0x0000, 0x0000, 0x0000,
  0x0000, 0x0000, 0x0000, 0x0000, 0x0000, 0x0000, 0x0000, 0x0000, 0x0000, 0x0000, 0x0000, 0x0000, 0x0000, 0x0000, 0x0000, 0x0000,
  0x0000, 0x0000, 0x0000, 0x0000, 0x0000, 0x0000, 0x0000, 0x0000, 0x0000, 0x0000, 0x0000, 0x0000, 0x0000, 0x0000, 0x0000, 0x0000,
  0x0000, 0x0000, 0x0000, 0x0000, 0x0000, 0x0000, 0x0000, 0x0000, 0x0000, 0x0000, 0x0000, 0x0000, 0x0000, 0x0000, 0x0000, 0x0000,
  0x0000, 0x0000, 0x0000, 0x0000, 0x0000, 0x0000, 0x0000, 0x0000, 0x0000, 0x0000, 0x0000, 0x0000, 0x0000, 0x0000, 0x0000, 0x0000,
  0x0000, 0x0000, 0x0000, 0x0000, 0x0000, 0x0000, 0x0000, 0x0000, 0x0000, 0x0000, 0x0000, 0x0000, 0x0000, 0x0000, 0x0000, 0x0000,
  0x0000, 0x0000, 0x0000, 0x0000, 0x0000, 0x0000, 0x0000, 0x0000, 0x0000, 0x0000, 0x0000, 0x0000, 0x0000, 0x0000, 0x0000, 0x0000,
  0x0000, 0x0000, 0x0000, 0x0000, 0x0000, 0x0000, 0x0000, 0x0000, 0x0000, 0x0000, 0x0000, 0x0000, 0x0000, 0x0000, 0x0000, 0x0000,
  0x0000, 0x0000, 0x0000, 0x0000, 0x0000, 0x0000, 0x0000, 0x0000, 0x0000, 0x0000, 0x0000, 0x0000, 0x0000, 0x0000, 0x0000, 0x0000,
  0x0000, 0x0000, 0x0000, 0x6621, 0x083A, 0x6621, 0xE831, 0x8A4A, 0x083A, 0x8629, 0x6629, 0x4529, 0x2521, 0x0421, 0x2521, 0xC739,
  0x8631, 0xC639, 0x2842, 0xA631, 0x8531, 0x2429, 0x2421, 0xE318, 0xA210, 0xA218, 0xA218, 0xE418, 0x293A, 0xAC3A, 0xA721, 0x0000,
  0xC220, 0xC549, 0x275A, 0x074A, 0xA829, 0x0511, 0x8308, 0x0000, 0x0000, 0x0000, 0x8719, 0xCD32, 0xE921, 0x8208, 0x0000, 0x8621,
  0x6F4B, 0xED42, 0xC739, 0x2B7B, 0x8F73, 0x2942, 0x8A52, 0x4942, 0xC739, 0x6529, 0xA731, 0x4521, 0x2521, 0x4621, 0xC410, 0x0519,
  0x8729, 0x093A, 0x4A3A, 0x6B3A, 0x8721, 0x0511, 0x8208, 0x6200, 0x0000, 0x0000, 0x0000, 0x0000, 0xC410, 0x0519, 0xA729, 0x2A3A,
  0x6A42, 0xC831, 0x8729, 0x0519, 0x6629, 0x2519, 0x4529, 0xA731, 0xC731, 0xC739, 0xE739, 0x6A4A, 0xAA52, 0xAA52, 0x8E6B, 0xEE8B,
  0x2A73, 0xEC52, 0xB063, 0x4D5B, 0x2521, 0x8210, 0x8729, 0xCC42, 0xCC42, 0x8629, 0x0000, 0xA210, 0xE318, 0x0000, 0x8208, 0xE841,
  0x0B73, 0x297B, 0x2562, 0x0231, 0x0000, 0xC318, 0x6629, 0x2421, 0x2429, 0x0421, 0x4429, 0xA631, 0xA639, 0xC639, 0xC639, 0xA639,
  0x0742, 0xC739, 0xCA5A, 0x494A, 0x0000, 0x8210, 0xA631, 0x8631, 0xA731, 0x4A4A, 0x4942, 0x4942, 0x8631, 0xE839, 0x083A, 0x083A,
  0x8629, 0xC310, 0xE418, 0x0419, 0x0000, 0x0000, 0x0000, 0x0000, 0x0000, 0x0000, 0x0000, 0x0000, 0x0000, 0x0000, 0x0000, 0x0000,
  0x0000, 0x0000, 0x0000, 0x0000, 0x0000, 0x0000, 0x0000, 0x0000, 0x0000, 0x0000, 0x0000, 0x0000, 0x0000, 0x0000, 0x0000, 0x0000,
  0x0000, 0x0000, 0x0000, 0x0000, 0x0000, 0x0000, 0x0000, 0x0000, 0x0000, 0x0000, 0x0000, 0x0000, 0x0000, 0x0000, 0x0000, 0x0000,
  0x0000, 0x0000, 0x0000, 0x0000, 0x0000, 0x0000, 0x0000, 0x0000, 0x0000, 0x0000, 0x0000, 0x0000, 0x0000, 0x0000, 0x0000, 0x0000,
  0x0000, 0x0000, 0x0000, 0x0000, 0x0000, 0x0000, 0x0000, 0x0000, 0x0000, 0x0000, 0x0000, 0x0000, 0x0000, 0x0000, 0x0000, 0x0000,
  0x0000, 0x0000, 0x0000, 0x0000, 0x0000, 0x0000, 0x0000, 0x0000, 0x0000, 0x0000, 0x0000, 0x0000, 0x0000, 0x0000, 0x0000, 0x0000,
  0x0000, 0x0000, 0x0000, 0x0000, 0x0000, 0x0000, 0x0000, 0x0000, 0x0000, 0x0000, 0x0000, 0x0000, 0x0000, 0x0000, 0x0000, 0x0000,
  0x0000, 0x0000, 0x0000, 0x0000, 0x0000, 0x0000, 0x0000, 0x0000, 0x0000, 0x0000, 0x0000, 0x0000, 0x0000, 0x0000, 0x0000, 0x0000,
  0x0000, 0x0000, 0x0000, 0x0000, 0x0000, 0x0000, 0x0000, 0x0000, 0x0000, 0x0000, 0x0000, 0x0000, 0x0000, 0x0000, 0x0000, 0x0000,
  0x0000, 0x0000, 0x0000, 0x0000, 0x0000, 0x0000, 0x0000, 0x0000, 0x0000, 0x0000, 0x0000, 0x0000, 0x0000, 0x0000, 0xA310, 0x6629,
  0x6621, 0x6629, 0xE839, 0xE839, 0x4521, 0x0421, 0x0419, 0x0421, 0xC318, 0x4529, 0x494A, 0x8952, 0x484A, 0x0842, 0x694A, 0x0742,
  0x6529, 0xE318, 0x0421, 0x0321, 0x2421, 0x8629, 0x6A3A, 0x8B3A, 0x8721, 0xA210, 0x0231, 0x6662, 0x6762, 0x6431, 0x4521, 0x0511,
  0x6208, 0x0000, 0x0000, 0x0000, 0x0511, 0x6B2A, 0x4A2A, 0xC410, 0x0000, 0x0000, 0xCC3A, 0xD14B, 0x8719, 0x6539, 0x8D7B, 0xAA52,
  0x0421, 0x4529, 0xE418, 0x0421, 0x0000, 0x8208, 0xA308, 0x0000, 0xE418, 0xA310, 0xE418, 0x8721, 0x8721, 0x4621, 0x2619, 0x2611,
  0xA308, 0x0000, 0x0000, 0x0000, 0x0000, 0x0000, 0x0000, 0x0000, 0x0000, 0x0000, 0x0511, 0xE510, 0x2619, 0x4621, 0xA829, 0xA729,
  0x4621, 0x6621, 0x8310, 0x8210, 0xE418, 0x8208, 0xA310, 0x4521, 0x0421, 0x4529, 0x083A, 0x0D5B, 0x4C73, 0x0A73, 0x4942, 0xCD42,
  0x326C, 0xCC4A, 0x0421, 0xC318, 0xA729, 0xAB42, 0x8B42, 0x0419, 0x0000, 0x2421, 0xA218, 0x0000, 0xC310, 0x6629, 0x6952, 0xA772,
  0x456A, 0xA449, 0xE320, 0x8631, 0xC739, 0x8639, 0xC639, 0x484A, 0xE741, 0x0742, 0x484A, 0x684A, 0x484A, 0x2842, 0x2842, 0x2C63,
  0x0C63, 0x6629, 0xA310, 0x4529, 0x8731, 0x8629, 0xC731, 0xE839, 0xAB52, 0x4942, 0xE839, 0x8629, 0xC310, 0xE410, 0xA310, 0x8208,
  0x0000, 0x0000, 0x0000, 0x0000, 0x0000, 0x0000, 0x0000, 0x0000, 0x0000, 0x0000, 0x0000, 0x0000, 0x0000, 0x0000, 0x0000, 0x0000,
  0x0000, 0x0000, 0x0000, 0x0000, 0x0000, 0x0000, 0x0000, 0x0000, 0x0000, 0x0000, 0x0000, 0x0000, 0x0000, 0x0000, 0x0000, 0x0000,
  0x0000, 0x0000, 0x0000, 0x0000, 0x0000, 0x0000, 0x0000, 0x0000, 0x0000, 0x0000, 0x0000, 0x0000, 0x0000, 0x0000, 0x0000, 0x0000,
  0x0000, 0x0000, 0x0000, 0x0000, 0x0000, 0x0000, 0x0000, 0x0000, 0x0000, 0x0000, 0x0000, 0x0000, 0x0000, 0x0000, 0x0000, 0x0000,
  0x0000, 0x0000, 0x0000, 0x0000, 0x0000, 0x0000, 0x0000, 0x0000, 0x0000, 0x0000, 0x0000, 0x0000, 0x0000, 0x0000, 0x0000, 0x0000,
  0x0000, 0x0000, 0x0000, 0x0000, 0x0000, 0x0000, 0x0000, 0x0000, 0x0000, 0x0000, 0x0000, 0x0000, 0x0000, 0x0000, 0x0000, 0x0000,
  0x0000, 0x0000, 0x0000, 0x0000, 0x0000, 0x0000, 0x0000, 0x0000, 0x0000, 0x0000, 0x0000, 0x0000, 0x0000, 0x0000, 0x0000, 0x0000,
  0x0000, 0x0000, 0x0000, 0x0000, 0x0000, 0x0000, 0x0000, 0x0000, 0x0000, 0x0000, 0x0000, 0x0000, 0x0000, 0x0000, 0x0000, 0x0000,
  0x0000, 0x0000, 0x0000, 0x0000, 0x0000, 0x0000, 0x0000, 0x0000, 0x0000, 0x0000, 0x0000, 0x0000, 0x0000, 0x0000, 0x0000, 0x0000,
  0x0000, 0x0000, 0x0000, 0x0000, 0x0000, 0x0000, 0x0000, 0x0000, 0x0000, 0xA310, 0x2419, 0x0419, 0xA310, 0xA731, 0x8629, 0x0419,
  0x8629, 0xE418, 0x8310, 0x2521, 0x6629, 0x2842, 0xCB5A, 0x484A, 0x8952, 0x8952, 0x484A, 0xC639, 0x0321, 0x2429, 0x8531, 0xC731,
  0xAB4A, 0xCC4A, 0xE831, 0xC318, 0x4331, 0x6662, 0x876A, 0x2329, 0xC318, 0x8629, 0xE318, 0x0000, 0x0000, 0x0000, 0x8208, 0x2A2A,
  0x6B2A, 0x0511, 0x0000, 0x0000, 0x8619, 0x9143, 0xCE32, 0x8308, 0x2752, 0x2D63, 0x2521, 0x8208, 0x2932, 0xA210, 0x2519, 0x2519,
  0xA308, 0x8721, 0x0000, 0x0000, 0x0519, 0x8208, 0x0519, 0xA821, 0x8308, 0xA308, 0x0000, 0x8308, 0x6208, 0x8308, 0xC310, 0xE418,
  0xA310, 0x8208, 0xA310, 0xE410, 0xC410, 0x6208, 0x6308, 0x6208, 0x8208, 0x6208, 0xC410, 0x8721, 0x4621, 0xE518, 0xA310, 0x0000,
  0xA310, 0xC829, 0xE418, 0xC829, 0x8629, 0x4529, 0x4942, 0xEC4A, 0x8B32, 0x4942, 0x8C83, 0x6852, 0xA829, 0x904B, 0xF15B, 0xE831,
  0x6110, 0xA218, 0xA729, 0xCC42, 0xE829, 0xC318, 0xC218, 0x0321, 0x8210, 0x0000, 0xA310, 0x6721, 0x2842, 0x876A, 0xA67A, 0xE551,
  0xA639, 0xE841, 0xC741, 0x6952, 0xCA5A, 0x6952, 0x6952, 0xEB62, 0x0B63, 0xEB62, 0xEB5A, 0x8A4A, 0x6D6B, 0x0C5B, 0xE839, 0xC318,
  0x2521, 0xA731, 0xC731, 0x8629, 0x083A, 0x4942, 0x293A, 0x083A, 0xC731, 0xE410, 0xA310, 0x0000, 0x0000, 0x0000, 0x0000, 0x0000,
  0x0000, 0x0000, 0x0000, 0x0000, 0x0000, 0x0000, 0x0000, 0x0000, 0x0000, 0x0000, 0x0000, 0x0000, 0x0000, 0x0000, 0x0000, 0x0000,
  0x0000, 0x0000, 0x0000, 0x0000, 0x0000, 0x0000, 0x0000, 0x0000, 0x0000, 0x0000, 0x0000, 0x0000, 0x0000, 0x0000, 0x0000, 0x0000,
  0x0000, 0x0000, 0x0000, 0x0000, 0x0000, 0x0000, 0x0000, 0x0000, 0x0000, 0x0000, 0x0000, 0x0000, 0x0000, 0x0000, 0x0000, 0x0000,
  0x0000, 0x0000, 0x0000, 0x0000, 0x0000, 0x0000, 0x0000, 0x0000, 0x0000, 0x0000, 0x0000, 0x0000, 0x0000, 0x0000, 0x0000, 0x0000,
  0x0000, 0x0000, 0x0000, 0x0000, 0x0000, 0x0000, 0x0000, 0x0000, 0x0000, 0x0000, 0x0000, 0x0000, 0x0000, 0x0000, 0x0000, 0x0000,
  0x0000, 0x0000, 0x0000, 0x0000, 0x0000, 0x0000, 0x0000, 0x0000, 0x0000, 0x0000, 0x0000, 0x0000, 0x0000, 0x0000, 0x0000, 0x0000,
  0x0000, 0x0000, 0x0000, 0x0000, 0x0000, 0x0000, 0x0000, 0x0000, 0x0000, 0x0000, 0x0000, 0x0000, 0x0000, 0x0000, 0x0000, 0x0000,
  0x0000, 0x0000, 0x0000, 0x0000, 0x0000, 0x0000, 0x0000, 0x0000, 0x0000, 0x0000, 0x0000, 0x0000, 0x0000, 0x0000, 0x0000, 0x0000,
  0x0000, 0x0000, 0x0000, 0x0000, 0x0000, 0x0000, 0x0000, 0x0000, 0x0000, 0x0000, 0x0000, 0x0000, 0x0000, 0x0000, 0x0000, 0x0000,
  0x0000, 0x0000, 0x0000, 0x0000, 0x0000, 0xC310, 0xC310, 0xA310, 0x8208, 0xA731, 0xA731, 0x8629, 0xA731, 0xA310, 0x4521, 0xA731,
  0x694A, 0x694A, 0x694A, 0xEB5A, 0x6D6B, 0xAA52, 0x2842, 0x6531, 0xE739, 0xAA4A, 0x0D53, 0x6A42, 0xA631, 0x2429, 0x4331, 0x876A,
  0x876A, 0xA539, 0xC218, 0x8629, 0xC739, 0x0329, 0xC218, 0xA218, 0x6110, 0x8721, 0x8B32, 0x4619, 0x0000, 0x0000, 0xC310, 0x8B2A,
  0xB14B, 0x8819, 0xA218, 0xCA6A, 0x2942, 0x0000, 0x8210, 0x8B32, 0xE418, 0x2521, 0xE829, 0x0000, 0xC829, 0x8208, 0x0000, 0x8208,
  0xA310, 0x0000, 0x6208, 0x0511, 0x0000, 0xA308, 0xA308, 0xC410, 0xA310, 0x2519, 0x6721, 0x6621, 0xE418, 0x4621, 0xA829, 0x6621,
  0x6721, 0xE410, 0x8208, 0xA310, 0xC410, 0x8208, 0x6208, 0xC410, 0x8308, 0x8208, 0xA310, 0x0000, 0x0000, 0xA310, 0x2932, 0xE418,
  0x8B3A, 0xA731, 0x8629, 0x4A3A, 0x2D4B, 0xEE3A, 0x4621, 0xCA6A, 0x4A7B, 0x8539, 0xE921, 0xF24B, 0xED3A, 0x0421, 0x0000, 0xA210,
  0x293A, 0xAB42, 0x8629, 0xA218, 0xA218, 0xC218, 0xE320, 0xE318, 0x6629, 0xE931, 0x284A, 0xC772, 0xE872, 0x064A, 0x8631, 0x2429,
  0xA631, 0xAA52, 0x4C6B, 0x6D6B, 0x0F84, 0xCE7B, 0x8D73, 0xEB5A, 0xCB5A, 0x0C5B, 0x8A4A, 0xC731, 0xE418, 0x8731, 0xE839, 0x083A,
  0x6629, 0xA731, 0xA729, 0x8629, 0x8629, 0x2521, 0x0519, 0x8208, 0x0000, 0x0000, 0x0000, 0x0000, 0x0000, 0x0000, 0x0000, 0x0000,
  0x0000, 0x0000, 0x0000, 0x0000, 0x0000, 0x0000, 0x0000, 0x0000, 0x0000, 0x0000, 0x0000, 0x0000, 0x0000, 0x0000, 0x0000, 0x0000,
  0x0000, 0x0000, 0x0000, 0x0000, 0x0000, 0x0000, 0x0000, 0x0000, 0x0000, 0x0000, 0x0000, 0x0000, 0x0000, 0x0000, 0x0000, 0x0000,
  0x0000, 0x0000, 0x0000, 0x0000, 0x0000, 0x0000, 0x0000, 0x0000, 0x0000, 0x0000, 0x0000, 0x0000, 0x0000, 0x0000, 0x0000, 0x0000,
  0x0000, 0x0000, 0x0000, 0x0000, 0x0000, 0x0000, 0x0000, 0x0000, 0x0000, 0x0000, 0x0000, 0x0000, 0x0000, 0x0000, 0x0000, 0x0000,
  0x0000, 0x0000, 0x0000, 0x0000, 0x0000, 0x0000, 0x0000, 0x0000, 0x0000, 0x0000, 0x0000, 0x0000, 0x0000, 0x0000, 0x0000, 0x0000,
  0x0000, 0x0000, 0x0000, 0x0000, 0x0000, 0x0000, 0x0000, 0x0000, 0x0000, 0x0000, 0x0000, 0x0000, 0x0000, 0x0000, 0x0000, 0x0000,
  0x0000, 0x0000, 0x0000, 0x0000, 0x0000, 0x0000, 0x0000, 0x0000, 0x0000, 0x0000, 0x0000, 0x0000, 0x0000, 0x0000, 0x0000, 0x0000,
  0x0000, 0x0000, 0x0000, 0x0000, 0x0000, 0x0000, 0x0000, 0x0000, 0x0000, 0x0000, 0x0000, 0x0000, 0x0000, 0x0000, 0x0000, 0x0000,
  0x0000, 0x0000, 0x0000, 0x0000, 0x0000, 0x0000, 0x0000, 0x0000, 0x0000, 0x0000, 0x0000, 0x0000, 0x0000, 0x0000, 0x0000, 0x0000,
  0x0000, 0x0000, 0x8210, 0x0000, 0xA310, 0xA731, 0xA731, 0xC731, 0x8629, 0xC310, 0xE418, 0xC731, 0x2842, 0x494A, 0x0C63, 0xAA52,
  0x8952, 0xE741, 0x2842, 0x6E63, 0x8E5B, 0xEC52, 0x4521, 0xC218, 0x8539, 0x8762, 0x297B, 0xE649, 0x4429, 0xA639, 0x284A, 0xA531,
  0x6531, 0x8539, 0xE320, 0x4421, 0x8B32, 0xE921, 0x0000, 0x0000, 0x0000, 0xA719, 0x0D3B, 0xED4A, 0xC420, 0x8449, 0xEA6A, 0x2521,
  0x0000, 0xC310, 0xCC3A, 0xE410, 0xC318, 0x4A32, 0x0000, 0xA721, 0xE418, 0x0000, 0x0000, 0xE410, 0x8208, 0x0000, 0x0000, 0x0511,
  0xC410, 0x0519, 0x4621, 0x8210, 0xE418, 0xC831, 0xC829, 0xA829, 0xC831, 0xA829, 0x6629, 0xE831, 0xA829, 0x4621, 0xA310, 0x0519,
  0x2619, 0xE410, 0xE510, 0x0511, 0xA310, 0xA310, 0xE410, 0x0519, 0xE418, 0xE418, 0x6621, 0x2932, 0x4521, 0xCC42, 0x2421, 0xA729,
  0x0932, 0x8B3A, 0x904B, 0x0519, 0xA641, 0x6A83, 0x0652, 0x8210, 0x8C2A, 0xB143, 0x4A32, 0xA218, 0x6110, 0x4529, 0x6A42, 0xAB4A,
  0xA639, 0x4431, 0x8531, 0x8539, 0xA539, 0x8531, 0x083A, 0x293A, 0xCA62, 0x087B, 0xE972, 0x0742, 0xA210, 0x2421, 0xC739, 0xEB5A,
  0xAE73, 0x0F7C, 0x5084, 0x5084, 0xAA52, 0x8A4A, 0x6942, 0x8629, 0xA731, 0x4629, 0xC731, 0x293A, 0xC731, 0xC731, 0x283A, 0x083A,
  0x4521, 0x8208, 0x6208, 0xC310, 0xA310, 0x8208, 0x0000, 0x0000, 0x0000, 0x0000, 0x0000, 0x0000, 0x0000, 0x0000, 0x0000, 0x0000,
  0x0000, 0x0000, 0x0000, 0x0000, 0x0000, 0x0000, 0x0000, 0x0000, 0x0000, 0x0000, 0x0000, 0x0000, 0x0000, 0x0000, 0x0000, 0x0000,
  0x0000, 0x0000, 0x0000, 0x0000, 0x0000, 0x0000, 0x0000, 0x0000, 0x0000, 0x0000, 0x0000, 0x0000, 0x0000, 0x0000, 0x0000, 0x0000,
  0x0000, 0x0000, 0x0000, 0x0000, 0x0000, 0x0000, 0x0000, 0x0000, 0x0000, 0x0000, 0x0000, 0x0000, 0x0000, 0x0000, 0x0000, 0x0000,
  0x0000, 0x0000, 0x0000, 0x0000, 0x0000, 0x0000, 0x0000, 0x0000, 0x0000, 0x0000, 0x0000, 0x0000, 0x0000, 0x0000, 0x0000, 0x0000,
  0x0000, 0x0000, 0x0000, 0x0000, 0x0000, 0x0000, 0x0000, 0x0000, 0x0000, 0x0000, 0x0000, 0x0000, 0x0000, 0x0000, 0x0000, 0x0000,
  0x0000, 0x0000, 0x0000, 0x0000, 0x0000, 0x0000, 0x0000, 0x0000, 0x0000, 0x0000, 0x0000, 0x0000, 0x0000, 0x0000, 0x0000, 0x0000,
  0x0000, 0x0000, 0x0000, 0x0000, 0x0000, 0x0000, 0x0000, 0x0000, 0x0000, 0x0000, 0x0000, 0x0000, 0x0000, 0x0000, 0x0000, 0x0000,
  0x0000, 0x0000, 0x0000, 0x0000, 0x0000, 0x0000, 0x0000, 0x0000, 0x0000, 0x0000, 0x0000, 0x0000, 0x0000, 0x0000, 0x0000, 0x0000,
  0x0000, 0x0000, 0x0000, 0x0000, 0x0000, 0x0000, 0x0000, 0x0000, 0x0000, 0x0000, 0x0000, 0x0000, 0x0000, 0x0000, 0x0000, 0x0000,
  0x0000, 0x2521, 0x2521, 0x2521, 0x0519, 0xA310, 0x8729, 0x083A, 0x2942, 0x2C63, 0x694A, 0xE739, 0xAA52, 0x2D5B, 0x8F63, 0x8A4A,
  0x8629, 0xC318, 0x0421, 0x895A, 0x6A83, 0xE96A, 0x6531, 0xC639, 0x484A, 0x274A, 0x6531, 0x4429, 0x6431, 0x0329, 0x2932, 0xCC3A,
  0x8621, 0x8118, 0x0000, 0xE418, 0x4A2A, 0x8B3A, 0xE841, 0xE328, 0x6762, 0x4852, 0xA308, 0x0000, 0xC310, 0xCC32, 0xE410, 0x0000,
  0x4A2A, 0xA210, 0x6621, 0xA721, 0xA210, 0xE418, 0xC318, 0x4619, 0xA310, 0xC310, 0xE418, 0x0519, 0x8721, 0xE931, 0xA729, 0xC310,
  0x6621, 0x4A3A, 0x093A, 0xE931, 0x6B42, 0xE931, 0x8729, 0xE931, 0xA829, 0x0932, 0x6621, 0x0519, 0x0932, 0xE929, 0x6621, 0x6619,
  0x2519, 0xE418, 0x2521, 0x6621, 0xE418, 0x6621, 0x0421, 0xE829, 0xE831, 0x8629, 0xAC3A, 0xE318, 0xA721, 0xE829, 0x293A, 0xAF53,
  0x8621, 0x8218, 0x8762, 0xC86A, 0xA118, 0xE410, 0xCC32, 0x2E4B, 0x8629, 0x0329, 0x4431, 0xE739, 0x6E63, 0xAA52, 0x0742, 0x274A,
  0x6852, 0x484A, 0x284A, 0x6952, 0x8B4A, 0x293A, 0x0A6B, 0x8B8B, 0x074A, 0x6529, 0x6529, 0xC739, 0xAA52, 0x0C63, 0x0F7C, 0xCE7B,
  0xAE73, 0x4942, 0x8A4A, 0xC731, 0x8629, 0x8731, 0x083A, 0xE839, 0xC731, 0x8629, 0xC731, 0xE831, 0x8629, 0xE410, 0x8208, 0x0000,
  0x0000, 0x0000, 0x0000, 0x0000, 0x0000, 0x0000, 0x0000, 0x0000, 0x0000, 0x0000, 0x0000, 0x0000, 0x0000, 0x0000, 0x0000, 0x0000,
  0x0000, 0x0000, 0x0000, 0x0000, 0x0000, 0x0000, 0x0000, 0x0000, 0x0000, 0x0000, 0x0000, 0x0000, 0x0000, 0x0000, 0x0000, 0x0000,
  0x0000, 0x0000, 0x0000, 0x0000, 0x0000, 0x0000, 0x0000, 0x0000, 0x0000, 0x0000, 0x0000, 0x0000, 0x0000, 0x0000, 0x0000, 0x0000,
  0x0000, 0x0000, 0x0000, 0x0000, 0x0000, 0x0000, 0x0000, 0x0000, 0x0000, 0x0000, 0x0000, 0x0000, 0x0000, 0x0000, 0x0000, 0x0000,
  0x0000, 0x0000, 0x0000, 0x0000, 0x0000, 0x0000, 0x0000, 0x0000, 0x0000, 0x0000, 0x0000, 0x0000, 0x0000, 0x0000, 0x0000, 0x0000,
  0x0000, 0x0000, 0x0000, 0x0000, 0x0000, 0x0000, 0x0000, 0x0000, 0x0000, 0x0000, 0x0000, 0x0000, 0x0000, 0x0000, 0x0000, 0x0000,
  0x0000, 0x0000, 0x0000, 0x0000, 0x0000, 0x0000, 0x0000, 0x0000, 0x0000, 0x0000, 0x0000, 0x0000, 0x0000, 0x0000, 0x0000, 0x0000,
  0x0000, 0x0000, 0x0000, 0x0000, 0x0000, 0x0000, 0x0000, 0x0000, 0x0000, 0x0000, 0x0000, 0x0000, 0x0000, 0x0000, 0x0000, 0x0000,
  0x0000, 0x0000, 0x0000, 0x0000, 0x0000, 0x0000, 0x0000, 0x0000, 0x0000, 0x0000, 0x0000, 0x0000, 0x0000, 0x0000, 0x0000, 0x0000,
  0x0000, 0x0000, 0x0000, 0x0000, 0x0000, 0x0000, 0x0000, 0x0000, 0x0000, 0x0000, 0x0000, 0x0000, 0xE418, 0x2521, 0xA310, 0x2519,
  0x2519, 0x6629, 0x083A, 0x694A, 0xAA52, 0x2842, 0x6A42, 0xAF6B, 0x4E5B, 0x8A4A, 0x0421, 0xE318, 0x0421, 0xA639, 0x2B73, 0x8C83,
  0xA95A, 0xC639, 0x484A, 0x6952, 0xE741, 0xA639, 0xE741, 0xA639, 0xC739, 0xCC42, 0x6A42, 0x6531, 0x2329, 0x0321, 0x0832, 0x6B32,
  0xA631, 0x6439, 0x6439, 0x876A, 0x2429, 0x0000, 0x0000, 0xC310, 0xAC32, 0xC310, 0x0000, 0x2A2A, 0xE410, 0xC310, 0xC821, 0xA210,
  0x0419, 0x0419, 0x0419, 0x8721, 0x0419, 0x2519, 0x0519, 0x8729, 0x4A3A, 0x4A3A, 0xC829, 0x4621, 0x6B42, 0xCD4A, 0xAC42, 0xED4A,
  0x2E53, 0x2A3A, 0xAC42, 0xAC42, 0xE931, 0x4A3A, 0x4A3A, 0x6621, 0x0932, 0xAD42, 0xE929, 0x8721, 0x8721, 0x8721, 0x6621, 0x8729,
  0x0421, 0x4521, 0x6629, 0x0421, 0x4A32, 0x4521, 0xC829, 0x4A32, 0x0000, 0xA729, 0xE929, 0x8629, 0x2D43, 0xC829, 0x0000, 0x064A,
  0x4A83, 0xA441, 0x0000, 0x4521, 0x0D4B, 0x0C53, 0x074A, 0x8539, 0xE741, 0x2D63, 0x6E63, 0xCB5A, 0x8952, 0x0B63, 0x0B63, 0xCA5A,
  0x2B63, 0x4942, 0xEC52, 0x8D73, 0xAB8B, 0xC96A, 0xC739, 0x8631, 0xA631, 0x083A, 0x2C63, 0x0C5B, 0x8D6B, 0xEF73, 0x4942, 0x6A4A,
  0x8629, 0x8629, 0x8629, 0x2942, 0xC731, 0x6621, 0x6621, 0x6621, 0xA729, 0x2521, 0xC310, 0x8208, 0x8208, 0x0000, 0x0000, 0x0000,
  0x0000, 0x0000, 0x0000, 0x0000, 0x0000, 0x0000, 0x0000, 0x0000, 0x0000, 0x0000, 0x0000, 0x0000, 0x0000, 0x0000, 0x0000, 0x0000,
  0x0000, 0x0000, 0x0000, 0x0000, 0x0000, 0x0000, 0x0000, 0x0000, 0x0000, 0x0000, 0x0000, 0x0000, 0x0000, 0x0000, 0x0000, 0x0000,
  0x0000, 0x0000, 0x0000, 0x0000, 0x0000, 0x0000, 0x0000, 0x0000, 0x0000, 0x0000, 0x0000, 0x0000, 0x0000, 0x0000, 0x0000, 0x0000,
  0x0000, 0x0000, 0x0000, 0x0000, 0x0000, 0x0000, 0x0000, 0x0000, 0x0000, 0x0000, 0x0000, 0x0000, 0x0000, 0x0000, 0x0000, 0x0000,
  0x0000, 0x0000, 0x0000, 0x0000, 0x0000, 0x0000, 0x0000, 0x0000, 0x0000, 0x0000, 0x0000, 0x0000, 0x0000, 0x0000, 0x0000, 0x0000,
  0x0000, 0x0000, 0x0000, 0x0000, 0x0000, 0x0000, 0x0000, 0x0000, 0x0000, 0x0000, 0x0000, 0x0000, 0x0000, 0x0000, 0x0000, 0x0000,
  0x0000, 0x0000, 0x0000, 0x0000, 0x0000, 0x0000, 0x0000, 0x0000, 0x0000, 0x0000, 0x0000, 0x0000, 0x0000, 0x0000, 0x0000, 0x0000,
  0x0000, 0x0000, 0x0000, 0x0000, 0x0000, 0x0000, 0x0000, 0x0000, 0x0000, 0x0000, 0x0000, 0x0000, 0x0000, 0x0000, 0x0000, 0x0000,
  0x0000, 0x0000, 0x0000, 0x0000, 0x0000, 0x0000, 0x0000, 0x0000, 0x0000, 0x0000, 0x0000, 0x0000, 0x0000, 0x0000, 0x0000, 0x0000,
  0x0000, 0x0000, 0x0000, 0x0000, 0x0000, 0x0000, 0x0000, 0xA310, 0x4529, 0xE418, 0xC310, 0xE418, 0x0419, 0x4942, 0x694A, 0xCB52,
  0x6E63, 0xEC4A, 0xCC4A, 0x293A, 0x2421, 0x0000, 0x8210, 0x8631, 0xC739, 0xAD7B, 0xEA6A, 0x484A, 0xCA5A, 0xCA5A, 0x0B63, 0x6952,
  0xE741, 0x6952, 0x284A, 0xCB52, 0x4E53, 0x694A, 0xC641, 0xC641, 0xE739, 0x0D4B, 0x2932, 0x4431, 0xA549, 0xE559, 0x0652, 0x0000,
  0x0000, 0x0000, 0xC310, 0x8C32, 0xC310, 0x0000, 0xC821, 0x2519, 0x0000, 0xA721, 0xC310, 0x8210, 0x4619, 0xE418, 0x0419, 0xA821,
  0x2521, 0x4621, 0xC829, 0x0932, 0xC831, 0x2A3A, 0xC831, 0xC829, 0xCD4A, 0x4F53, 0x4F53, 0x0E4B, 0x6F53, 0x4B3A, 0x2E4B, 0x2F4B,
  0xCD42, 0x8C3A, 0xCD42, 0x2A3A, 0x0932, 0x6B3A, 0xCD42, 0x2A32, 0xE931, 0xA729, 0xA829, 0xC831, 0x4529, 0x2521, 0x8729, 0x0421,
  0x6621, 0xE929, 0xC318, 0x2A32, 0xC821, 0x8210, 0xC829, 0xC829, 0xC310, 0xAC3A, 0x2932, 0xA210, 0x4429, 0x097B, 0x097B, 0x2331,
  0x2429, 0xCB52, 0xF06B, 0x4C6B, 0x6852, 0x4852, 0x0B63, 0xEF73, 0xCF73, 0x6C6B, 0x8D73, 0x0B63, 0xCA5A, 0x484A, 0xA639, 0x4D63,
  0x107C, 0x0E94, 0x0973, 0xE741, 0xC739, 0xE418, 0x6529, 0x2D63, 0xAB52, 0xCE73, 0x6D63, 0x2942, 0x694A, 0x2521, 0xE418, 0x8629,
  0x083A, 0xA731, 0x4521, 0x8629, 0x293A, 0x083A, 0x8629, 0xA310, 0x0000, 0x0000, 0x0000, 0x0000, 0x0000, 0x0000, 0x0000, 0x0000,
  0x0000, 0x0000, 0x0000, 0x0000, 0x0000, 0x0000, 0x0000, 0x0000, 0x0000, 0x0000, 0x0000, 0x0000, 0x0000, 0x0000, 0x0000, 0x0000,
  0x0000, 0x0000, 0x0000, 0x0000, 0x0000, 0x0000, 0x0000, 0x0000, 0x0000, 0x0000, 0x0000, 0x0000, 0x0000, 0x0000, 0x0000, 0x0000,
  0x0000, 0x0000, 0x0000, 0x0000, 0x0000, 0x0000, 0x0000, 0x0000, 0x0000, 0x0000, 0x0000, 0x0000, 0x0000, 0x0000, 0x0000, 0x0000,
  0x0000, 0x0000, 0x0000, 0x0000, 0x0000, 0x0000, 0x0000, 0x0000, 0x0000, 0x0000, 0x0000, 0x0000, 0x0000, 0x0000, 0x0000, 0x0000,
  0x0000, 0x0000, 0x0000, 0x0000, 0x0000, 0x0000, 0x0000, 0x0000, 0x0000, 0x0000, 0x0000, 0x0000, 0x0000, 0x0000, 0x0000, 0x0000,
  0x0000, 0x0000, 0x0000, 0x0000, 0x0000, 0x0000, 0x0000, 0x0000, 0x0000, 0x0000, 0x0000, 0x0000, 0x0000, 0x0000, 0x0000, 0x0000,
  0x0000, 0x0000, 0x0000, 0x0000, 0x0000, 0x0000, 0x0000, 0x0000, 0x0000, 0x0000, 0x0000, 0x0000, 0x0000, 0x0000, 0x0000, 0x0000,
  0x0000, 0x0000, 0x0000, 0x0000, 0x0000, 0x0000, 0x0000, 0x0000, 0x0000, 0x0000, 0x0000, 0x0000, 0x0000, 0x0000, 0x0000, 0x0000,
  0x0000, 0x0000, 0x0000, 0x0000, 0x0000, 0x0000, 0x0000, 0x0000, 0x0000, 0x0000, 0x0000, 0x0000, 0x0000, 0x0000, 0x0000, 0x0000,
  0x0000, 0x0000, 0x0000, 0x0000, 0x0000, 0xA310, 0x0419, 0x0419, 0xA731, 0x8A4A, 0x0C53, 0x6E5B, 0xAB42, 0x083A, 0x8631, 0x0321,
  0x0000, 0x0000, 0x2429, 0x083A, 0x8E63, 0x494A, 0xC731, 0xEB5A, 0xCA5A, 0x2C63, 0xEA5A, 0x694A, 0x484A, 0x484A, 0x4E5B, 0x4D53,
  0x694A, 0x4852, 0x274A, 0xCB4A, 0x4E53, 0xA731, 0xA441, 0xA772, 0x876A, 0x8441, 0x0000, 0x0000, 0x0000, 0xC310, 0x6B2A, 0xC408,
  0x0000, 0x4619, 0x8719, 0x0000, 0xE410, 0x2519, 0x0000, 0xA210, 0x0519, 0xE318, 0x2521, 0xA721, 0x4521, 0x8729, 0xC829, 0xA729,
  0xA829, 0x8721, 0x8729, 0x0932, 0x8C42, 0x0E4B, 0xED4A, 0x4F53, 0x0E4B, 0x0A32, 0x0E4B, 0x2F4B, 0x0E43, 0x8C3A, 0x2E4B, 0xE929,
  0xC829, 0x0932, 0x6B3A, 0x2A3A, 0xE931, 0x8729, 0x8729, 0xA829, 0x0421, 0xE418, 0x6621, 0x0419, 0xE318, 0xC821, 0xE410, 0xA210,
  0x4A2A, 0x6621, 0xC218, 0x0511, 0x4619, 0x0000, 0x8B42, 0x8A42, 0xE320, 0x0321, 0xA76A, 0x6A8B, 0x074A, 0xA539, 0xCA5A, 0x107C,
  0x107C, 0xCA5A, 0xEA62, 0x4C6B, 0x0F7C, 0x517C, 0xAE73, 0xAE7B, 0x4C6B, 0x2842, 0xA631, 0xC639, 0x0B5B, 0xF073, 0x2F84, 0xA962,
  0x484A, 0x2842, 0xE418, 0x2521, 0xCB5A, 0x6A4A, 0x8E6B, 0x0C5B, 0xEB52, 0x4942, 0x2519, 0x4521, 0x6621, 0xE839, 0x6629, 0x6629,
  0x6621, 0x6621, 0x0419, 0x2419, 0x0419, 0x0000, 0x0000, 0x0000, 0x0000, 0x0000, 0x0000, 0x0000, 0x0000, 0x0000, 0x0000, 0x0000,
  0x0000, 0x0000, 0x0000, 0x0000, 0x0000, 0x0000, 0x0000, 0x0000, 0x0000, 0x0000, 0x0000, 0x0000, 0x0000, 0x0000, 0x0000, 0x0000,
  0x0000, 0x0000, 0x0000, 0x0000, 0x0000, 0x0000, 0x0000, 0x0000, 0x0000, 0x0000, 0x0000, 0x0000, 0x0000, 0x0000, 0x0000, 0x0000,
  0x0000, 0x0000, 0x0000, 0x0000, 0x0000, 0x0000, 0x0000, 0x0000, 0x0000, 0x0000, 0x0000, 0x0000, 0x0000, 0x0000, 0x0000, 0x0000,
  0x0000, 0x0000, 0x0000, 0x0000, 0x0000, 0x0000, 0x0000, 0x0000, 0x0000, 0x0000, 0x0000, 0x0000, 0x0000, 0x0000, 0x0000, 0x0000,
  0x0000, 0x0000, 0x0000, 0x0000, 0x0000, 0x0000, 0x0000, 0x0000, 0x0000, 0x0000, 0x0000, 0x0000, 0x0000, 0x0000, 0x0000, 0x0000,
  0x0000, 0x0000, 0x0000, 0x0000, 0x0000, 0x0000, 0x0000, 0x0000, 0x0000, 0x0000, 0x0000, 0x0000, 0x0000, 0x0000, 0x0000, 0x0000,
  0x0000, 0x0000, 0x0000, 0x0000, 0x0000, 0x0000, 0x0000, 0x0000, 0x0000, 0x0000, 0x0000, 0x0000, 0x0000, 0x0000, 0x0000, 0x0000,
  0x0000, 0x0000, 0x0000, 0x0000, 0x0000, 0x0000, 0x0000, 0x0000, 0x0000, 0x0000, 0x0000, 0x0000, 0x0000, 0x0000, 0x0000, 0x0000,
  0x0000, 0x0000, 0x0000, 0x0000, 0x0000, 0x0000, 0x0000, 0x0000, 0x0000, 0x0000, 0x0000, 0x0000, 0x0000, 0x0000, 0x0000, 0x0000,
  0x0419, 0xC318, 0xC310, 0x8721, 0x8B3A, 0xEC4A, 0x2D5B, 0x4942, 0xA631, 0xA631, 0xE318, 0x0000, 0x0000, 0x0421, 0xCC4A, 0x4E53,
  0x2942, 0xE739, 0xCB5A, 0xCA5A, 0xCA5A, 0x0B63, 0x2842, 0x6952, 0xEB5A, 0xAF5B, 0x0C53, 0x4852, 0x895A, 0xAA52, 0xCF63, 0x2D53,
  0x8631, 0xE551, 0x698B, 0xC772, 0x4431, 0xA210, 0xA210, 0x0000, 0xA210, 0x2A2A, 0xC410, 0x0000, 0xA308, 0xA819, 0x0000, 0x0000,
  0x2519, 0x0000, 0x0000, 0xA310, 0xE410, 0xA210, 0xA310, 0x6621, 0x4621, 0x4629, 0x4621, 0x8729, 0x6621, 0x6721, 0x8721, 0x2A3A,
  0xAC42, 0x2A32, 0x6B3A, 0xCD42, 0x2A32, 0x6721, 0x4B3A, 0x6B3A, 0x0E4B, 0x6C3A, 0xCD42, 0x4A3A, 0x6721, 0x6629, 0x8729, 0xC831,
  0xC831, 0x8629, 0x6629, 0x4621, 0x0419, 0xC318, 0x0519, 0xE410, 0x0000, 0x2519, 0x6619, 0x0000, 0xC310, 0x0922, 0xE318, 0xC318,
  0x2519, 0x4619, 0x8110, 0x293A, 0xAB42, 0x6531, 0x6531, 0xA86A, 0xEB9B, 0xC96A, 0x274A, 0xEA62, 0xAE73, 0x5184, 0x4C6B, 0x0B63,
  0x2B6B, 0x8D73, 0x517C, 0x307C, 0xCE7B, 0x8D73, 0x694A, 0xC631, 0x0742, 0x8952, 0xEC5A, 0xCF73, 0x4C73, 0x2842, 0x083A, 0xC739,
  0xA631, 0x0C63, 0x8A4A, 0xAB52, 0x8A4A, 0x8A4A, 0x6A42, 0x6621, 0x2521, 0x6629, 0x6629, 0x8629, 0xA731, 0xC731, 0xE410, 0x0000,
  0xA310, 0x8208, 0x0000, 0x0000, 0x0000, 0x0000, 0x0000, 0x0000, 0x0000, 0x0000, 0x0000, 0x0000, 0x0000, 0x0000, 0x0000, 0x0000,
  0x0000, 0x0000, 0x0000, 0x0000, 0x0000, 0x0000, 0x0000, 0x0000, 0x0000, 0x0000, 0x0000, 0x0000, 0x0000, 0x0000, 0x0000, 0x0000,
  0x0000, 0x0000, 0x0000, 0x0000, 0x0000, 0x0000, 0x0000, 0x0000, 0x0000, 0x0000, 0x0000, 0x0000, 0x0000, 0x0000, 0x0000, 0x0000,
  0x0000, 0x0000, 0x0000, 0x0000, 0x0000, 0x0000, 0x0000, 0x0000, 0x0000, 0x0000, 0x0000, 0x0000, 0x0000, 0x0000, 0x0000, 0x0000,
  0x0000, 0x0000, 0x0000, 0x0000, 0x0000, 0x0000, 0x0000, 0x0000, 0x0000, 0x0000, 0x0000, 0x0000, 0x0000, 0x0000, 0x0000, 0x0000,
  0x0000, 0x0000, 0x0000, 0x0000, 0x0000, 0x0000, 0x0000, 0x0000, 0x0000, 0x0000, 0x0000, 0x0000, 0x0000, 0x0000, 0x0000, 0x0000,
  0x0000, 0x0000, 0x0000, 0x0000, 0x0000, 0x0000, 0x0000, 0x0000, 0x0000, 0x0000, 0x0000, 0x0000, 0x0000, 0x0000, 0x0000, 0x0000,
  0x0000, 0x0000, 0x0000, 0x0000, 0x0000, 0x0000, 0x0000, 0x0000, 0x0000, 0x0000, 0x0000, 0x0000, 0x0000, 0x0000, 0x0000, 0x0000,
  0x0000, 0x0000, 0x0000, 0x0000, 0x0000, 0x0000, 0x0000, 0x0000, 0x0000, 0x0000, 0x0000, 0x0000, 0x0000, 0x0000, 0x0000, 0x0000,
  0x0000, 0x0000, 0x0000, 0x0000, 0x0000, 0x0000, 0x0000, 0x0000, 0x0000, 0x0000, 0x0000, 0x0000, 0xA310, 0x2511, 0xA819, 0xA821,
  0xE831, 0xE839, 0x6529, 0xC731, 0x6629, 0xE318, 0x0000, 0x0000, 0xA210, 0x8B3A, 0x0D43, 0xE839, 0x0842, 0x0842, 0x694A, 0xAA52,
  0x8D73, 0x2842, 0x284A, 0xEB5A, 0x116C, 0x2C5B, 0xCA62, 0xAA62, 0x0C5B, 0x316C, 0x4D63, 0xA639, 0x475A, 0xEAA3, 0xA76A, 0x4431,
  0x2429, 0x2429, 0xE320, 0xE318, 0x4A32, 0xC310, 0x0000, 0x0000, 0xA819, 0x0000, 0x0000, 0x0000, 0xE410, 0x0000, 0x0000, 0x0000,
  0xA308, 0x0000, 0x0000, 0x0419, 0xE418, 0x0421, 0x4521, 0x0421, 0x4621, 0xA729, 0x6629, 0xE931, 0x4B3A, 0xE931, 0x4B3A, 0x0932,
  0xA829, 0x2521, 0xA829, 0x0932, 0x8C3A, 0x8C3A, 0x0932, 0x4A3A, 0xE831, 0xC829, 0x4521, 0x4529, 0x6629, 0x4529, 0x6621, 0x0419,
  0x8210, 0xA210, 0xE410, 0xE418, 0x0000, 0x8210, 0x8719, 0xE410, 0xA210, 0x0511, 0x8719, 0x0000, 0x0000, 0x2519, 0xE418, 0x8110,
  0xE831, 0xEC52, 0x274A, 0x4852, 0xC96A, 0x2CA4, 0xE96A, 0xAA5A, 0x0B6B, 0x6D6B, 0x307C, 0xEF73, 0xEB62, 0x8D73, 0x4C6B, 0x5084,
  0x1495, 0x7184, 0x4C6B, 0xC739, 0xC639, 0xAA5A, 0x484A, 0x2842, 0x0C63, 0x2C63, 0xE739, 0xE739, 0xE739, 0x694A, 0x2C5B, 0x083A,
  0xAB4A, 0xC731, 0xC731, 0x293A, 0x083A, 0x8629, 0x6629, 0x4621, 0x4521, 0x2519, 0xE410, 0xE410, 0x0000, 0x0000, 0x0000, 0x0000,
  0x0000, 0x0000, 0x0000, 0x0000, 0x0000, 0x0000, 0x0000, 0x0000, 0x0000, 0x0000, 0x0000, 0x0000, 0x0000, 0x0000, 0x0000, 0x0000,
  0x0000, 0x0000, 0x0000, 0x0000, 0x0000, 0x0000, 0x0000, 0x0000, 0x0000, 0x0000, 0x0000, 0x0000, 0x0000, 0x0000, 0x0000, 0x0000,
  0x0000, 0x0000, 0x0000, 0x0000, 0x0000, 0x0000, 0x0000, 0x0000, 0x0000, 0x0000, 0x0000, 0x0000, 0x0000, 0x0000, 0x0000, 0x0000,
  0x0000, 0x0000, 0x0000, 0x0000, 0x0000, 0x0000, 0x0000, 0x0000, 0x0000, 0x0000, 0x0000, 0x0000, 0x0000, 0x0000, 0x0000, 0x0000,
  0x0000, 0x0000, 0x0000, 0x0000, 0x0000, 0x0000, 0x0000, 0x0000, 0x0000, 0x0000, 0x0000, 0x0000, 0x0000, 0x0000, 0x0000, 0x0000,
  0x0000, 0x0000, 0x0000, 0x0000, 0x0000, 0x0000, 0x0000, 0x0000, 0x0000, 0x0000, 0x0000, 0x0000, 0x0000, 0x0000, 0x0000, 0x0000,
  0x0000, 0x0000, 0x0000, 0x0000, 0x0000, 0x0000, 0x0000, 0x0000, 0x0000, 0x0000, 0x0000, 0x0000, 0x0000, 0x0000, 0x0000, 0x0000,
  0x0000, 0x0000, 0x0000, 0x0000, 0x0000, 0x0000, 0x0000, 0x0000, 0x0000, 0x0000, 0x0000, 0x0000, 0x0000, 0x0000, 0x0000, 0x0000,
  0x0000, 0x0000, 0x0000, 0x0000, 0x0000, 0x0000, 0x0000, 0x0000, 0x0000, 0x0000, 0x0000, 0x0000, 0x0000, 0x0000, 0x0000, 0x0000,
  0x0000, 0x0000, 0x0000, 0x0000, 0x0000, 0x0000, 0xA310, 0x2611, 0x8819, 0xA821, 0xC310, 0x0421, 0xC731, 0x0419, 0x4521, 0x4529,
  0xC318, 0xA310, 0x0000, 0xA210, 0x092A, 0x0D43, 0xC739, 0x494A, 0xC739, 0x6629, 0xAA52, 0xAA5A, 0x8A52, 0x284A, 0xEC5A, 0xF063,
  0x0C5B, 0xEA62, 0x2B6B, 0xCF6B, 0xF063, 0xEB62, 0x4852, 0xEA62, 0x6DAC, 0xA862, 0xC639, 0xA639, 0x6531, 0xA639, 0xE320, 0x2932,
  0x2519, 0x0000, 0x0000, 0x0511, 0xE410, 0x0000, 0x0000, 0xC410, 0x0000, 0x0000, 0x0000, 0x0000, 0x0000, 0x0000, 0x0000, 0x0000,
  0x8210, 0xA210, 0xA210, 0xA310, 0x6621, 0x0521, 0x6629, 0xC831, 0xE931, 0x0932, 0xA829, 0xC829, 0x8729, 0x4521, 0x6729, 0xC831,
  0xE931, 0x2A3A, 0x2A3A, 0xE831, 0x6629, 0x6621, 0xE829, 0xE418, 0xE318, 0xC318, 0xE418, 0x0000, 0x0000, 0x0000, 0x0000, 0xA310,
  0x0000, 0x0000, 0xC410, 0x0411, 0x0000, 0x0000, 0xE929, 0x0419, 0x8210, 0x8210, 0x2519, 0x0419, 0xA218, 0x083A, 0x6E63, 0x6852,
  0x4852, 0x8862, 0xEB9B, 0x8B83, 0xAA5A, 0x6C73, 0xEB62, 0xAE6B, 0x317C, 0x4C63, 0x8D73, 0x4C6B, 0xEF7B, 0x9284, 0x727C, 0xAA52,
  0xE320, 0x284A, 0xEB62, 0x484A, 0x0742, 0x6531, 0x6D6B, 0x8A42, 0x8629, 0xA731, 0x6A4A, 0x8A4A, 0xA731, 0x2942, 0x2521, 0x2521,
  0xA731, 0x293A, 0x4942, 0xE831, 0x8629, 0x0419, 0x8208, 0x0000, 0x0000, 0x0000, 0x0000, 0x0000, 0x0000, 0x0000, 0x0000, 0x0000,
  0x0000, 0x0000, 0x0000, 0x0000, 0x0000, 0x0000, 0x0000, 0x0000, 0x0000, 0x0000, 0x0000, 0x0000, 0x0000, 0x0000, 0x0000, 0x0000,
  0x0000, 0x0000, 0x0000, 0x0000, 0x0000, 0x0000, 0x0000, 0x0000, 0x0000, 0x0000, 0x0000, 0x0000, 0x0000, 0x0000, 0x0000, 0x0000,
  0x0000, 0x0000, 0x0000, 0x0000, 0x0000, 0x0000, 0x0000, 0x0000, 0x0000, 0x0000, 0x0000, 0x0000, 0x0000, 0x0000, 0x0000, 0x0000,
  0x0000, 0x0000, 0x0000, 0x0000, 0x0000, 0x0000, 0x0000, 0x0000, 0x0000, 0x0000, 0x0000, 0x0000, 0x0000, 0x0000, 0x0000, 0x0000,
  0x0000, 0x0000, 0x0000, 0x0000, 0x0000, 0x0000, 0x0000, 0x0000, 0x0000, 0x0000, 0x0000, 0x0000, 0x0000, 0x0000, 0x0000, 0x0000,
  0x0000, 0x0000, 0x0000, 0x0000, 0x0000, 0x0000, 0x0000, 0x0000, 0x0000, 0x0000, 0x0000, 0x0000, 0x0000, 0x0000, 0x0000, 0x0000,
  0x0000, 0x0000, 0x0000, 0x0000, 0x0000, 0x0000, 0x0000, 0x0000, 0x0000, 0x0000, 0x0000, 0x0000, 0x0000, 0x0000, 0x0000, 0x0000,
  0x0000, 0x0000, 0x0000, 0x0000, 0x0000, 0x0000, 0x0000, 0x0000, 0x0000, 0x0000, 0x0000, 0x0000, 0x0000, 0x0000, 0x0000, 0x0000,
  0x0000, 0x0000, 0x0000, 0x0000, 0x0000, 0x0000, 0x0000, 0x0000, 0x0000, 0x0000, 0x0000, 0x0000, 0x0000, 0x0000, 0x0000, 0x0000,
  0x0000, 0xE510, 0x2611, 0xC408, 0xA310, 0x0000, 0xA210, 0x4521, 0x4521, 0xC310, 0x4529, 0x0421, 0xC318, 0xA210, 0xA210, 0xC821,
  0x6B32, 0x0842, 0xC739, 0xA631, 0x8629, 0x2942, 0x0C63, 0x494A, 0x0742, 0x8A4A, 0xF15B, 0xCB52, 0x4852, 0x8D73, 0x1074, 0xAF6B,
  0x0B6B, 0x8952, 0xEA62, 0x6EA4, 0x895A, 0x2842, 0x284A, 0x8639, 0xA639, 0xE320, 0x0832, 0x0832, 0x0000, 0x0000, 0x0000, 0x8719,
  0x0000, 0x0000, 0x0000, 0xC410, 0x0000, 0x0000, 0x0000, 0x0000, 0x0000, 0x0000, 0x0000, 0x0000, 0x0000, 0x0000, 0x0000, 0xE418,
  0xA310, 0xC318, 0x2521, 0x8729, 0x8729, 0xA831, 0x6629, 0x8729, 0x4621, 0x4629, 0x6629, 0xA729, 0xA829, 0x0932, 0xC831, 0xA731,
  0x2521, 0xA310, 0x2519, 0x2519, 0x0000, 0x0000, 0x0000, 0x0000, 0x0000, 0x0000, 0x0000, 0x0000, 0x0000, 0x0000, 0x0000, 0x2519,
  0x0000, 0xA210, 0x0419, 0x2932, 0x2429, 0x4429, 0x2421, 0xA729, 0x0742, 0xC641, 0x894A, 0xCF6B, 0xC962, 0xCA62, 0xCA62, 0x0CA4,
  0xAB8B, 0xCA62, 0xCE7B, 0x6852, 0x6D6B, 0x7284, 0x6D6B, 0x2C6B, 0xAD73, 0xEB62, 0xCF73, 0x116C, 0xE829, 0xC318, 0xE741, 0x484A,
  0x694A, 0xE739, 0x6431, 0xEB5A, 0xAC3A, 0x293A, 0xC731, 0xE839, 0x4521, 0x8629, 0x2521, 0x0419, 0xE418, 0x6629, 0xA729, 0xC731,
  0xC731, 0xA731, 0x2419, 0xA310, 0x0000, 0x0000, 0x0000, 0x0000, 0x8208, 0x0000, 0x0000, 0x0000, 0x0000, 0x0000, 0x0000, 0x0000,
  0x0000, 0x0000, 0x0000, 0x0000, 0x0000, 0x0000, 0x0000, 0x0000, 0x0000, 0x0000, 0x0000, 0x0000, 0x0000, 0x0000, 0x0000, 0x0000,
  0x0000, 0x0000, 0x0000, 0x0000, 0x0000, 0x0000, 0x0000, 0x0000, 0x0000, 0x0000, 0x0000, 0x0000, 0x0000, 0x0000, 0x0000, 0x0000,
  0x0000, 0x0000, 0x0000, 0x0000, 0x0000, 0x0000, 0x0000, 0x0000, 0x0000, 0x0000, 0x0000, 0x0000, 0x0000, 0x0000, 0x0000, 0x0000,
  0x0000, 0x0000, 0x0000, 0x0000, 0x0000, 0x0000, 0x0000, 0x0000, 0x0000, 0x0000, 0x0000, 0x0000, 0x0000, 0x0000, 0x0000, 0x0000,
  0x0000, 0x0000, 0x0000, 0x0000, 0x0000, 0x0000, 0x0000, 0x0000, 0x0000, 0x0000, 0x0000, 0x0000, 0x0000, 0x0000, 0x0000, 0x0000,
  0x0000, 0x0000, 0x0000, 0x0000, 0x0000, 0x0000, 0x0000, 0x0000, 0x0000, 0x0000, 0x0000, 0x0000, 0x0000, 0x0000, 0x0000, 0x0000,
  0x0000, 0x0000, 0x0000, 0x0000, 0x0000, 0x0000, 0x0000, 0x0000, 0x0000, 0x0000, 0x0000, 0x0000, 0x0000, 0x0000, 0x0000, 0x0000,
  0x0000, 0x0000, 0x0000, 0x0000, 0x0000, 0x0000, 0x0000, 0x0000, 0x0000, 0x0000, 0x0000, 0x0000, 0x0000, 0x0000, 0x0000, 0x0000,
  0x0000, 0x0000, 0x0000, 0x0000, 0x0000, 0x0000, 0x0000, 0x0000, 0x0000, 0x0000, 0x0000, 0xA308, 0xA308, 0x6208, 0x0000, 0x0000,
  0x0000, 0x0000, 0x0419, 0x0419, 0xE418, 0x0421, 0x0421, 0xE318, 0xC318, 0x0000, 0x6719, 0xC921, 0xA731, 0x0842, 0x6529, 0x6629,
  0x8631, 0x6A4A, 0x8A52, 0xE739, 0xE741, 0x4E53, 0xAB52, 0x074A, 0xAE73, 0x927C, 0x2C63, 0x0B6B, 0x6C73, 0xAE7B, 0x6EA4, 0x6852,
  0x6952, 0x8952, 0xE741, 0xC639, 0x2429, 0xA731, 0x8A42, 0x0000, 0xC318, 0x0000, 0x6621, 0xE310, 0x0000, 0x0000, 0x0000, 0x8208,
  0x0000, 0x0000, 0x0000, 0x0000, 0x0000, 0x0000, 0x0000, 0x0000, 0x0000, 0x0000, 0x8210, 0x8310, 0x0000, 0x0000, 0xA310, 0xE418,
  0x2521, 0x0419, 0xE418, 0x2521, 0xE418, 0xE418, 0xE418, 0x0521, 0x4629, 0x8729, 0x4521, 0x0521, 0xC318, 0x0000, 0x0000, 0xC310,
  0xA210, 0x0000, 0x0000, 0x0000, 0x0000, 0x0000, 0x0000, 0x0000, 0x0000, 0x0000, 0x0000, 0xE410, 0x0000, 0xC318, 0x2429, 0x0932,
  0xA729, 0x6531, 0x8531, 0x0842, 0x4942, 0x6852, 0xE649, 0x2B63, 0x307C, 0x2B6B, 0xEA62, 0x0B6B, 0xCC9B, 0x8B8B, 0x0B63, 0xEB62,
  0x895A, 0x4C6B, 0x9284, 0x6D63, 0x2B6B, 0x6D6B, 0x0B63, 0x4C6B, 0x4A3A, 0x092A, 0x6621, 0xE739, 0x484A, 0x2842, 0x0842, 0xC641,
  0xC639, 0x2A32, 0xCC42, 0x293A, 0xE839, 0x8629, 0x8629, 0x0419, 0xE418, 0xE418, 0x8629, 0x8629, 0x4621, 0xA729, 0x2521, 0x0419,
  0xA310, 0x0000, 0x0000, 0x0000, 0x0000, 0x0000, 0x0000, 0x0000, 0x0000, 0x0000, 0x0000, 0x0000, 0x0000, 0x0000, 0x0000, 0x0000,
  0x0000, 0x0000, 0x0000, 0x0000, 0x0000, 0x0000, 0x0000, 0x0000, 0x0000, 0x0000, 0x0000, 0x0000, 0x0000, 0x0000, 0x0000, 0x0000,
  0x0000, 0x0000, 0x0000, 0x0000, 0x0000, 0x0000, 0x0000, 0x0000, 0x0000, 0x0000, 0x0000, 0x0000, 0x0000, 0x0000, 0x0000, 0x0000,
  0x0000, 0x0000, 0x0000, 0x0000, 0x0000, 0x0000, 0x0000, 0x0000, 0x0000, 0x0000, 0x0000, 0x0000, 0x0000, 0x0000, 0x0000, 0x0000,
  0x0000, 0x0000, 0x0000, 0x0000, 0x0000, 0x0000, 0x0000, 0x0000, 0x0000, 0x0000, 0x0000, 0x0000, 0x0000, 0x0000, 0x0000, 0x0000,
  0x0000, 0x0000, 0x0000, 0x0000, 0x0000, 0x0000, 0x0000, 0x0000, 0x0000, 0x0000, 0x0000, 0x0000, 0x0000, 0x0000, 0x0000, 0x0000,
  0x0000, 0x0000, 0x0000, 0x0000, 0x0000, 0x0000, 0x0000, 0x0000, 0x0000, 0x0000, 0x0000, 0x0000, 0x0000, 0x0000, 0x0000, 0x0000,
  0x0000, 0x0000, 0x0000, 0x0000, 0x0000, 0x0000, 0x0000, 0x0000, 0x0000, 0x0000, 0x0000, 0x0000, 0x0000, 0x0000, 0x0000, 0x0000,
  0x0000, 0x0000, 0x0000, 0x0000, 0x0000, 0x0000, 0x0000, 0x0000, 0x0000, 0x0000, 0x0000, 0x0000, 0x0000, 0x0000, 0x0000, 0x0000,
  0x0000, 0x0000, 0x0000, 0x0000, 0x0000, 0x8208, 0x0000, 0x0000, 0x0000, 0x0000, 0x0000, 0x0000, 0x0000, 0x0000, 0x2421, 0x0419,
  0x0419, 0x0421, 0x8210, 0xE418, 0x0000, 0xC408, 0x6711, 0xC318, 0xA731, 0x8631, 0x6629, 0xA631, 0x2842, 0xCB5A, 0x494A, 0x8531,
  0xAB4A, 0xEC52, 0x6531, 0x4D63, 0x517C, 0x6D6B, 0xEB62, 0xCE83, 0xF07B, 0x0E94, 0xA962, 0x6952, 0x8952, 0x484A, 0xE741, 0x8631,
  0x2421, 0xCB4A, 0x4429, 0x4429, 0x2429, 0x0421, 0xE829, 0x8110, 0x0000, 0x0000, 0xA310, 0x0000, 0x0000, 0x0000, 0x0000, 0x0000,
  0x0000, 0x0000, 0x0000, 0x0000, 0x0000, 0x0000, 0x8210, 0x0000, 0x0000, 0x0000, 0x0000, 0x8210, 0xA310, 0x0000, 0xC310, 0x8210,
  0x0000, 0xA310, 0x8210, 0x0000, 0xA310, 0xC310, 0xA310, 0xA310, 0x0000, 0x0000, 0x0000, 0x0000, 0x8210, 0x0000, 0x0000, 0x0000,
  0x0000, 0x0000, 0x0000, 0x0000, 0x0000, 0x0000, 0x0000, 0xC410, 0xC310, 0x0000, 0x0321, 0xC739, 0x6A42, 0xC641, 0x8531, 0xA639,
  0xE839, 0xE739, 0x074A, 0x074A, 0x6C6B, 0x1074, 0xCA62, 0x0B6B, 0xAA62, 0xEC9B, 0xAB8B, 0x0B63, 0xCA5A, 0xCA62, 0x4C6B, 0x1074,
  0x8E63, 0xEB62, 0x6D6B, 0x0B63, 0x484A, 0x2421, 0xE829, 0x2932, 0x4942, 0x2842, 0xE739, 0x8952, 0x074A, 0x0321, 0x6621, 0x4A32,
  0xAC42, 0xE831, 0x2942, 0xE839, 0x2521, 0x0419, 0x2519, 0x6521, 0xE418, 0xE418, 0x0419, 0x8208, 0x0000, 0x0000, 0x0000, 0x0000,
  0x0000, 0x0000, 0x0000, 0x0000, 0x0000, 0x0000, 0x0000, 0x0000, 0x0000, 0x0000, 0x0000, 0x0000, 0x0000, 0x0000, 0x0000, 0x0000,
  0x0000, 0x0000, 0x0000, 0x0000, 0x0000, 0x0000, 0x0000, 0x0000, 0x0000, 0x0000, 0x0000, 0x0000, 0x0000, 0x0000, 0x0000, 0x0000,
  0x0000, 0x0000, 0x0000, 0x0000, 0x0000, 0x0000, 0x0000, 0x0000, 0x0000, 0x0000, 0x0000, 0x0000, 0x0000, 0x0000, 0x0000, 0x0000,
  0x0000, 0x0000, 0x0000, 0x0000, 0x0000, 0x0000, 0x0000, 0x0000, 0x0000, 0x0000, 0x0000, 0x0000, 0x0000, 0x0000, 0x0000, 0x0000,
  0x0000, 0x0000, 0x0000, 0x0000, 0x0000, 0x0000, 0x0000, 0x0000, 0x0000, 0x0000, 0x0000, 0x0000, 0x0000, 0x0000, 0x0000, 0x0000,
  0x0000, 0x0000, 0x0000, 0x0000, 0x0000, 0x0000, 0x0000, 0x0000, 0x0000, 0x0000, 0x0000, 0x0000, 0x0000, 0x0000, 0x0000, 0x0000,
  0x0000, 0x0000, 0x0000, 0x0000, 0x0000, 0x0000, 0x0000, 0x0000, 0x0000, 0x0000, 0x0000, 0x0000, 0x0000, 0x0000, 0x0000, 0x0000,
  0x0000, 0x0000, 0x0000, 0x0000, 0x0000, 0x0000, 0x0000, 0x0000, 0x0000, 0x0000, 0x0000, 0x0000, 0x0000, 0x0000, 0x0000, 0x0000,
  0x0000, 0x0000, 0x0000, 0x0000, 0x0000, 0x0000, 0x0000, 0x0000, 0x0000, 0x0000, 0x0000, 0x0000, 0x0000, 0x0000, 0x0000, 0x0000,
  0x0000, 0x0000, 0x0000, 0x0000, 0x0000, 0x0000, 0x0000, 0x0000, 0x0000, 0x8210, 0x2521, 0xC318, 0xE418, 0x8210, 0xC318, 0xC318,
  0x8208, 0xA819, 0x0000, 0x4529, 0x0421, 0xC739, 0x6629, 0x694A, 0x494A, 0x8A52, 0xA639, 0x093A, 0xCC52, 0xA639, 0x4D5B, 0x8E63,
  0x2C6B, 0xEB6A, 0xEB62, 0x7184, 0x8D73, 0xE972, 0xEA5A, 0xEB5A, 0x8952, 0x284A, 0xC639, 0x0421, 0x4A3A, 0xC731, 0xA539, 0xE639,
  0x2429, 0xE831, 0xA629, 0x8218, 0xC318, 0xC218, 0xC310, 0x0000, 0x0000, 0x0000, 0x0000, 0x0000, 0x0000, 0x0000, 0x0000, 0x0000,
  0x0000, 0x0000, 0x0000, 0x0000, 0x0000, 0x0000, 0x0000, 0x0000, 0x0000, 0x0000, 0x0000, 0x0000, 0x0000, 0x0000, 0x0000, 0x0000,
  0x0000, 0x0000, 0x0000, 0x0000, 0x0000, 0x0000, 0x0000, 0x0000, 0x0000, 0x8208, 0x0000, 0x0000, 0x0000, 0x0000, 0x0000, 0x0000,
  0xC318, 0xE318, 0x0000, 0x4521, 0x8629, 0xA218, 0x0000, 0x2429, 0xAB4A, 0x694A, 0xA539, 0x074A, 0x4429, 0x4621, 0xA631, 0x074A,
  0xC962, 0x8D6B, 0xAE6B, 0x895A, 0xCA62, 0xCA6A, 0xEC9B, 0x0D94, 0x484A, 0x8952, 0x0B63, 0x0B63, 0x4D5B, 0xAF63, 0x0B63, 0x4C6B,
  0x0842, 0xE739, 0x0321, 0x083A, 0x6A42, 0x8B4A, 0xC631, 0x2842, 0x284A, 0x074A, 0x2421, 0xC318, 0xA729, 0x6A32, 0x8B3A, 0x0832,
  0x8629, 0x0419, 0xE418, 0x2521, 0xC310, 0x8208, 0xC310, 0x8208, 0x0000, 0x0000, 0x0000, 0x0000, 0x0000, 0x0000, 0x0000, 0x0000,
  0x0000, 0x0000, 0x0000, 0x0000, 0x0000, 0x0000, 0x0000, 0x0000, 0x0000, 0x0000, 0x0000, 0x0000, 0x0000, 0x0000, 0x0000, 0x0000,
  0x0000, 0x0000, 0x0000, 0x0000, 0x0000, 0x0000, 0x0000, 0x0000, 0x0000, 0x0000, 0x0000, 0x0000, 0x0000, 0x0000, 0x0000, 0x0000,
  0x0000, 0x0000, 0x0000, 0x0000, 0x0000, 0x0000, 0x0000, 0x0000, 0x0000, 0x0000, 0x0000, 0x0000, 0x0000, 0x0000, 0x0000, 0x0000,
  0x0000, 0x0000, 0x0000, 0x0000, 0x0000, 0x0000, 0x0000, 0x0000, 0x0000, 0x0000, 0x0000, 0x0000, 0x0000, 0x0000, 0x0000, 0x0000,
  0x0000, 0x0000, 0x0000, 0x0000, 0x0000, 0x0000, 0x0000, 0x0000, 0x0000, 0x0000, 0x0000, 0x0000, 0x0000, 0x0000, 0x0000, 0x0000,
  0x0000, 0x0000, 0x0000, 0x0000, 0x0000, 0x0000, 0x0000, 0x0000, 0x0000, 0x0000, 0x0000, 0x0000, 0x0000, 0x0000, 0x0000, 0x0000,
  0x0000, 0x0000, 0x0000, 0x0000, 0x0000, 0x0000, 0x0000, 0x0000, 0x0000, 0x0000, 0x0000, 0x0000, 0x0000, 0x0000, 0x0000, 0x0000,
  0x0000, 0x0000, 0x0000, 0x0000, 0x0000, 0x0000, 0x0000, 0x0000, 0x0000, 0x0000, 0x0000, 0x0000, 0x0000, 0x0000, 0x0000, 0x0000,
  0x0000, 0x0000, 0x0000, 0x0000, 0x0000, 0x0000, 0x0000, 0x0000, 0x0000, 0x0000, 0x0000, 0x0000, 0x0000, 0x0000, 0x0000, 0x0000,
  0x0000, 0x0000, 0x0000, 0x0000, 0x8208, 0x4521, 0x0000, 0xE318, 0xC310, 0xC318, 0xC318, 0x8210, 0x6711, 0xA308, 0x4529, 0xA731,
  0x2521, 0xC739, 0xC739, 0x8A52, 0x2842, 0xE739, 0xE831, 0x6A42, 0xE741, 0x8E63, 0x0C5B, 0x8952, 0x0B6B, 0xEB62, 0x1174, 0x0C5B,
  0xE972, 0x2B6B, 0x4C6B, 0xAA5A, 0x484A, 0xA639, 0xC218, 0x083A, 0x293A, 0xC639, 0x0742, 0xA639, 0x8631, 0x6A3A, 0x2429, 0x2421,
  0x2421, 0xE318, 0x0419, 0xE318, 0xA210, 0x0000, 0x0000, 0x0000, 0x0000, 0x0000, 0x0000, 0x0000, 0x0000, 0x8208, 0x0000, 0x0000,
  0x0000, 0x0000, 0x0000, 0x0000, 0x0000, 0x0000, 0x0000, 0x0000, 0x0000, 0x0000, 0x0000, 0x0000, 0x0000, 0x0000, 0x0000, 0x0000,
  0x0000, 0x0000, 0x0000, 0x0000, 0x0000, 0x0000, 0x8210, 0x0000, 0x0000, 0x0000, 0xA210, 0xA210, 0xA210, 0x0421, 0x2429, 0x0421,
  0x2842, 0x4429, 0xC318, 0xE318, 0x6529, 0x8A42, 0xC639, 0x4852, 0xA639, 0xC310, 0x4521, 0x6431, 0xEA62, 0xEA6A, 0x8E6B, 0x2D5B,
  0x685A, 0xA95A, 0xEA6A, 0xED93, 0x4B73, 0x284A, 0xA95A, 0xCA5A, 0x284A, 0xEC52, 0xD06B, 0xAE73, 0x0B63, 0xAA52, 0x6529, 0xE318,
  0xE739, 0x083A, 0x6A3A, 0xA729, 0x8531, 0x8531, 0x6529, 0xA210, 0x0421, 0x6629, 0x0932, 0x8B3A, 0x6A3A, 0x6621, 0xE418, 0x6621,
  0xE410, 0x0000, 0x0000, 0x0000, 0x0000, 0x0000, 0x0000, 0x0000, 0x0000, 0x0000, 0x0000, 0x0000, 0x0000, 0x0000, 0x0000, 0x0000,
  0x0000, 0x0000, 0x0000, 0x0000, 0x0000, 0x0000, 0x0000, 0x0000, 0x0000, 0x0000, 0x0000, 0x0000, 0x0000, 0x0000, 0x0000, 0x0000,
  0x0000, 0x0000, 0x0000, 0x0000, 0x0000, 0x0000, 0x0000, 0x0000, 0x0000, 0x0000, 0x0000, 0x0000, 0x0000, 0x0000, 0x0000, 0x0000,
  0x0000, 0x0000, 0x0000, 0x0000, 0x0000, 0x0000, 0x0000, 0x0000, 0x0000, 0x0000, 0x0000, 0x0000, 0x0000, 0x0000, 0x0000, 0x0000,
  0x0000, 0x0000, 0x0000, 0x0000, 0x0000, 0x0000, 0x0000, 0x0000, 0x0000, 0x0000, 0x0000, 0x0000, 0x0000, 0x0000, 0x0000, 0x0000,
  0x0000, 0x0000, 0x0000, 0x0000, 0x0000, 0x0000, 0x0000, 0x0000, 0x0000, 0x0000, 0x0000, 0x0000, 0x0000, 0x0000, 0x0000, 0x0000,
  0x0000, 0x0000, 0x0000, 0x0000, 0x0000, 0x0000, 0x0000, 0x0000, 0x0000, 0x0000, 0x0000, 0x0000, 0x0000, 0x0000, 0x0000, 0x0000,
  0x0000, 0x0000, 0x0000, 0x0000, 0x0000, 0x0000, 0x0000, 0x0000, 0x0000, 0x0000, 0x0000, 0x0000, 0x0000, 0x0000, 0x0000, 0x0000,
  0x0000, 0x0000, 0x0000, 0x0000, 0x0000, 0x0000, 0x0000, 0x0000, 0x0000, 0x0000, 0x0000, 0x0000, 0x0000, 0x0000, 0x0000, 0x0000,
  0x0000, 0x0000, 0x0000, 0x0000, 0x0000, 0x0000, 0x0000, 0x0000, 0x0000, 0x0000, 0x0000, 0x0000, 0x0000, 0x0000, 0x0000, 0x0000,
  0xE418, 0x0419, 0x8208, 0x8208, 0xC318, 0xA310, 0x0000, 0x4619, 0xE410, 0xA318, 0xA731, 0xA310, 0xA631, 0xC731, 0xA731, 0x0842,
  0xC739, 0x083A, 0x4A42, 0xA631, 0x2D53, 0xAA4A, 0x895A, 0xCA5A, 0x0B6B, 0xF06B, 0x2C5B, 0xA962, 0x4C73, 0xEB5A, 0x2C6B, 0x0742,
  0xC639, 0xE318, 0xE418, 0x8A42, 0x0421, 0x284A, 0x0742, 0xE741, 0x6942, 0xE731, 0x0321, 0x4529, 0x2429, 0x2421, 0xA731, 0x0421,
  0xC318, 0x0000, 0x0000, 0x0000, 0x0000, 0x0000, 0x0000, 0x0000, 0x0000, 0x0000, 0x0000, 0x0000, 0x0000, 0x0000, 0x0000, 0x0000,
  0x0000, 0x0000, 0x0000, 0x0000, 0x0000, 0x0000, 0x0000, 0x0000, 0x0000, 0x0000, 0x0000, 0x0000, 0x0000, 0x0000, 0x0000, 0x0000,
  0x0000, 0x0000, 0x0000, 0xA210, 0xA210, 0x0000, 0xC218, 0x0321, 0x0321, 0xC218, 0x4429, 0x2421, 0xA631, 0x484A, 0x0742, 0x2421,
  0xE320, 0xE831, 0x0842, 0x484A, 0x8952, 0x0321, 0x2519, 0xC318, 0x6531, 0x0B6B, 0x0B6B, 0xAF63, 0x0C53, 0xE741, 0xEB62, 0xCA62,
  0x4B7B, 0xA95A, 0xC639, 0xA95A, 0xCA5A, 0x6952, 0x8A4A, 0x0D4B, 0x0B63, 0xEB5A, 0x073A, 0x0000, 0x0421, 0x8531, 0xC739, 0x6A3A,
  0xE829, 0x4521, 0xE320, 0x8210, 0xA310, 0x2521, 0xE418, 0x0419, 0xE829, 0x6B32, 0x0932, 0x4521, 0x2419, 0x0419, 0x8208, 0x0000,
  0x0000, 0x0000, 0x0000, 0x0000, 0x0000, 0x0000, 0x0000, 0x0000, 0x0000, 0x0000, 0x0000, 0x0000, 0x0000, 0x0000, 0x0000, 0x0000,
  0x0000, 0x0000, 0x0000, 0x0000, 0x0000, 0x0000, 0x0000, 0x0000, 0x0000, 0x0000, 0x0000, 0x0000, 0x0000, 0x0000, 0x0000, 0x0000,
  0x0000, 0x0000, 0x0000, 0x0000, 0x0000, 0x0000, 0x0000, 0x0000, 0x0000, 0x0000, 0x0000, 0x0000, 0x0000, 0x0000, 0x0000, 0x0000,
  0x0000, 0x0000, 0x0000, 0x0000, 0x0000, 0x0000, 0x0000, 0x0000, 0x0000, 0x0000, 0x0000, 0x0000, 0x0000, 0x0000, 0x0000, 0x0000,
  0x0000, 0x0000, 0x0000, 0x0000, 0x0000, 0x0000, 0x0000, 0x0000, 0x0000, 0x0000, 0x0000, 0x0000, 0x0000, 0x0000, 0x0000, 0x0000,
  0x0000, 0x0000, 0x0000, 0x0000, 0x0000, 0x0000, 0x0000, 0x0000, 0x0000, 0x0000, 0x0000, 0x0000, 0x0000, 0x0000, 0x0000, 0x0000,
  0x0000, 0x0000, 0x0000, 0x0000, 0x0000, 0x0000, 0x0000, 0x0000, 0x0000, 0x0000, 0x0000, 0x0000, 0x0000, 0x0000, 0x0000, 0x0000,
  0x0000, 0x0000, 0x0000, 0x0000, 0x0000, 0x0000, 0x0000, 0x0000, 0x0000, 0x0000, 0x0000, 0x0000, 0x0000, 0x0000, 0x0000, 0x0000,
  0x0000, 0x0000, 0x0000, 0x0000, 0x0000, 0x0000, 0x0000, 0x0000, 0x0000, 0x0000, 0x0000, 0x0000, 0x0000, 0x0000, 0x0000, 0x0000,
  0x0000, 0x0000, 0x0000, 0x0000, 0x0000, 0x0000, 0x0000, 0x0000, 0x0000, 0x0000, 0x0000, 0x0000, 0x0000, 0x8208, 0x0000, 0xA310,
  0xA310, 0x0000, 0xC310, 0x4611, 0x0000, 0x6529, 0x4529, 0xC318, 0x4529, 0x4521, 0x4521, 0x8631, 0xA631, 0x6A42, 0x4942, 0x2D53,
  0x4942, 0x694A, 0xEB5A, 0xAA5A, 0xF063, 0x0C53, 0x4852, 0x4C73, 0x0B63, 0xEB62, 0x0742, 0x6529, 0x4429, 0x0000, 0x2932, 0x6529,
  0x6531, 0x684A, 0x0742, 0x484A, 0xAB4A, 0x4521, 0x2421, 0xA639, 0x2429, 0xA631, 0xA631, 0x6529, 0xC318, 0x0000, 0x0000, 0xA218,
  0xA210, 0x0000, 0x0000, 0x0000, 0x0000, 0x0000, 0x0000, 0x0000, 0x0000, 0x0000, 0x0000, 0x0000, 0x0000, 0x0000, 0x0000, 0x0000,
  0x0000, 0x0000, 0x0000, 0x0000, 0x0000, 0x0000, 0x0000, 0x0000, 0x0000, 0x0000, 0x0000, 0x0000, 0x0000, 0x0000, 0xA210, 0x0000,
  0xE318, 0xA210, 0xE318, 0x2321, 0x6531, 0x4429, 0x0321, 0x8531, 0x6529, 0xE741, 0xAA5A, 0xC639, 0xE318, 0x4521, 0xC731, 0x6852,
  0x8952, 0x8531, 0x2421, 0x2519, 0xC318, 0xC639, 0xAD7B, 0x2C6B, 0x8F53, 0x4942, 0x6852, 0x6C73, 0x4852, 0x6E6B, 0x2842, 0xC639,
  0x8952, 0x8952, 0x484A, 0x0832, 0x2D4B, 0x8D6B, 0x073A, 0x2421, 0xC318, 0x0421, 0xC739, 0x8631, 0xA729, 0xE829, 0x093A, 0xC310,
  0xE318, 0xA210, 0xC310, 0xC310, 0xA310, 0x4521, 0x0932, 0x4A32, 0xE929, 0x4519, 0xE418, 0xA310, 0x0000, 0x0000, 0x0000, 0x0000,
  0x0000, 0x0000, 0x0000, 0x0000, 0x0000, 0x0000, 0x0000, 0x0000, 0x0000, 0x0000, 0x0000, 0x0000, 0x0000, 0x0000, 0x0000, 0x0000,
  0x0000, 0x0000, 0x0000, 0x0000, 0x0000, 0x0000, 0x0000, 0x0000, 0x0000, 0x0000, 0x0000, 0x0000, 0x0000, 0x0000, 0x0000, 0x0000,
  0x0000, 0x0000, 0x0000, 0x0000, 0x0000, 0x0000, 0x0000, 0x0000, 0x0000, 0x0000, 0x0000, 0x0000, 0x0000, 0x0000, 0x0000, 0x0000,
  0x0000, 0x0000, 0x0000, 0x0000, 0x0000, 0x0000, 0x0000, 0x0000, 0x0000, 0x0000, 0x0000, 0x0000, 0x0000, 0x0000, 0x0000, 0x0000,
  0x0000, 0x0000, 0x0000, 0x0000, 0x0000, 0x0000, 0x0000, 0x0000, 0x0000, 0x0000, 0x0000, 0x0000, 0x0000, 0x0000, 0x0000, 0x0000,
  0x0000, 0x0000, 0x0000, 0x0000, 0x0000, 0x0000, 0x0000, 0x0000, 0x0000, 0x0000, 0x0000, 0x0000, 0x0000, 0x0000, 0x0000, 0x0000,
  0x0000, 0x0000, 0x0000, 0x0000, 0x0000, 0x0000, 0x0000, 0x0000, 0x0000, 0x0000, 0x0000, 0x0000, 0x0000, 0x0000, 0x0000, 0x0000,
  0x0000, 0x0000, 0x0000, 0x0000, 0x0000, 0x0000, 0x0000, 0x0000, 0x0000, 0x0000, 0x0000, 0x0000, 0x0000, 0x0000, 0x0000, 0x0000,
  0x0000, 0x0000, 0x0000, 0x0000, 0x0000, 0x0000, 0x0000, 0x0000, 0x0000, 0x0000, 0x0000, 0x0000, 0x0000, 0x0000, 0x0000, 0x0000,
  0x0000, 0x0000, 0x0000, 0x0000, 0x0000, 0x0000, 0x0000, 0x0000, 0x0000, 0x8208, 0x0000, 0x0000, 0x0000, 0x0000, 0x4611, 0xC310,
  0x0421, 0x6529, 0x0000, 0xE318, 0x8629, 0xA631, 0xC731, 0xA731, 0xC731, 0x8A42, 0x0C53, 0xE839, 0xC739, 0xAA52, 0xAA52, 0x8F5B,
  0x4D5B, 0x4852, 0x284A, 0x0B63, 0x0B63, 0x0742, 0xE318, 0x2421, 0x8210, 0x4521, 0x493A, 0x0321, 0x8531, 0x684A, 0x484A, 0x494A,
  0x6A42, 0xE320, 0xA631, 0xE739, 0x6531, 0xC739, 0x8631, 0xE318, 0xA210, 0xA210, 0xE318, 0x0321, 0x0000, 0x0000, 0xA210, 0x0000,
  0x0000, 0x0000, 0x0000, 0x0000, 0x0000, 0x0000, 0x0000, 0x0000, 0x0000, 0x0000, 0x0000, 0x0000, 0x0000, 0x0000, 0x0000, 0x0000,
  0x0000, 0x0000, 0x0000, 0x0000, 0x0000, 0x0000, 0x0000, 0x0000, 0x0000, 0x0000, 0xC318, 0x0000, 0x2421, 0xC318, 0xA210, 0x4529,
  0xC639, 0xE741, 0xA639, 0x2421, 0x0742, 0x4429, 0x0B63, 0x484A, 0x2429, 0xA210, 0xA721, 0x0742, 0x0B63, 0x8531, 0x2429, 0x6629,
  0x4521, 0xC318, 0x2742, 0x2B6B, 0xEB5A, 0x2E43, 0xC731, 0xEA62, 0xCA62, 0x694A, 0x0C53, 0x284A, 0xC639, 0x284A, 0x6952, 0x484A,
  0xC729, 0x6E53, 0xEB5A, 0xA210, 0xA210, 0xC310, 0x0421, 0xE318, 0x2421, 0x8631, 0x4621, 0xE929, 0x6621, 0xA210, 0x0000, 0xE418,
  0x4521, 0x0419, 0xE418, 0x4521, 0x8721, 0xE929, 0x8721, 0xE410, 0x0000, 0x0000, 0x0000, 0x0000, 0x0000, 0x0000, 0x0000, 0x0000,
  0x0000, 0x0000, 0x0000, 0x0000, 0x0000, 0x0000, 0x0000, 0x0000, 0x0000, 0x0000, 0x0000, 0x0000, 0x0000, 0x0000, 0x0000, 0x0000,
  0x0000, 0x0000, 0x0000, 0x0000, 0x0000, 0x0000, 0x0000, 0x0000, 0x0000, 0x0000, 0x0000, 0x0000, 0x0000, 0x0000, 0x0000, 0x0000,
  0x0000, 0x0000, 0x0000, 0x0000, 0x0000, 0x0000, 0x0000, 0x0000, 0x0000, 0x0000, 0x0000, 0x0000, 0x0000, 0x0000, 0x0000, 0x0000,
  0x0000, 0x0000, 0x0000, 0x0000, 0x0000, 0x0000, 0x0000, 0x0000, 0x0000, 0x0000, 0x0000, 0x0000, 0x0000, 0x0000, 0x0000, 0x0000,
  0x0000, 0x0000, 0x0000, 0x0000, 0x0000, 0x0000, 0x0000, 0x0000, 0x0000, 0x0000, 0x0000, 0x0000, 0x0000, 0x0000, 0x0000, 0x0000,
  0x0000, 0x0000, 0x0000, 0x0000, 0x0000, 0x0000, 0x0000, 0x0000, 0x0000, 0x0000, 0x0000, 0x0000, 0x0000, 0x0000, 0x0000, 0x0000,
  0x0000, 0x0000, 0x0000, 0x0000, 0x0000, 0x0000, 0x0000, 0x0000, 0x0000, 0x0000, 0x0000, 0x0000, 0x0000, 0x0000, 0x0000, 0x0000,
  0x0000, 0x0000, 0x0000, 0x0000, 0x0000, 0x0000, 0x0000, 0x0000, 0x0000, 0x0000, 0x0000, 0x0000, 0x0000, 0x0000, 0x0000, 0x0000,
  0x0000, 0x0000, 0x0000, 0x0000, 0x0000, 0x0000, 0x0000, 0x0000, 0x0000, 0x0000, 0x0000, 0x0000, 0x0000, 0x0000, 0x0000, 0x0000,
  0x0000, 0x0000, 0x0000, 0x0000, 0x0000, 0x0000, 0x0000, 0x0000, 0x0000, 0x0411, 0x2519, 0xC218, 0x0421, 0x0000, 0x0000, 0xA631,
  0xA731, 0xC739, 0x6629, 0xC310, 0x4A32, 0xCB42, 0xC731, 0xC739, 0xAA52, 0x494A, 0x0C4B, 0x4D5B, 0x2842, 0xE741, 0xCA5A, 0x0842,
  0xA639, 0xE318, 0x0000, 0x0421, 0xC318, 0xAB42, 0x6529, 0x4529, 0x8531, 0x484A, 0x0742, 0x083A, 0x083A, 0x2429, 0x073A, 0x6529,
  0xE741, 0x0742, 0x6529, 0xA210, 0x2421, 0xE318, 0x8531, 0xE320, 0xA210, 0xA210, 0xC218, 0x0000, 0x0000, 0x0000, 0x0000, 0x0000,
  0x0000, 0x0000, 0x0000, 0x0000, 0x0000, 0x0000, 0x0000, 0x0000, 0x0000, 0x0000, 0x0000, 0x0000, 0x0000, 0x0000, 0x0000, 0x0000,
  0x0000, 0x8210, 0x0000, 0x0000, 0x0000, 0x0000, 0x0000, 0xA210, 0x4529, 0x2421, 0xA210, 0x6529, 0x484A, 0x284A, 0xC639, 0x2421,
  0x484A, 0x0321, 0x8952, 0x2B6B, 0x0742, 0xA218, 0x6621, 0x2842, 0x2B6B, 0x284A, 0x6531, 0x6529, 0x8629, 0x0421, 0xE318, 0xE739,
  0xC641, 0xEC4A, 0x8B32, 0x8631, 0xCA5A, 0xAA5A, 0xCC4A, 0xCB4A, 0x8952, 0xE739, 0xC639, 0xAA52, 0x2842, 0xC731, 0x4E53, 0x083A,
  0x0000, 0xA210, 0xA210, 0x0421, 0xA210, 0xC739, 0xE318, 0xC310, 0x8621, 0x6721, 0xC308, 0x0000, 0xA310, 0x2521, 0x4529, 0x6629,
  0x4529, 0x6629, 0x8721, 0x6619, 0xE410, 0x0000, 0x0000, 0x0000, 0x0000, 0x0000, 0x0000, 0x0000, 0x0000, 0x0000, 0x0000, 0x0000,
  0x0000, 0x0000, 0x0000, 0x0000, 0x0000, 0x0000, 0x0000, 0x0000, 0x0000, 0x0000, 0x0000, 0x0000, 0x0000, 0x0000, 0x0000, 0x0000,
  0x0000, 0x0000, 0x0000, 0x0000, 0x0000, 0x0000, 0x0000, 0x0000, 0x0000, 0x0000, 0x0000, 0x0000, 0x0000, 0x0000, 0x0000, 0x0000,
  0x0000, 0x0000, 0x0000, 0x0000, 0x0000, 0x0000, 0x0000, 0x0000, 0x0000, 0x0000, 0x0000, 0x0000, 0x0000, 0x0000, 0x0000, 0x0000,
  0x0000, 0x0000, 0x0000, 0x0000, 0x0000, 0x0000, 0x0000, 0x0000, 0x0000, 0x0000, 0x0000, 0x0000, 0x0000, 0x0000, 0x0000, 0x0000,
  0x0000, 0x0000, 0x0000, 0x0000, 0x0000, 0x0000, 0x0000, 0x0000, 0x0000, 0x0000, 0x0000, 0x0000, 0x0000, 0x0000, 0x0000, 0x0000,
  0x0000, 0x0000, 0x0000, 0x0000, 0x0000, 0x0000, 0x0000, 0x0000, 0x0000, 0x0000, 0x0000, 0x0000, 0x0000, 0x0000, 0x0000, 0x0000,
  0x0000, 0x0000, 0x0000, 0x0000, 0x0000, 0x0000, 0x0000, 0x0000, 0x0000, 0x0000, 0x0000, 0x0000, 0x0000, 0x0000, 0x0000, 0x0000,
  0x0000, 0x0000, 0x0000, 0x0000, 0x0000, 0x0000, 0x0000, 0x0000, 0x0000, 0x0000, 0x0000, 0x0000, 0x0000, 0x0000, 0x0000, 0x0000,
  0x0000, 0x0000, 0x0000, 0x0000, 0x0000, 0x0000, 0x0000, 0x0000, 0x0000, 0x0000, 0x0000, 0x0000, 0x0000, 0x0000, 0x0000, 0x0000,
  0x8208, 0x8208, 0x8208, 0xA310, 0xA310, 0x4619, 0xC318, 0xA210, 0xC318, 0xE318, 0xA731, 0xE418, 0x2521, 0x4521, 0x0000, 0xA729,
  0x6F53, 0xE739, 0xE739, 0xCB5A, 0x0842, 0xAB42, 0xEC4A, 0xC639, 0x6531, 0xA631, 0x6529, 0xC318, 0x0421, 0x0000, 0x0000, 0x0321,
  0x083A, 0x4A3A, 0xC318, 0x6529, 0x0742, 0x6952, 0x284A, 0x8A4A, 0x8629, 0x8631, 0xE739, 0xA631, 0x484A, 0x0742, 0x2421, 0x0000,
  0x6529, 0x0421, 0x8531, 0xE320, 0xA210, 0xA210, 0xE318, 0xA210, 0x0000, 0x0000, 0x0000, 0x0000, 0x0000, 0x0000, 0x0000, 0x0000,
  0x0000, 0x0000, 0x0000, 0x0000, 0x0000, 0x0000, 0x0000, 0x0000, 0x0000, 0x0000, 0x0000, 0x0000, 0x0000, 0xC318, 0x0000, 0x0000,
  0xA210, 0x0000, 0x0000, 0xA210, 0x4421, 0x6529, 0x4429, 0x4529, 0x284A, 0xAA5A, 0xA631, 0x6529, 0x2842, 0x0321, 0x484A, 0x4C6B,
  0x8952, 0x6531, 0x4521, 0x083A, 0xCA5A, 0x4C6B, 0x484A, 0xE741, 0x8629, 0xA731, 0xC218, 0xE318, 0x6529, 0x2429, 0xAB3A, 0xE829,
  0x6531, 0x8952, 0x8A52, 0xCC42, 0x2842, 0x8952, 0x8952, 0x6952, 0x8A52, 0xC218, 0x493A, 0x0D4B, 0xE418, 0xA210, 0x0000, 0xA210,
  0xC318, 0x6529, 0x4429, 0x0000, 0x0000, 0xC310, 0x6621, 0x4619, 0xE418, 0xC418, 0x0421, 0x2521, 0x8631, 0x8731, 0x2521, 0xE418,
  0xC408, 0xE410, 0x8308, 0x0000, 0x0000, 0x0000, 0x0000, 0x0000, 0x0000, 0x0000, 0x0000, 0x0000, 0x0000, 0x0000, 0x0000, 0x0000,
  0x0000, 0x0000, 0x0000, 0x0000, 0x0000, 0x0000, 0x0000, 0x0000, 0x0000, 0x0000, 0x0000, 0x0000, 0x0000, 0x0000, 0x0000, 0x0000,
  0x0000, 0x0000, 0x0000, 0x0000, 0x0000, 0x0000, 0x0000, 0x0000, 0x0000, 0x0000, 0x0000, 0x0000, 0x0000, 0x0000, 0x0000, 0x0000,
  0x0000, 0x0000, 0x0000, 0x0000, 0x0000, 0x0000, 0x0000, 0x0000, 0x0000, 0x0000, 0x0000, 0x0000, 0x0000, 0x0000, 0x0000, 0x0000,
  0x0000, 0x0000, 0x0000, 0x0000, 0x0000, 0x0000, 0x0000, 0x0000, 0x0000, 0x0000, 0x0000, 0x0000, 0x0000, 0x0000, 0x0000, 0x0000,
  0x0000, 0x0000, 0x0000, 0x0000, 0x0000, 0x0000, 0x0000, 0x0000, 0x0000, 0x0000, 0x0000, 0x0000, 0x0000, 0x0000, 0x0000, 0x0000,
  0x0000, 0x0000, 0x0000, 0x0000, 0x0000, 0x0000, 0x0000, 0x0000, 0x0000, 0x0000, 0x0000, 0x0000, 0x0000, 0x0000, 0x0000, 0x0000,
  0x0000, 0x0000, 0x0000, 0x0000, 0x0000, 0x0000, 0x0000, 0x0000, 0x0000, 0x0000, 0x0000, 0x0000, 0x0000, 0x0000, 0x0000, 0x0000,
  0x0000, 0x0000, 0x0000, 0x0000, 0x0000, 0x0000, 0x0000, 0x0000, 0x0000, 0x0000, 0x0000, 0x0000, 0x0000, 0x0000, 0x0000, 0x0000,
  0x0000, 0x0000, 0x0000, 0x0000, 0x0000, 0x0000, 0x0000, 0x0000, 0x0000, 0x0000, 0x0000, 0x0000, 0x0000, 0xC310, 0xE418, 0xC318,
  0x0411, 0xE410, 0x0000, 0xC318, 0x6629, 0x8629, 0xC318, 0x0000, 0x0421, 0xA310, 0xE418, 0x8B32, 0x8A4A, 0xC739, 0x0842, 0xA631,
  0xE829, 0x4E53, 0x6529, 0x8631, 0x0421, 0xC318, 0xC318, 0x2421, 0x8210, 0x0000, 0x2421, 0xE739, 0x0D53, 0x8629, 0xE318, 0x0842,
  0x694A, 0x484A, 0x8952, 0x4942, 0x2421, 0xE739, 0x6529, 0xC639, 0x684A, 0x2842, 0x0419, 0x0000, 0x8531, 0x0421, 0x8531, 0x2429,
  0x0000, 0xA210, 0xC218, 0x0321, 0x0000, 0x0000, 0x0000, 0x0000, 0x0000, 0x0000, 0x0000, 0x0000, 0x0000, 0x0000, 0x0000, 0x0000,
  0x0000, 0x0000, 0x0000, 0x0000, 0x0000, 0x0000, 0x0000, 0x0000, 0x0000, 0xC318, 0xC318, 0x0000, 0xA210, 0xE318, 0x0000, 0x0000,
  0xE318, 0xA631, 0x0742, 0x6531, 0x6952, 0xA952, 0x8531, 0x6529, 0x0742, 0xC318, 0xE739, 0x4C6B, 0xCA5A, 0x0742, 0x4529, 0x6621,
  0x2842, 0x6D73, 0x6952, 0x8952, 0xA631, 0xA631, 0x6529, 0x4529, 0x2421, 0x2421, 0x8529, 0xAC3A, 0x2421, 0xA631, 0x484A, 0x4A3A,
  0xAB42, 0xC639, 0xC739, 0x2842, 0xCB5A, 0x0421, 0x2421, 0x4A3A, 0xC821, 0x0000, 0x0000, 0x0000, 0x0000, 0xC318, 0xE318, 0xE318,
  0x0000, 0x0000, 0xC318, 0xE418, 0x0519, 0x0519, 0xA310, 0x0000, 0xE418, 0x6629, 0x4521, 0xE418, 0x0000, 0x0000, 0x0000, 0x0000,
  0x0000, 0x0000, 0x0000, 0x0000, 0x0000, 0x0000, 0x0000, 0x0000, 0x0000, 0x0000, 0x0000, 0x0000, 0x0000, 0x0000, 0x0000, 0x0000,
  0x0000, 0x0000, 0x0000, 0x0000, 0x0000, 0x0000, 0x0000, 0x0000, 0x0000, 0x0000, 0x0000, 0x0000, 0x0000, 0x0000, 0x0000, 0x0000,
  0x0000, 0x0000, 0x0000, 0x0000, 0x0000, 0x0000, 0x0000, 0x0000, 0x0000, 0x0000, 0x0000, 0x0000, 0x0000, 0x0000, 0x0000, 0x0000,
  0x0000, 0x0000, 0x0000, 0x0000, 0x0000, 0x0000, 0x0000, 0x0000, 0x0000, 0x0000, 0x0000, 0x0000, 0x0000, 0x0000, 0x0000, 0x0000,
  0x0000, 0x0000, 0x0000, 0x0000, 0x0000, 0x0000, 0x0000, 0x0000, 0x0000, 0x0000, 0x0000, 0x0000, 0x0000, 0x0000, 0x0000, 0x0000,
  0x0000, 0x0000, 0x0000, 0x0000, 0x0000, 0x0000, 0x0000, 0x0000, 0x0000, 0x0000, 0x0000, 0x0000, 0x0000, 0x0000, 0x0000, 0x0000,
  0x0000, 0x0000, 0x0000, 0x0000, 0x0000, 0x0000, 0x0000, 0x0000, 0x0000, 0x0000, 0x0000, 0x0000, 0x0000, 0x0000, 0x0000, 0x0000,
  0x0000, 0x0000, 0x0000, 0x0000, 0x0000, 0x0000, 0x0000, 0x0000, 0x0000, 0x0000, 0x0000, 0x0000, 0x0000, 0x0000, 0x0000, 0x0000,
  0x0000, 0x0000, 0x0000, 0x0000, 0x0000, 0x0000, 0x0000, 0x0000, 0x0000, 0x0000, 0x0000, 0x0000, 0x0000, 0x0000, 0x0000, 0x0000,
  0x0000, 0x0000, 0x0000, 0x0000, 0x0000, 0x0000, 0x0000, 0x0000, 0xE418, 0x2521, 0xE418, 0xC310, 0x2511, 0xA210, 0x8210, 0x0421,
  0xA310, 0xA310, 0x0000, 0x0000, 0x0000, 0x0000, 0x8719, 0xC829, 0xE739, 0x8629, 0x6529, 0x6521, 0xEC42, 0x0419, 0x2421, 0x4529,
  0x0000, 0xE318, 0xE320, 0xE318, 0x0000, 0xE318, 0xA639, 0xAB4A, 0x6A42, 0x0421, 0x8629, 0x8952, 0x284A, 0x0742, 0x2842, 0xC729,
  0xE320, 0xC739, 0x4529, 0x484A, 0x484A, 0x0842, 0xE318, 0x0000, 0x8531, 0x2421, 0x8531, 0x4429, 0x0000, 0x0000, 0x0000, 0xE318,
  0x0000, 0x0000, 0x0000, 0x0000, 0x0000, 0x0000, 0x0000, 0x0000, 0x0000, 0x0000, 0x0000, 0x0000, 0x0000, 0x0000, 0x0000, 0x0000,
  0xA210, 0x0000, 0x0000, 0x0000, 0x0000, 0xA210, 0x4529, 0x0421, 0x0000, 0xA210, 0xE318, 0x0000, 0x0000, 0x6531, 0x0742, 0xC739,
  0x6952, 0xE739, 0x0319, 0x4529, 0x2842, 0x0421, 0x4429, 0xEB62, 0xEA62, 0x8952, 0xE739, 0xA729, 0x2421, 0x8952, 0x2C6B, 0xCA5A,
  0x684A, 0xE741, 0x8631, 0xE739, 0x0321, 0xE318, 0xE320, 0xC829, 0x2A2A, 0xC218, 0x8631, 0x6629, 0xED3A, 0x4942, 0xA631, 0x0421,
  0x694A, 0x894A, 0x6529, 0x6629, 0x6719, 0x0511, 0x0000, 0x0000, 0x0000, 0xE418, 0xE318, 0x2421, 0x2421, 0xE318, 0xC318, 0xE418,
  0xA210, 0x8208, 0x0519, 0xC310, 0x8208, 0xA310, 0xA310, 0xA310, 0x0000, 0x0000, 0x0000, 0x0000, 0x0000, 0x0000, 0x0000, 0x0000,
  0x0000, 0x0000, 0x0000, 0x0000, 0x0000, 0x0000, 0x0000, 0x0000, 0x0000, 0x0000, 0x0000, 0x0000, 0x0000, 0x0000, 0x0000, 0x0000,
  0x0000, 0x0000, 0x0000, 0x0000, 0x0000, 0x0000, 0x0000, 0x0000, 0x0000, 0x0000, 0x0000, 0x0000, 0x0000, 0x0000, 0x0000, 0x0000,
  0x0000, 0x0000, 0x0000, 0x0000, 0x0000, 0x0000, 0x0000, 0x0000, 0x0000, 0x0000, 0x0000, 0x0000, 0x0000, 0x0000, 0x0000, 0x0000,
  0x0000, 0x0000, 0x0000, 0x0000, 0x0000, 0x0000, 0x0000, 0x0000, 0x0000, 0x0000, 0x0000, 0x0000, 0x0000, 0x0000, 0x0000, 0x0000,
  0x0000, 0x0000, 0x0000, 0x0000, 0x0000, 0x0000, 0x0000, 0x0000, 0x0000, 0x0000, 0x0000, 0x0000, 0x0000, 0x0000, 0x0000, 0x0000,
  0x0000, 0x0000, 0x0000, 0x0000, 0x0000, 0x0000, 0x0000, 0x0000, 0x0000, 0x0000, 0x0000, 0x0000, 0x0000, 0x0000, 0x0000, 0x0000,
  0x0000, 0x0000, 0x0000, 0x0000, 0x0000, 0x0000, 0x0000, 0x0000, 0x0000, 0x0000, 0x0000, 0x0000, 0x0000, 0x0000, 0x0000, 0x0000,
  0x0000, 0x0000, 0x0000, 0x0000, 0x0000, 0x0000, 0x0000, 0x0000, 0x0000, 0x0000, 0x0000, 0x0000, 0x0000, 0x0000, 0x0000, 0x0000,
  0x0000, 0x0000, 0x0000, 0x0000, 0x0000, 0x0000, 0x0000, 0x0000, 0x0000, 0x0000, 0x0000, 0x0000, 0x0000, 0x0000, 0x0000, 0x0000,
  0x0000, 0x0000, 0xA310, 0xC310, 0x0419, 0x0419, 0xC318, 0x0411, 0x0411, 0x0000, 0x8210, 0xC310, 0x0000, 0x0000, 0x0000, 0xA210,
  0x0000, 0xE410, 0x8719, 0xE318, 0x8631, 0x8631, 0x2521, 0x4A32, 0x0419, 0x0421, 0x4529, 0x0000, 0x0000, 0x0000, 0xC318, 0x0419,
  0xC318, 0xA639, 0xE739, 0xCC4A, 0xA631, 0x6529, 0x484A, 0xCA5A, 0xA639, 0x6952, 0xA729, 0x2419, 0xE318, 0x0842, 0xE739, 0x0742,
  0x284A, 0x0742, 0x0000, 0x0000, 0x2421, 0xC639, 0x2421, 0x4429, 0x0000, 0x0000, 0x0000, 0xA210, 0xA210, 0x0000, 0x0000, 0xA210,
  0x0000, 0x0000, 0xA210, 0x0000, 0x0000, 0x0000, 0x0000, 0x0000, 0x0000, 0x0000, 0x0000, 0x0000, 0xE318, 0x0000, 0x0000, 0x0000,
  0x0000, 0x0000, 0xE318, 0xC639, 0x4529, 0x0000, 0x0000, 0x4429, 0xE318, 0x8631, 0xE739, 0xE739, 0x8631, 0xC739, 0xA210, 0x2421,
  0x2842, 0x2421, 0x2421, 0x0742, 0xCA5A, 0x0B63, 0x6952, 0x2842, 0x0421, 0x6529, 0xAA52, 0x6952, 0x0B63, 0x8952, 0xA631, 0x484A,
  0x0842, 0xC318, 0x2429, 0xC318, 0x2A2A, 0x8629, 0x8531, 0x2429, 0xC829, 0x092A, 0xA631, 0x0421, 0x4529, 0xE739, 0x6629, 0x8629,
  0xE418, 0x6719, 0xC410, 0x0000, 0x0000, 0xC318, 0x2421, 0xA210, 0xC318, 0x4529, 0x4521, 0x0419, 0x6629, 0xE418, 0xC310, 0xE410,
  0xE410, 0xC310, 0x0000, 0x0000, 0x0000, 0x0000, 0x0000, 0x0000, 0x0000, 0x0000, 0x0000, 0x0000, 0x0000, 0x0000, 0x0000, 0x0000,
  0x0000, 0x0000, 0x0000, 0x0000, 0x0000, 0x0000, 0x0000, 0x0000, 0x0000, 0x0000, 0x0000, 0x0000, 0x0000, 0x0000, 0x0000, 0x0000,
  0x0000, 0x0000, 0x0000, 0x0000, 0x0000, 0x0000, 0x0000, 0x0000, 0x0000, 0x0000, 0x0000, 0x0000, 0x0000, 0x0000, 0x0000, 0x0000,
  0x0000, 0x0000, 0x0000, 0x0000, 0x0000, 0x0000, 0x0000, 0x0000, 0x0000, 0x0000, 0x0000, 0x0000, 0x0000, 0x0000, 0x0000, 0x0000,
  0x0000, 0x0000, 0x0000, 0x0000, 0x0000, 0x0000, 0x0000, 0x0000, 0x0000, 0x0000, 0x0000, 0x0000, 0x0000, 0x0000, 0x0000, 0x0000,
  0x0000, 0x0000, 0x0000, 0x0000, 0x0000, 0x0000, 0x0000, 0x0000, 0x0000, 0x0000, 0x0000, 0x0000, 0x0000, 0x0000, 0x0000, 0x0000,
  0x0000, 0x0000, 0x0000, 0x0000, 0x0000, 0x0000, 0x0000, 0x0000, 0x0000, 0x0000, 0x0000, 0x0000, 0x0000, 0x0000, 0x0000, 0x0000,
  0x0000, 0x0000, 0x0000, 0x0000, 0x0000, 0x0000, 0x0000, 0x0000, 0x0000, 0x0000, 0x0000, 0x0000, 0x0000, 0x0000, 0x0000, 0x0000,
  0x0000, 0x0000, 0x0000, 0x0000, 0x0000, 0x0000, 0x0000, 0x0000, 0x0000, 0x0000, 0x0000, 0x0000, 0x0000, 0x0000, 0x0000, 0x0000,
  0x0000, 0x0000, 0x0000, 0x0000, 0x0000, 0x0000, 0x0000, 0x0000, 0x0000, 0x0000, 0x0000, 0x0000, 0x0000, 0xA310, 0xA310, 0x8208,
  0xE418, 0xC310, 0x8208, 0x0511, 0x0000, 0x0000, 0x0000, 0x0000, 0x0000, 0x0000, 0x0000, 0xA310, 0x0000, 0x6619, 0xC318, 0xC318,
  0xC739, 0x6529, 0xE821, 0x6621, 0xC318, 0x0421, 0x0000, 0x0000, 0xA210, 0xA210, 0xE318, 0x6529, 0xA631, 0xE741, 0x4942, 0x6A3A,
  0xA631, 0x0742, 0xA952, 0xC739, 0x8A4A, 0xC639, 0xC310, 0xC318, 0x4429, 0x0842, 0xA631, 0x2842, 0x284A, 0xE739, 0x0000, 0x0000,
  0xE318, 0x0742, 0x0321, 0x0421, 0x0000, 0x0000, 0x0000, 0xA210, 0x0000, 0x0000, 0x0000, 0x0000, 0xA210, 0x0421, 0x0000, 0x0000,
  0x0000, 0x0000, 0x0000, 0x0000, 0x0000, 0x0000, 0x8210, 0xC318, 0xA210, 0xE318, 0x0000, 0x0000, 0x0000, 0x0000, 0xA210, 0x4529,
  0xE739, 0xE741, 0x0421, 0xA210, 0xE318, 0x0842, 0x8631, 0xA631, 0x2421, 0x6529, 0xA210, 0x0421, 0x2842, 0x6629, 0x0421, 0xA639,
  0xE741, 0xEB5A, 0xAA52, 0x2842, 0x2421, 0xA210, 0x0842, 0x484A, 0x8952, 0x6D6B, 0x494A, 0xE739, 0x0842, 0x6529, 0x0421, 0x2421,
  0xE410, 0xE921, 0x2421, 0xA631, 0x0421, 0xC821, 0xC739, 0x4429, 0x0421, 0x2421, 0xE418, 0xA210, 0x2521, 0x0419, 0x4711, 0xA310,
  0x0000, 0x0000, 0x0000, 0xA210, 0xC318, 0xC318, 0x0419, 0x2421, 0x0419, 0x8629, 0x4521, 0x4521, 0x0419, 0x2519, 0xC410, 0xA308,
  0x0000, 0x0000, 0x0000, 0x0000, 0x0000, 0x0000, 0x0000, 0x0000, 0x0000, 0x0000, 0x0000, 0x0000, 0x0000, 0x0000, 0x0000, 0x0000,
  0x0000, 0x0000, 0x0000, 0x0000, 0x0000, 0x0000, 0x0000, 0x0000, 0x0000, 0x0000, 0x0000, 0x0000, 0x0000, 0x0000, 0x0000, 0x0000,
  0x0000, 0x0000, 0x0000, 0x0000, 0x0000, 0x0000, 0x0000, 0x0000, 0x0000, 0x0000, 0x0000, 0x0000, 0x0000, 0x0000, 0x0000, 0x0000,
  0x0000, 0x0000, 0x0000, 0x0000, 0x0000, 0x0000, 0x0000, 0x0000, 0x0000, 0x0000, 0x0000, 0x0000, 0x0000, 0x0000, 0x0000, 0x0000,
  0x0000, 0x0000, 0x0000, 0x0000, 0x0000, 0x0000, 0x0000, 0x0000, 0x0000, 0x0000, 0x0000, 0x0000, 0x0000, 0x0000, 0x0000, 0x0000,
  0x0000, 0x0000, 0x0000, 0x0000, 0x0000, 0x0000, 0x0000, 0x0000, 0x0000, 0x0000, 0x0000, 0x0000, 0x0000, 0x0000, 0x0000, 0x0000,
  0x0000, 0x0000, 0x0000, 0x0000, 0x0000, 0x0000, 0x0000, 0x0000, 0x0000, 0x0000, 0x0000, 0x0000, 0x0000, 0x0000, 0x0000, 0x0000,
  0x0000, 0x0000, 0x0000, 0x0000, 0x0000, 0x0000, 0x0000, 0x0000, 0x0000, 0x0000, 0x0000, 0x0000, 0x0000, 0x0000, 0x0000, 0x0000,
  0x0000, 0x0000, 0x0000, 0x0000, 0x0000, 0x0000, 0x0000, 0x0000, 0x0000, 0x0000, 0x0000, 0x0000, 0x0000, 0x0000, 0x0000, 0x0000,
  0x0000, 0x0000, 0x0000, 0x0000, 0x0000, 0x0000, 0x0000, 0x0000, 0x0000, 0x0000, 0x0000, 0xC310, 0xA310, 0xC310, 0xC310, 0xA308,
  0x0000, 0x0000, 0x0000, 0x0000, 0x0000, 0x0000, 0x0000, 0x0000, 0x2511, 0xA208, 0x0000, 0xE418, 0x0421, 0x4519, 0xC821, 0xA210,
  0x2421, 0x0000, 0x0000, 0x0000, 0xA210, 0xC318, 0x0421, 0x8631, 0xC739, 0xA639, 0x2932, 0x4521, 0x2421, 0x284A, 0xE739, 0x6A4A,
  0xA731, 0xC318, 0x2421, 0x2421, 0x8531, 0xE739, 0xA631, 0x694A, 0x0742, 0xA639, 0x0000, 0x0000, 0xC318, 0xE741, 0x6529, 0x4429,
  0x0000, 0xA210, 0xC310, 0x0000, 0x0000, 0x0000, 0x0000, 0x0421, 0x4529, 0xC318, 0xA210, 0x0000, 0x0000, 0x0000, 0x0000, 0x0000,
  0x0000, 0x0000, 0x0421, 0xC318, 0x4529, 0x4529, 0x0000, 0x0000, 0x0000, 0x0000, 0xE318, 0x0000, 0x0000, 0x6529, 0xE739, 0xE739,
  0x2421, 0xE739, 0x4529, 0x4529, 0xE318, 0x8631, 0x0419, 0xA210, 0xC739, 0x6629, 0xA631, 0x8631, 0xC739, 0x8631, 0x0B63, 0xEB62,
  0x8631, 0x0000, 0x4529, 0xC639, 0xE739, 0x8952, 0xCA5A, 0x0742, 0xE739, 0x6529, 0x6531, 0x8631, 0xC318, 0x4611, 0xE410, 0xE318,
  0x4529, 0x8721, 0x6719, 0xA639, 0xC739, 0x6529, 0xE318, 0xA210, 0x0000, 0xC310, 0xC410, 0x4711, 0x0000, 0x0000, 0x0000, 0x0000,
  0x0421, 0x4529, 0xC310, 0x0419, 0xA310, 0xE418, 0x6629, 0x6629, 0xE418, 0xE418, 0xE410, 0xC310, 0x8208, 0x8208, 0x0000, 0x0000,
  0x0000, 0x0000, 0x0000, 0x0000, 0x0000, 0x0000, 0x0000, 0x0000, 0x0000, 0x0000, 0x0000, 0x0000, 0x0000, 0x0000, 0x0000, 0x0000,
  0x0000, 0x0000, 0x0000, 0x0000, 0x0000, 0x0000, 0x0000, 0x0000, 0x0000, 0x0000, 0x0000, 0x0000, 0x0000, 0x0000, 0x0000, 0x0000,
  0x0000, 0x0000, 0x0000, 0x0000, 0x0000, 0x0000, 0x0000, 0x0000, 0x0000, 0x0000, 0x0000, 0x0000, 0x0000, 0x0000, 0x0000, 0x0000,
  0x0000, 0x0000, 0x0000, 0x0000, 0x0000, 0x0000, 0x0000, 0x0000, 0x0000, 0x0000, 0x0000, 0x0000, 0x0000, 0x0000, 0x0000, 0x0000,
  0x0000, 0x0000, 0x0000, 0x0000, 0x0000, 0x0000, 0x0000, 0x0000, 0x0000, 0x0000, 0x0000, 0x0000, 0x0000, 0x0000, 0x0000, 0x0000,
  0x0000, 0x0000, 0x0000, 0x0000, 0x0000, 0x0000, 0x0000, 0x0000, 0x0000, 0x0000, 0x0000, 0x0000, 0x0000, 0x0000, 0x0000, 0x0000,
  0x0000, 0x0000, 0x0000, 0x0000, 0x0000, 0x0000, 0x0000, 0x0000, 0x0000, 0x0000, 0x0000, 0x0000, 0x0000, 0x0000, 0x0000, 0x0000,
  0x0000, 0x0000, 0x0000, 0x0000, 0x0000, 0x0000, 0x0000, 0x0000, 0x0000, 0x0000, 0x0000, 0x0000, 0x0000, 0x0000, 0x0000, 0x0000,
  0x0000, 0x0000, 0x0000, 0x0000, 0x0000, 0x0000, 0x0000, 0x0000, 0x0000, 0x0000, 0x0000, 0x0000, 0x0000, 0x0000, 0x0000, 0x0000,
  0x0000, 0x0000, 0x0000, 0x0000, 0x0000, 0x0000, 0xC310, 0xC310, 0xA310, 0xA310, 0xA308, 0x8210, 0x8210, 0x0000, 0xA310, 0xA310,
  0x0000, 0x0000, 0x0000, 0x8208, 0xE410, 0x0000, 0xC310, 0xE318, 0xA310, 0xE929, 0x0419, 0xE318, 0xC318, 0x0000, 0x0000, 0x0000,
  0x0000, 0x0421, 0x8631, 0xA639, 0xC739, 0x6629, 0xE829, 0x0421, 0xE739, 0x2942, 0x8A52, 0x4529, 0x2421, 0x4529, 0x4421, 0xC639,
  0xE739, 0x0742, 0x0742, 0x284A, 0xC639, 0x6529, 0x0000, 0x0000, 0x0000, 0x2842, 0x6529, 0x2421, 0xC318, 0x0421, 0xA310, 0xA210,
  0xE318, 0xC318, 0x6529, 0x6529, 0x2421, 0xE318, 0x0000, 0x0000, 0x0000, 0x0000, 0x0000, 0xA310, 0x0000, 0x0000, 0xA210, 0x2421,
  0xE318, 0x8631, 0x8631, 0x0000, 0x0000, 0x0000, 0x0419, 0x2421, 0xA210, 0x0000, 0x0000, 0x0421, 0xC739, 0x2842, 0x0421, 0xC318,
  0x0421, 0xC739, 0x0421, 0xE418, 0x4521, 0x6529, 0xC739, 0xA739, 0xC739, 0x4529, 0x0421, 0xAA52, 0x8952, 0x4529, 0x2421, 0x6529,
  0x2421, 0x284A, 0x694A, 0x694A, 0x2842, 0x6529, 0x8631, 0xA631, 0x0321, 0x0000, 0x8819, 0x0000, 0x0000, 0x4521, 0x8819, 0xA210,
  0x6529, 0x6529, 0x6529, 0x6529, 0x0000, 0x8210, 0xA210, 0xA308, 0x0511, 0x0000, 0x0000, 0x0000, 0x0000, 0x8210, 0xC310, 0x6629,
  0x6629, 0x2521, 0x0519, 0x0419, 0x6629, 0xE410, 0xC410, 0xA310, 0x0000, 0x0000, 0x0000, 0x0000, 0x0000, 0x0000, 0x0000, 0x0000,
  0x0000, 0x0000, 0x0000, 0x0000, 0x0000, 0x0000, 0x0000, 0x0000, 0x0000, 0x0000, 0x0000, 0x0000, 0x0000, 0x0000, 0x0000, 0x0000,
  0x0000, 0x0000, 0x0000, 0x0000, 0x0000, 0x0000, 0x0000, 0x0000, 0x0000, 0x0000, 0x0000, 0x0000, 0x0000, 0x0000, 0x0000, 0x0000,
  0x0000, 0x0000, 0x0000, 0x0000, 0x0000, 0x0000, 0x0000, 0x0000, 0x0000, 0x0000, 0x0000, 0x0000, 0x0000, 0x0000, 0x0000, 0x0000,
  0x0000, 0x0000, 0x0000, 0x0000, 0x0000, 0x0000, 0x0000, 0x0000, 0x0000, 0x0000, 0x0000, 0x0000, 0x0000, 0x0000, 0x0000, 0x0000,
  0x0000, 0x0000, 0x0000, 0x0000, 0x0000, 0x0000, 0x0000, 0x0000, 0x0000, 0x0000, 0x0000, 0x0000, 0x0000, 0x0000, 0x0000, 0x0000,
  0x0000, 0x0000, 0x0000, 0x0000, 0x0000, 0x0000, 0x0000, 0x0000, 0x0000, 0x0000, 0x0000, 0x0000, 0x0000, 0x0000, 0x0000, 0x0000,
  0x0000, 0x0000, 0x0000, 0x0000, 0x0000, 0x0000, 0x0000, 0x0000, 0x0000, 0x0000, 0x0000, 0x0000, 0x0000, 0x0000, 0x0000, 0x0000,
  0x0000, 0x0000, 0x0000, 0x0000, 0x0000, 0x0000, 0x0000, 0x0000, 0x0000, 0x0000, 0x0000, 0x0000, 0x0000, 0x0000, 0x0000, 0x0000,
  0x0000, 0x0000, 0x0000, 0x0000, 0x0000, 0x0000, 0x0000, 0x0000, 0x0000, 0x0000, 0x0000, 0x0000, 0x0000, 0x0000, 0x0000, 0x0000,
  0x0000, 0x0000, 0x0000, 0x0000, 0x0000, 0x8208, 0xC310, 0x0000, 0x0000, 0x0000, 0x0000, 0x0000, 0x0000, 0x0000, 0x0000, 0xE410,
  0x0000, 0x0000, 0x2521, 0x0000, 0x6619, 0x6621, 0x0000, 0x0000, 0x0000, 0x0000, 0x0000, 0x0000, 0xC318, 0x6529, 0xC739, 0xA631,
  0x6531, 0x6621, 0x2519, 0xA631, 0x6A4A, 0x083A, 0xA310, 0x0000, 0x8631, 0xA210, 0xC739, 0xC731, 0x2842, 0x0742, 0x2842, 0xE741,
  0x6529, 0xC318, 0x0000, 0x8210, 0xA210, 0x284A, 0x6529, 0xE318, 0x0421, 0xC318, 0x0000, 0xA210, 0xE318, 0x6529, 0x6529, 0xC318,
  0x0000, 0x0000, 0x0000, 0x0000, 0x0000, 0x0000, 0xC318, 0x4521, 0xC318, 0x0000, 0x0000, 0xA210, 0xE739, 0x0421, 0xE739, 0xE418,
  0x0000, 0x0000, 0x0000, 0x0000, 0x4529, 0x4529, 0xE318, 0xA210, 0x4529, 0xC739, 0x6529, 0x0421, 0xC739, 0xC731, 0x0419, 0xA631,
  0xE318, 0x2421, 0x8629, 0x0842, 0x8631, 0xC739, 0x0421, 0x8631, 0x2842, 0x0742, 0x2421, 0xC739, 0x2421, 0x6529, 0x694A, 0x284A,
  0xC639, 0x4529, 0x2421, 0xA631, 0x0319, 0x8210, 0x2611, 0x2511, 0x0000, 0x0000, 0x8719, 0xE418, 0xE318, 0x0319, 0x2421, 0x0421,
  0xA210, 0x0000, 0x0000, 0xA310, 0xA308, 0x0511, 0x0000, 0x0000, 0x0000, 0x0000, 0xA310, 0xE418, 0x4521, 0x6521, 0x6629, 0xA310,
  0x0419, 0xE418, 0xE418, 0xA310, 0x0000, 0x0000, 0x0000, 0x0000, 0x0000, 0x0000, 0x0000, 0x0000, 0x0000, 0x0000, 0x0000, 0x0000,
  0x0000, 0x0000, 0x0000, 0x0000, 0x0000, 0x0000, 0x0000, 0x0000, 0x0000, 0x0000, 0x0000, 0x0000, 0x0000, 0x0000, 0x0000, 0x0000,
  0x0000, 0x0000, 0x0000, 0x0000, 0x0000, 0x0000, 0x0000, 0x0000, 0x0000, 0x0000, 0x0000, 0x0000, 0x0000, 0x0000, 0x0000, 0x0000,
  0x0000, 0x0000, 0x0000, 0x0000, 0x0000, 0x0000, 0x0000, 0x0000, 0x0000, 0x0000, 0x0000, 0x0000, 0x0000, 0x0000, 0x0000, 0x0000,
  0x0000, 0x0000, 0x0000, 0x0000, 0x0000, 0x0000, 0x0000, 0x0000, 0x0000, 0x0000, 0x0000, 0x0000, 0x0000, 0x0000, 0x0000, 0x0000,
  0x0000, 0x0000, 0x0000, 0x0000, 0x0000, 0x0000, 0x0000, 0x0000, 0x0000, 0x0000, 0x0000, 0x0000, 0x0000, 0x0000, 0x0000, 0x0000,
  0x0000, 0x0000, 0x0000, 0x0000, 0x0000, 0x0000, 0x0000, 0x0000, 0x0000, 0x0000, 0x0000, 0x0000, 0x0000, 0x0000, 0x0000, 0x0000,
  0x0000, 0x0000, 0x0000, 0x0000, 0x0000, 0x0000, 0x0000, 0x0000, 0x0000, 0x0000, 0x0000, 0x0000, 0x0000, 0x0000, 0x0000, 0x0000,
  0x0000, 0x0000, 0x0000, 0x0000, 0x0000, 0x0000, 0x0000, 0x0000, 0x0000, 0x0000, 0x0000, 0x0000, 0x0000, 0x0000, 0x0000, 0x0000,
  0x0000, 0x0000, 0x0000, 0x0000, 0x0000, 0x0000, 0x0000, 0x0000, 0x0000, 0x0000, 0x0000, 0x0000, 0x0000, 0x0000, 0x0000, 0x0000,
  0x0000, 0xC308, 0x8210, 0x0000, 0x0000, 0x0000, 0x0000, 0x0000, 0x0000, 0x0000, 0x0000, 0xA308, 0x0000, 0x0000, 0xA310, 0x8308,
  0xA821, 0x0000, 0x0000, 0x0000, 0x0000, 0x0000, 0x0000, 0x0000, 0xE318, 0x6529, 0x4529, 0xC739, 0x6529, 0x2619, 0x8629, 0x2842,
  0x4529, 0x0000, 0x0000, 0x4529, 0xE318, 0x8631, 0xA631, 0xA631, 0x0742, 0xA631, 0xC739, 0x2421, 0xA210, 0x0000, 0x0000, 0xC318,
  0xE318, 0x8952, 0x2429, 0x0000, 0xE318, 0xA210, 0xA210, 0xE418, 0x2421, 0x2421, 0x0000, 0x0000, 0x0000, 0x0000, 0x0000, 0x8208,
  0x0000, 0x0000, 0x4529, 0xA631, 0xC318, 0x0000, 0x0000, 0x0000, 0x0421, 0x2842, 0xC739, 0x6529, 0x0000, 0x0000, 0x0000, 0x0000,
  0x0000, 0xA210, 0xE318, 0x6529, 0x0842, 0xA210, 0x0842, 0x8631, 0x0742, 0x694A, 0x2421, 0x4942, 0xE318, 0x0000, 0x4521, 0xA631,
  0xC739, 0xE739, 0xE318, 0xE318, 0x8629, 0x0842, 0xE739, 0xC639, 0x0421, 0x0319, 0xA631, 0x6952, 0x2421, 0xA631, 0x2421, 0x4529,
  0xC318, 0xE318, 0x0000, 0x8719, 0x0000, 0x0000, 0xE410, 0xC308, 0x0000, 0x2421, 0x8631, 0xC318, 0xC318, 0xA210, 0x0000, 0xA210,
  0x8210, 0xE510, 0xC408, 0x0000, 0x0000, 0x0000, 0x0000, 0xC318, 0x0421, 0xE418, 0x2421, 0x0419, 0xC410, 0xA310, 0xE418, 0x0419,
  0xA310, 0x0000, 0x0000, 0x0000, 0x0000, 0x0000, 0x0000, 0x0000, 0x0000, 0x0000, 0x0000, 0x0000, 0x0000, 0x0000, 0x0000, 0x0000,
  0x0000, 0x0000, 0x0000, 0x0000, 0x0000, 0x0000, 0x0000, 0x0000, 0x0000, 0x0000, 0x0000, 0x0000, 0x0000, 0x0000, 0x0000, 0x0000,
  0x0000, 0x0000, 0x0000, 0x0000, 0x0000, 0x0000, 0x0000, 0x0000, 0x0000, 0x0000, 0x0000, 0x0000, 0x0000, 0x0000, 0x0000, 0x0000,
  0x0000, 0x0000, 0x0000, 0x0000, 0x0000, 0x0000, 0x0000, 0x0000, 0x0000, 0x0000, 0x0000, 0x0000, 0x0000, 0x0000, 0x0000, 0x0000,
  0x0000, 0x0000, 0x0000, 0x0000, 0x0000, 0x0000, 0x0000, 0x0000, 0x0000, 0x0000, 0x0000, 0x0000, 0x0000, 0x0000, 0x0000, 0x0000,
  0x0000, 0x0000, 0x0000, 0x0000, 0x0000, 0x0000, 0x0000, 0x0000, 0x0000, 0x0000, 0x0000, 0x0000, 0x0000, 0x0000, 0x0000, 0x0000,
  0x0000, 0x0000, 0x0000, 0x0000, 0x0000, 0x0000, 0x0000, 0x0000, 0x0000, 0x0000, 0x0000, 0x0000, 0x0000, 0x0000, 0x0000, 0x0000,
  0x0000, 0x0000, 0x0000, 0x0000, 0x0000, 0x0000, 0x0000, 0x0000, 0x0000, 0x0000, 0x0000, 0x0000, 0x0000, 0x0000, 0x0000, 0x0000,
  0x0000, 0x0000, 0x0000, 0x0000, 0x0000, 0x0000, 0x0000, 0x0000, 0x0000, 0x0000, 0x0000, 0x0000, 0x0000, 0x0000, 0x0000, 0x0000,
  0x0000, 0x0000, 0x0000, 0x0000, 0x0000, 0x0000, 0x0000, 0x0000, 0x0000, 0x0000, 0x0000, 0x0000, 0x0000, 0x0000, 0x0000, 0x0000,
  0x0000, 0x0000, 0x0000, 0x0000, 0x0000, 0x0000, 0xC408, 0x0000, 0x0000, 0x0000, 0x8210, 0x6711, 0xE418, 0x0000, 0x0000, 0x0000,
  0x0000, 0x0000, 0x0000, 0xA210, 0xE318, 0x0421, 0x4529, 0x6531, 0x0419, 0xC829, 0x6529, 0xE418, 0x0000, 0x0000, 0x0000, 0x0421,
  0x6529, 0xA631, 0xC631, 0x2842, 0x0842, 0xC639, 0x6529, 0x0000, 0x0000, 0x8210, 0xA310, 0xC318, 0x2421, 0x8952, 0x0421, 0xE418,
  0xA310, 0x0000, 0xC318, 0xC318, 0xE318, 0x0000, 0x0000, 0x0000, 0x0000, 0x0000, 0xC318, 0xC318, 0x0000, 0x0000, 0x2842, 0x0842,
  0xA310, 0xA210, 0x0000, 0x0000, 0x0000, 0xA731, 0x8A4A, 0x6629, 0x0000, 0x0000, 0x0000, 0x0000, 0x0000, 0x0000, 0x0000, 0xA310,
  0x6529, 0xE418, 0x0421, 0xE739, 0xC739, 0xEB5A, 0x2842, 0x694A, 0x2421, 0x0000, 0xC310, 0x0421, 0x6529, 0x694A, 0x6529, 0x0319,
  0xA631, 0x4529, 0xC739, 0x8629, 0x0000, 0x0421, 0x0321, 0xC739, 0xE318, 0x4429, 0xC639, 0x2421, 0xA210, 0xC318, 0x0000, 0x2511,
  0xC308, 0x0000, 0x0000, 0x0511, 0x0000, 0xC318, 0x0421, 0x2421, 0xA210, 0x0000, 0xE318, 0xE418, 0xA310, 0xA210, 0x2619, 0x0000,
  0x0000, 0x0000, 0x0000, 0x0000, 0x0419, 0xE418, 0x2521, 0x2521, 0xE418, 0xE418, 0xC310, 0xC310, 0xA310, 0x8208, 0x0000, 0x0000,
  0x0000, 0x0000, 0x0000, 0x0000, 0x0000, 0x0000, 0x0000, 0x0000, 0x0000, 0x0000, 0x0000, 0x0000, 0x0000, 0x0000, 0x0000, 0x0000,
  0x0000, 0x0000, 0x0000, 0x0000, 0x0000, 0x0000, 0x0000, 0x0000, 0x0000, 0x0000, 0x0000, 0x0000, 0x0000, 0x0000, 0x0000, 0x0000,
  0x0000, 0x0000, 0x0000, 0x0000, 0x0000, 0x0000, 0x0000, 0x0000, 0x0000, 0x0000, 0x0000, 0x0000, 0x0000, 0x0000, 0x0000, 0x0000,
  0x0000, 0x0000, 0x0000, 0x0000, 0x0000, 0x0000, 0x0000, 0x0000, 0x0000, 0x0000, 0x0000, 0x0000, 0x0000, 0x0000, 0x0000, 0x0000,
  0x0000, 0x0000, 0x0000, 0x0000, 0x0000, 0x0000, 0x0000, 0x0000, 0x0000, 0x0000, 0x0000, 0x0000, 0x0000, 0x0000, 0x0000, 0x0000,
  0x0000, 0x0000, 0x0000, 0x0000, 0x0000, 0x0000, 0x0000, 0x0000, 0x0000, 0x0000, 0x0000, 0x0000, 0x0000, 0x0000, 0x0000, 0x0000,
  0x0000, 0x0000, 0x0000, 0x0000, 0x0000, 0x0000, 0x0000, 0x0000, 0x0000, 0x0000, 0x0000, 0x0000, 0x0000, 0x0000, 0x0000, 0x0000,
  0x0000, 0x0000, 0x0000, 0x0000, 0x0000, 0x0000, 0x0000, 0x0000, 0x0000, 0x0000, 0x0000, 0x0000, 0x0000, 0x0000, 0x0000, 0x0000,
  0x0000, 0x0000, 0x0000, 0x0000, 0x0000, 0x0000, 0x0000, 0x0000, 0x0000, 0x0000, 0x0000, 0x0000, 0x0000, 0x0000, 0x0000, 0x0000,
  0x0000, 0x0000, 0x0000, 0x0000, 0x0000, 0x0000, 0x0000, 0x0000, 0x0000, 0x0000, 0x0000, 0x0000, 0x0000, 0x0000, 0xA210, 0xA210,
  0x0000, 0x0000, 0xA308, 0x0000, 0x0000, 0x0000, 0xE410, 0x2511, 0x0000, 0x0000, 0x0000, 0x0000, 0x0000, 0x0000, 0x0000, 0xC318,
  0xE318, 0xE318, 0xC318, 0x2421, 0xE831, 0x4519, 0x8210, 0x8210, 0x0000, 0x0000, 0xA210, 0x4529, 0x8631, 0xC739, 0x4942, 0x694A,
  0xA631, 0x2421, 0xA310, 0x0000, 0xE418, 0xC318, 0x4529, 0x4521, 0x4529, 0xC639, 0x0421, 0x0421, 0x0000, 0x0000, 0x0000, 0x0000,
  0x0000, 0x0000, 0x0000, 0x0000, 0x0000, 0xA210, 0x4521, 0xE418, 0x0000, 0x0000, 0x8A52, 0xA631, 0x0421, 0x0000, 0x0000, 0x0000,
  0x0000, 0x2421, 0x083A, 0xE839, 0x0000, 0xA310, 0x8210, 0x0000, 0x0000, 0x0000, 0x0000, 0x0000, 0x0000, 0xA210, 0x0000, 0xC318,
  0xC639, 0xEB5A, 0xAA52, 0x0842, 0x4529, 0xC210, 0x0000, 0x8210, 0x6529, 0x694A, 0xA631, 0x2421, 0xE739, 0xE318, 0x8631, 0x6529,
  0x0000, 0xA210, 0x0421, 0x4529, 0x0000, 0xC318, 0x6529, 0x6529, 0xC218, 0xA210, 0x0000, 0x8200, 0x2611, 0x0000, 0x0000, 0x0511,
  0x0000, 0xA210, 0xA210, 0xC318, 0x0421, 0xA210, 0xA210, 0x4529, 0x0421, 0xC318, 0xC318, 0x2619, 0x0000, 0x0000, 0x0000, 0x0000,
  0x8210, 0x0000, 0xA310, 0x0421, 0x2521, 0xC310, 0xE418, 0xC310, 0x8208, 0x0000, 0x0000, 0x0000, 0x0000, 0x0000, 0x0000, 0x0000,
  0x0000, 0x0000, 0x0000, 0x0000, 0x0000, 0x0000, 0x0000, 0x0000, 0x0000, 0x0000, 0x0000, 0x0000, 0x0000, 0x0000, 0x0000, 0x0000,
  0x0000, 0x0000, 0x0000, 0x0000, 0x0000, 0x0000, 0x0000, 0x0000, 0x0000, 0x0000, 0x0000, 0x0000, 0x0000, 0x0000, 0x0000, 0x0000,
  0x0000, 0x0000, 0x0000, 0x0000, 0x0000, 0x0000, 0x0000, 0x0000, 0x0000, 0x0000, 0x0000, 0x0000, 0x0000, 0x0000, 0x0000, 0x0000,
  0x0000, 0x0000, 0x0000, 0x0000, 0x0000, 0x0000, 0x0000, 0x0000, 0x0000, 0x0000, 0x0000, 0x0000, 0x0000, 0x0000, 0x0000, 0x0000,
  0x0000, 0x0000, 0x0000, 0x0000, 0x0000, 0x0000, 0x0000, 0x0000, 0x0000, 0x0000, 0x0000, 0x0000, 0x0000, 0x0000, 0x0000, 0x0000,
  0x0000, 0x0000, 0x0000, 0x0000, 0x0000, 0x0000, 0x0000, 0x0000, 0x0000, 0x0000, 0x0000, 0x0000, 0x0000, 0x0000, 0x0000, 0x0000,
  0x0000, 0x0000, 0x0000, 0x0000, 0x0000, 0x0000, 0x0000, 0x0000, 0x0000, 0x0000, 0x0000, 0x0000, 0x0000, 0x0000, 0x0000, 0x0000,
  0x0000, 0x0000, 0x0000, 0x0000, 0x0000, 0x0000, 0x0000, 0x0000, 0x0000, 0x0000, 0x0000, 0x0000, 0x0000, 0x0000, 0x0000, 0x0000,
  0x0000, 0x0000, 0x0000, 0x0000, 0x0000, 0x0000, 0x0000, 0x0000, 0x0000, 0x0000, 0x0000, 0x0000, 0x0000, 0x0000, 0x0000, 0x0000,
  0x0000, 0x0000, 0x0000, 0x0000, 0x0000, 0x0000, 0x0000, 0x0000, 0x0000, 0xC310, 0xC318, 0x0000, 0x0000, 0xA308, 0x0000, 0x0000,
  0x0000, 0x0000, 0x2511, 0x0000, 0x0000, 0x0000, 0x0000, 0x0000, 0x0000, 0x0000, 0x0000, 0x2421, 0x0421, 0x0000, 0x0421, 0x8631,
  0x6621, 0xC318, 0x0000, 0x0000, 0x0000, 0xA210, 0xC318, 0x8631, 0x6529, 0x4942, 0x694A, 0x4529, 0xC218, 0x0000, 0xA210, 0xC318,
  0x2521, 0x0421, 0xE739, 0x0421, 0x6529, 0x4529, 0x0000, 0x0000, 0x0000, 0x0000, 0x0000, 0x0000, 0x0000, 0x0000, 0x0000, 0x0000,
  0x0000, 0xC318, 0xC739, 0x2421, 0xC318, 0x0000, 0xA631, 0x2842, 0x2421, 0x8210, 0x0000, 0x0000, 0xA210, 0xC318, 0xC739, 0xA631,
  0xC318, 0xE418, 0x2521, 0xA310, 0x0000, 0x0000, 0x0000, 0x0000, 0x0000, 0x0000, 0x0000, 0x0000, 0x6529, 0xCA5A, 0xAA52, 0x0742,
  0x4529, 0x2421, 0xC318, 0xC318, 0x2421, 0x6629, 0x0842, 0x2421, 0x8631, 0x0419, 0x2421, 0x2521, 0x0000, 0x0000, 0xC318, 0x4529,
  0x0000, 0xC218, 0x0321, 0xC318, 0xE318, 0x0421, 0xA210, 0x0000, 0x2611, 0x0000, 0x0000, 0xC408, 0x0000, 0xC318, 0x8210, 0xC318,
  0xC318, 0x2421, 0xC318, 0x0421, 0x4529, 0x2521, 0x0000, 0x8208, 0x4619, 0x0000, 0x0000, 0x0000, 0x8208, 0xA210, 0xC310, 0x8208,
  0x0519, 0x8629, 0x0419, 0xC310, 0xE410, 0x8208, 0x0000, 0x0000, 0x0000, 0x0000, 0x0000, 0x0000, 0x0000, 0x0000, 0x0000, 0x0000,
  0x0000, 0x0000, 0x0000, 0x0000, 0x0000, 0x0000, 0x0000, 0x0000, 0x0000, 0x0000, 0x0000, 0x0000, 0x0000, 0x0000, 0x0000, 0x0000,
  0x0000, 0x0000, 0x0000, 0x0000, 0x0000, 0x0000, 0x0000, 0x0000, 0x0000, 0x0000, 0x0000, 0x0000, 0x0000, 0x0000, 0x0000, 0x0000,
  0x0000, 0x0000, 0x0000, 0x0000, 0x0000, 0x0000, 0x0000, 0x0000, 0x0000, 0x0000, 0x0000, 0x0000, 0x0000, 0x0000, 0x0000, 0x0000,
  0x0000, 0x0000, 0x0000, 0x0000, 0x0000, 0x0000, 0x0000, 0x0000, 0x0000, 0x0000, 0x0000, 0x0000, 0x0000, 0x0000, 0x0000, 0x0000,
  0x0000, 0x0000, 0x0000, 0x0000, 0x0000, 0x0000, 0x0000, 0x0000, 0x0000, 0x0000, 0x0000, 0x0000, 0x0000, 0x0000, 0x0000, 0x0000,
  0x0000, 0x0000, 0x0000, 0x0000, 0x0000, 0x0000, 0x0000, 0x0000, 0x0000, 0x0000, 0x0000, 0x0000, 0x0000, 0x0000, 0x0000, 0x0000,
  0x0000, 0x0000, 0x0000, 0x0000, 0x0000, 0x0000, 0x0000, 0x0000, 0x0000, 0x0000, 0x0000, 0x0000, 0x0000, 0x0000, 0x0000, 0x0000,
  0x0000, 0x0000, 0x0000, 0x0000, 0x0000, 0x0000, 0x0000, 0x0000, 0x0000, 0x0000, 0x0000, 0x0000, 0x0000, 0x0000, 0x0000, 0x0000,
  0x0000, 0x0000, 0x0000, 0x0000, 0x0000, 0x0000, 0x0000, 0x0000, 0x0000, 0x0000, 0x0000, 0x0000, 0x0000, 0x0000, 0x0000, 0x0000,
  0x0000, 0x8210, 0x0000, 0x0000, 0x0000, 0xC310, 0x0000, 0x0000, 0x0000, 0xC408, 0x0000, 0x0000, 0x0000, 0xE410, 0xE410, 0x0000,
  0x0000, 0x0000, 0x0000, 0x0000, 0x0000, 0x0000, 0x0000, 0x6529, 0xE318, 0x0000, 0xC318, 0xA310, 0x4619, 0x0000, 0x0000, 0x0000,
  0xA210, 0xA210, 0x0421, 0xA631, 0x4521, 0xC739, 0xC310, 0x0000, 0xC318, 0x0000, 0x4529, 0x2521, 0x0421, 0xA631, 0x6529, 0x0419,
  0xE739, 0xC318, 0x0000, 0x0000, 0x0000, 0x0000, 0x0000, 0x0000, 0x0000, 0x0000, 0x0000, 0xC318, 0xA310, 0xE318, 0x4942, 0xA631,
  0xA310, 0x0000, 0xE318, 0x8A52, 0x4529, 0x6529, 0x8210, 0x0000, 0x8210, 0x0000, 0xA210, 0xC318, 0xC318, 0x0421, 0x4529, 0x2521,
  0x0000, 0xA310, 0x0000, 0x0000, 0x0000, 0x0000, 0x0000, 0x0000, 0xA210, 0xE739, 0x694A, 0x694A, 0xC739, 0x0421, 0xE318, 0xC318,
  0x0000, 0xE318, 0xA631, 0x6529, 0x073A, 0x2421, 0x0000, 0xC210, 0x0000, 0x0000, 0xA210, 0xA210, 0x0000, 0x0000, 0xE318, 0xA210,
  0xC218, 0x0000, 0x0000, 0x0000, 0xA308, 0xA308, 0x0000, 0xC308, 0x0000, 0x0000, 0x0000, 0x0000, 0xC218, 0x2421, 0x8631, 0x0421,
  0x4529, 0x4529, 0x6629, 0x0000, 0xA308, 0x2519, 0x0000, 0x0000, 0x0000, 0x8210, 0xA310, 0x0000, 0xA310, 0xE410, 0xE418, 0xE418,
  0x0419, 0xE418, 0x8208, 0x0000, 0x0000, 0x0000, 0x0000, 0x0000, 0x0000, 0x0000, 0x0000, 0x0000, 0x0000, 0x0000, 0x0000, 0x0000,
  0x0000, 0x0000, 0x0000, 0x0000, 0x0000, 0x0000, 0x0000, 0x0000, 0x0000, 0x0000, 0x0000, 0x0000, 0x0000, 0x0000, 0x0000, 0x0000,
  0x0000, 0x0000, 0x0000, 0x0000, 0x0000, 0x0000, 0x0000, 0x0000, 0x0000, 0x0000, 0x0000, 0x0000, 0x0000, 0x0000, 0x0000, 0x0000,
  0x0000, 0x0000, 0x0000, 0x0000, 0x0000, 0x0000, 0x0000, 0x0000, 0x0000, 0x0000, 0x0000, 0x0000, 0x0000, 0x0000, 0x0000, 0x0000,
  0x0000, 0x0000, 0x0000, 0x0000, 0x0000, 0x0000, 0x0000, 0x0000, 0x0000, 0x0000, 0x0000, 0x0000, 0x0000, 0x0000, 0x0000, 0x0000,
  0x0000, 0x0000, 0x0000, 0x0000, 0x0000, 0x0000, 0x0000, 0x0000, 0x0000, 0x0000, 0x0000, 0x0000, 0x0000, 0x0000, 0x0000, 0x0000,
  0x0000, 0x0000, 0x0000, 0x0000, 0x0000, 0x0000, 0x0000, 0x0000, 0x0000, 0x0000, 0x0000, 0x0000, 0x0000, 0x0000, 0x0000, 0x0000,
  0x0000, 0x0000, 0x0000, 0x0000, 0x0000, 0x0000, 0x0000, 0x0000, 0x0000, 0x0000, 0x0000, 0x0000, 0x0000, 0x0000, 0x0000, 0x0000,
  0x0000, 0x0000, 0x0000, 0x0000, 0x0000, 0x0000, 0x0000, 0x0000, 0x0000, 0x0000, 0x0000, 0x0000, 0x0000, 0x0000, 0x0000, 0x0000,
  0x0000, 0x0000, 0x0000, 0x0000, 0x0000, 0x0000, 0x0000, 0x0000, 0x0000, 0x0000, 0x0000, 0x0000, 0x0000, 0x0000, 0x0000, 0x8208,
  0xA210, 0x0000, 0x0000, 0x0000, 0x0000, 0x8308, 0x0000, 0xA210, 0x0000, 0x2511, 0x0000, 0x0000, 0x0000, 0x0000, 0x0000, 0x0000,
  0x0000, 0x0000, 0x0000, 0x0319, 0xE318, 0x0000, 0x0000, 0x0419, 0xE410, 0x0000, 0x0000, 0x0000, 0x0319, 0x0000, 0xE739, 0xE318,
  0x6529, 0x0000, 0x0000, 0x0000, 0xE318, 0xE318, 0x0842, 0x8631, 0xA631, 0xC739, 0xA210, 0x0421, 0x2421, 0x0000, 0x0000, 0x0000,
  0x0000, 0x0000, 0x0000, 0x0000, 0x0000, 0x0000, 0x0000, 0x0421, 0x8529, 0x8629, 0x694A, 0x8631, 0x0000, 0x0000, 0x0000, 0x894A,
  0xE739, 0xA631, 0x0000, 0xC310, 0x0000, 0xC318, 0x0000, 0x0000, 0x0419, 0xC731, 0x6629, 0x0421, 0xC318, 0x4521, 0x8210, 0x0000,
  0x0000, 0x0000, 0x0000, 0x0000, 0x0000, 0x4529, 0x484A, 0xCA5A, 0xC739, 0xC318, 0xE318, 0xE318, 0x0000, 0x0000, 0xC318, 0xE318,
  0xA631, 0x4529, 0x0000, 0xA210, 0x0000, 0x0000, 0xE318, 0xA210, 0xC318, 0x0000, 0x0000, 0x0000, 0x0421, 0x0000, 0x0000, 0x0000,
  0x0000, 0xE510, 0x0000, 0x0000, 0x0000, 0x0000, 0x0000, 0x0000, 0xC318, 0x0000, 0x2421, 0x0421, 0x0421, 0x8210, 0x0421, 0x0421,
  0xC318, 0xE410, 0x0411, 0x0000, 0x0000, 0x0000, 0x0000, 0xA310, 0xA310, 0xC310, 0xA310, 0x8208, 0xA310, 0xC310, 0x0419, 0x0419,
  0x0419, 0x8208, 0x0000, 0x0000, 0x0000, 0x0000, 0x0000, 0x0000, 0x0000, 0x0000, 0x0000, 0x0000, 0x0000, 0x0000, 0x0000, 0x0000,
  0x0000, 0x0000, 0x0000, 0x0000, 0x0000, 0x0000, 0x0000, 0x0000, 0x0000, 0x0000, 0x0000, 0x0000, 0x0000, 0x0000, 0x0000, 0x0000,
  0x0000, 0x0000, 0x0000, 0x0000, 0x0000, 0x0000, 0x0000, 0x0000, 0x0000, 0x0000, 0x0000, 0x0000, 0x0000, 0x0000, 0x0000, 0x0000,
  0x0000, 0x0000, 0x0000, 0x0000, 0x0000, 0x0000, 0x0000, 0x0000, 0x0000, 0x0000, 0x0000, 0x0000, 0x0000, 0x0000, 0x0000, 0x0000,
  0x0000, 0x0000, 0x0000, 0x0000, 0x0000, 0x0000, 0x0000, 0x0000, 0x0000, 0x0000, 0x0000, 0x0000, 0x0000, 0x0000, 0x0000, 0x0000,
  0x0000, 0x0000, 0x0000, 0x0000, 0x0000, 0x0000, 0x0000, 0x0000, 0x0000, 0x0000, 0x0000, 0x0000, 0x0000, 0x0000, 0x0000, 0x0000,
  0x0000, 0x0000, 0x0000, 0x0000, 0x0000, 0x0000, 0x0000, 0x0000, 0x0000, 0x0000, 0x0000, 0x0000, 0x0000, 0x0000, 0x0000, 0x0000,
  0x0000, 0x0000, 0x0000, 0x0000, 0x0000, 0x0000, 0x0000, 0x0000, 0x0000, 0x0000, 0x0000, 0x0000, 0x0000, 0x0000, 0x0000, 0x0000,
  0x0000, 0x0000, 0x0000, 0x0000, 0x0000, 0x0000, 0x0000, 0x0000, 0x0000, 0x0000, 0x0000, 0x0000, 0x0000, 0x0000, 0x0000, 0x0000,
  0x0000, 0x0000, 0x0000, 0x0000, 0x0000, 0x0000, 0x0000, 0x0000, 0x0000, 0x8208, 0x0000, 0xC310, 0x0000, 0x0000, 0x0000, 0x0000,
  0x8208, 0xE318, 0x8210, 0x0000, 0xA308, 0x0519, 0x0000, 0x0000, 0x0000, 0x0000, 0x0000, 0x0000, 0x0000, 0x0000, 0x0000, 0xC318,
  0xA210, 0x0000, 0x0000, 0x0411, 0x0000, 0x0000, 0x0000, 0xE318, 0x0000, 0xC318, 0x2421, 0x6529, 0xE318, 0x0000, 0x0000, 0x0000,
  0x0321, 0x2421, 0x0842, 0x8631, 0xA631, 0xA210, 0x0000, 0xE318, 0x0000, 0x0000, 0x0000, 0x0000, 0x0000, 0x0000, 0x0000, 0x8210,
  0x8210, 0x0000, 0x0419, 0x8631, 0xC639, 0x6629, 0xAA52, 0xE318, 0xA310, 0x8210, 0x0000, 0x494A, 0x0B63, 0x6529, 0x0000, 0xC318,
  0xA310, 0xE418, 0xC318, 0x0000, 0xC318, 0x2942, 0xA731, 0x8629, 0xA310, 0x8631, 0xE418, 0xA310, 0xE418, 0x0000, 0x0000, 0x0000,
  0x0000, 0xC318, 0x484A, 0x8A52, 0xC739, 0xE318, 0x6529, 0x4529, 0x0000, 0x0000, 0xA210, 0x8210, 0xA210, 0x8531, 0x0000, 0x0000,
  0xA210, 0x0000, 0x0000, 0x0000, 0x0000, 0x0000, 0x0000, 0x0000, 0x0000, 0xE318, 0x8210, 0x0000, 0x0000, 0xE408, 0x0000, 0x0000,
  0x0000, 0x0000, 0x0000, 0xC218, 0xE318, 0xC318, 0x0000, 0x0000, 0xE318, 0x0421, 0xA210, 0xE418, 0x6529, 0x8210, 0x0411, 0xA308,
  0x0000, 0xC310, 0xA310, 0xA310, 0xE418, 0xC310, 0x8208, 0xA310, 0xA310, 0xA310, 0xE418, 0x2519, 0x0419, 0xA308, 0x0000, 0x0000,
  0x0000, 0x0000, 0x0000, 0x0000, 0x0000, 0x0000, 0x0000, 0x0000, 0x0000, 0x0000, 0x0000, 0x0000, 0x0000, 0x0000, 0x0000, 0x0000,
  0x0000, 0x0000, 0x0000, 0x0000, 0x0000, 0x0000, 0x0000, 0x0000, 0x0000, 0x0000, 0x0000, 0x0000, 0x0000, 0x0000, 0x0000, 0x0000,
  0x0000, 0x0000, 0x0000, 0x0000, 0x0000, 0x0000, 0x0000, 0x0000, 0x0000, 0x0000, 0x0000, 0x0000, 0x0000, 0x0000, 0x0000, 0x0000,
  0x0000, 0x0000, 0x0000, 0x0000, 0x0000, 0x0000, 0x0000, 0x0000, 0x0000, 0x0000, 0x0000, 0x0000, 0x0000, 0x0000, 0x0000, 0x0000,
  0x0000, 0x0000, 0x0000, 0x0000, 0x0000, 0x0000, 0x0000, 0x0000, 0x0000, 0x0000, 0x0000, 0x0000, 0x0000, 0x0000, 0x0000, 0x0000,
  0x0000, 0x0000, 0x0000, 0x0000, 0x0000, 0x0000, 0x0000, 0x0000, 0x0000, 0x0000, 0x0000, 0x0000, 0x0000, 0x0000, 0x0000, 0x0000,
  0x0000, 0x0000, 0x0000, 0x0000, 0x0000, 0x0000, 0x0000, 0x0000, 0x0000, 0x0000, 0x0000, 0x0000, 0x0000, 0x0000, 0x0000, 0x0000,
  0x0000, 0x0000, 0x0000, 0x0000, 0x0000, 0x0000, 0x0000, 0x0000, 0x0000, 0x0000, 0x0000, 0x0000, 0x0000, 0x0000, 0x0000, 0x0000,
  0x0000, 0x0000, 0x0000, 0x0000, 0x0000, 0x0000, 0x0000, 0x0000, 0x0000, 0x0000, 0x0000, 0x0000, 0x0000, 0x0000, 0x0000, 0x0000,
  0x0000, 0x0000, 0x0000, 0x0000, 0xA310, 0x0000, 0x8208, 0x0000, 0x0000, 0x0000, 0x0000, 0x8208, 0xC310, 0x0000, 0x0000, 0x0000,
  0x8721, 0xC318, 0x0000, 0x0000, 0x0000, 0x0000, 0x0000, 0x0000, 0x0000, 0x0000, 0x0000, 0xC318, 0x0000, 0xA210, 0x0000, 0xA308,
  0x0000, 0x0000, 0x0000, 0xA210, 0x0000, 0x0421, 0xE318, 0x0421, 0x0000, 0x0000, 0x0000, 0x0000, 0x0421, 0x4529, 0x0742, 0x4529,
  0xC318, 0x0000, 0x0000, 0x0000, 0x0000, 0x0000, 0x0000, 0x0000, 0x0000, 0x8210, 0xE418, 0xE418, 0xC318, 0x0000, 0xA631, 0x8952,
  0x8631, 0x2521, 0x2842, 0x0421, 0x0421, 0xE318, 0x0000, 0x6629, 0x2C63, 0x4529, 0x0000, 0x0421, 0x4529, 0xA310, 0xC318, 0x0000,
  0x0000, 0xC731, 0x0842, 0x0842, 0xC318, 0xA631, 0x6629, 0x0421, 0x4529, 0x0000, 0x0000, 0x0000, 0x0000, 0x0000, 0x8631, 0x494A,
  0xA631, 0xE318, 0x4529, 0xE418, 0x0000, 0x0000, 0x0000, 0x0000, 0xC318, 0x2421, 0x0000, 0x0000, 0xA210, 0xE318, 0x0000, 0x0000,
  0x0000, 0x0000, 0x0000, 0x0000, 0x0000, 0xC210, 0xE318, 0xC318, 0xA218, 0xE410, 0xA308, 0x0000, 0x0000, 0x0000, 0x0000, 0xA210,
  0xE318, 0xC318, 0xC318, 0xE318, 0x0000, 0x2521, 0x2521, 0x0000, 0xC318, 0x4521, 0x8210, 0xC410, 0x0000, 0x0000, 0x8208, 0x0000,
  0x0000, 0xC310, 0x0000, 0x0000, 0x0000, 0x8208, 0xA308, 0xC310, 0xA310, 0x8208, 0x0000, 0x0000, 0x0000, 0x0000, 0x0000, 0x0000,
  0x0000, 0x0000, 0x0000, 0x0000, 0x0000, 0x0000, 0x0000, 0x0000, 0x0000, 0x0000, 0x0000, 0x0000, 0x0000, 0x0000, 0x0000, 0x0000,
  0x0000, 0x0000, 0x0000, 0x0000, 0x0000, 0x0000, 0x0000, 0x0000, 0x0000, 0x0000, 0x0000, 0x0000, 0x0000, 0x0000, 0x0000, 0x0000,
  0x0000, 0x0000, 0x0000, 0x0000, 0x0000, 0x0000, 0x0000, 0x0000, 0x0000, 0x0000, 0x0000, 0x0000, 0x0000, 0x0000, 0x0000, 0x0000,
  0x0000, 0x0000, 0x0000, 0x0000, 0x0000, 0x0000, 0x0000, 0x0000, 0x0000, 0x0000, 0x0000, 0x0000, 0x0000, 0x0000, 0x0000, 0x0000,
  0x0000, 0x0000, 0x0000, 0x0000, 0x0000, 0x0000, 0x0000, 0x0000, 0x0000, 0x0000, 0x0000, 0x0000, 0x0000, 0x0000, 0x0000, 0x0000,
  0x0000, 0x0000, 0x0000, 0x0000, 0x0000, 0x0000, 0x0000, 0x0000, 0x0000, 0x0000, 0x0000, 0x0000, 0x0000, 0x0000, 0x0000, 0x0000,
  0x0000, 0x0000, 0x0000, 0x0000, 0x0000, 0x0000, 0x0000, 0x0000, 0x0000, 0x0000, 0x0000, 0x0000, 0x0000, 0x0000, 0x0000, 0x0000,
  0x0000, 0x0000, 0x0000, 0x0000, 0x0000, 0x0000, 0x0000, 0x0000, 0x0000, 0x0000, 0x0000, 0x0000, 0x0000, 0x0000, 0x0000, 0x0000,
  0x0000, 0x0000, 0x0000, 0x0000, 0x0000, 0x0000, 0x0000, 0x0000, 0x0000, 0x0000, 0x0000, 0x0000, 0x0000, 0x0000, 0x0000, 0x0000,
  0x0000, 0x0000, 0x0000, 0x0000, 0x0000, 0xA210, 0x0421, 0xC310, 0x0000, 0x0000, 0x0000, 0x2521, 0x0519, 0x0000, 0x0000, 0x0000,
  0x0000, 0x0000, 0x0000, 0x0000, 0x0000, 0x0000, 0xA210, 0xA210, 0x0000, 0xA210, 0x0000, 0x8308, 0x0000, 0x0000, 0x0000, 0x0000,
  0x0000, 0x0000, 0x2421, 0x0000, 0x0000, 0x0000, 0x0000, 0x0000, 0x0421, 0xA631, 0x4529, 0xA210, 0x0000, 0x0000, 0x0000, 0x0000,
  0x0000, 0x0000, 0xA210, 0x8210, 0x0000, 0x0421, 0x2529, 0xE418, 0x0000, 0xA210, 0x2842, 0xA952, 0x6529, 0xE418, 0xC739, 0xC739,
  0x4529, 0x8629, 0xA310, 0xA310, 0xAA52, 0xC318, 0x0000, 0x0421, 0x2942, 0xE318, 0x0000, 0x8210, 0x0000, 0xC318, 0xAB52, 0x494A,
  0x0421, 0x2842, 0x2842, 0xA631, 0x2521, 0x0000, 0x0000, 0x8210, 0x0000, 0x0000, 0x0421, 0x2842, 0xA631, 0xE318, 0x2421, 0x0000,
  0x0000, 0x0000, 0x0000, 0x0000, 0x0421, 0xC218, 0x0000, 0x0000, 0x0000, 0xC318, 0x0321, 0x0000, 0x0000, 0x0000, 0x0000, 0x0000,
  0x0000, 0xE318, 0x0000, 0xC318, 0x0000, 0x2519, 0x0511, 0x0000, 0x0000, 0x0000, 0x0000, 0x0000, 0xE318, 0x8631, 0x2421, 0xE318,
  0xC318, 0xE418, 0x6529, 0xC318, 0x0000, 0xA210, 0xE318, 0xE418, 0x0419, 0x8208, 0x0000, 0x0000, 0x0000, 0x0000, 0x8208, 0x0000,
  0x0000, 0xC310, 0x0419, 0xA208, 0x0000, 0x0000, 0x0000, 0x0000, 0x0000, 0x0000, 0x0000, 0x0000, 0x0000, 0x0000, 0x0000, 0x0000,
  0x0000, 0x0000, 0x0000, 0x0000, 0x0000, 0x0000, 0x0000, 0x0000, 0x0000, 0x0000, 0x0000, 0x0000, 0x0000, 0x0000, 0x0000, 0x0000,
  0x0000, 0x0000, 0x0000, 0x0000, 0x0000, 0x0000, 0x0000, 0x0000, 0x0000, 0x0000, 0x0000, 0x0000, 0x0000, 0x0000, 0x0000, 0x0000,
  0x0000, 0x0000, 0x0000, 0x0000, 0x0000, 0x0000, 0x0000, 0x0000, 0x0000, 0x0000, 0x0000, 0x0000, 0x0000, 0x0000, 0x0000, 0x0000,
  0x0000, 0x0000, 0x0000, 0x0000, 0x0000, 0x0000, 0x0000, 0x0000, 0x0000, 0x0000, 0x0000, 0x0000, 0x0000, 0x0000, 0x0000, 0x0000,
  0x0000, 0x0000, 0x0000, 0x0000, 0x0000, 0x0000, 0x0000, 0x0000, 0x0000, 0x0000, 0x0000, 0x0000, 0x0000, 0x0000, 0x0000, 0x0000,
  0x0000, 0x0000, 0x0000, 0x0000, 0x0000, 0x0000, 0x0000, 0x0000, 0x0000, 0x0000, 0x0000, 0x0000, 0x0000, 0x0000, 0x0000, 0x0000,
  0x0000, 0x0000, 0x0000, 0x0000, 0x0000, 0x0000, 0x0000, 0x0000, 0x0000, 0x0000, 0x0000, 0x0000, 0x0000, 0x0000, 0x0000, 0x0000,
  0x0000, 0x0000, 0x0000, 0x0000, 0x0000, 0x0000, 0x0000, 0x0000, 0x0000, 0x0000, 0x0000, 0x0000, 0x0000, 0x0000, 0x0000, 0x0000,
  0x0000, 0x0000, 0x0000, 0x0000, 0x0000, 0x0000, 0x0000, 0x0000, 0x0000, 0x0000, 0x0000, 0x0000, 0x0000, 0x0000, 0x0000, 0x0000,
  0xC318, 0x0419, 0x0000, 0x0000, 0x0000, 0xA210, 0x0000, 0xA308, 0xA310, 0x0000, 0x0000, 0x0000, 0x0000, 0x0000, 0x0000, 0x0000,
  0x0000, 0xE318, 0xC318, 0x0000, 0x0000, 0xC318, 0xA210, 0x0000, 0x0000, 0x0000, 0x0000, 0x0000, 0x0000, 0x0000, 0xE418, 0x0000,
  0x0000, 0x0000, 0x0000, 0x0000, 0xA631, 0x8631, 0xA210, 0x0000, 0x0000, 0x0000, 0x0000, 0x0000, 0x0000, 0x0000, 0xE318, 0x8210,
  0x0421, 0xC739, 0x2521, 0x0421, 0xE418, 0x0419, 0x8952, 0x8952, 0x0421, 0x0421, 0x4529, 0xA631, 0xC739, 0xC639, 0x2521, 0x4521,
  0xCB52, 0x0000, 0x0000, 0x2521, 0xAA52, 0x8631, 0x0000, 0x0000, 0x0000, 0x0000, 0xA731, 0xAA52, 0xE418, 0x2842, 0x8952, 0xA631,
  0x2521, 0x0000, 0x0000, 0xC318, 0x0000, 0x0000, 0xA210, 0xA631, 0xA631, 0xE318, 0x2421, 0x0000, 0x0000, 0x0000, 0x0000, 0x0000,
  0xC318, 0x8631, 0x0000, 0x0000, 0x0000, 0x0000, 0x0000, 0x2429, 0x0000, 0x0000, 0x0000, 0x0000, 0x0000, 0xE318, 0xA210, 0x0419,
  0xE318, 0xC310, 0x4619, 0xA310, 0xA310, 0x0000, 0x0000, 0x0000, 0x0000, 0x0000, 0x2421, 0x0421, 0x0421, 0xA210, 0xE318, 0x2421,
  0x4521, 0x0000, 0x0000, 0xA310, 0xA310, 0xC310, 0xA310, 0x0000, 0x0000, 0x0000, 0x0000, 0x0000, 0x0000, 0x8208, 0xE410, 0xC310,
  0xA310, 0x0000, 0x0000, 0x0000, 0x0000, 0x0000, 0x0000, 0x0000, 0x0000, 0x0000, 0x0000, 0x0000, 0x0000, 0x0000, 0x0000, 0x0000,
  0x0000, 0x0000, 0x0000, 0x0000, 0x0000, 0x0000, 0x0000, 0x0000, 0x0000, 0x0000, 0x0000, 0x0000, 0x0000, 0x0000, 0x0000, 0x0000,
  0x0000, 0x0000, 0x0000, 0x0000, 0x0000, 0x0000, 0x0000, 0x0000, 0x0000, 0x0000, 0x0000, 0x0000, 0x0000, 0x0000, 0x0000, 0x0000,
  0x0000, 0x0000, 0x0000, 0x0000, 0x0000, 0x0000, 0x0000, 0x0000, 0x0000, 0x0000, 0x0000, 0x0000, 0x0000, 0x0000, 0x0000, 0x0000,
  0x0000, 0x0000, 0x0000, 0x0000, 0x0000, 0x0000, 0x0000, 0x0000, 0x0000, 0x0000, 0x0000, 0x0000, 0x0000, 0x0000, 0x0000, 0x0000,
  0x0000, 0x0000, 0x0000, 0x0000, 0x0000, 0x0000, 0x0000, 0x0000, 0x0000, 0x0000, 0x0000, 0x0000, 0x0000, 0x0000, 0x0000, 0x0000,
  0x0000, 0x0000, 0x0000, 0x0000, 0x0000, 0x0000, 0x0000, 0x0000, 0x0000, 0x0000, 0x0000, 0x0000, 0x0000, 0x0000, 0x0000, 0x0000,
  0x0000, 0x0000, 0x0000, 0x0000, 0x0000, 0x0000, 0x0000, 0x0000, 0x0000, 0x0000, 0x0000, 0x0000, 0x0000, 0x0000, 0x0000, 0x0000,
  0x0000, 0x0000, 0x0000, 0x0000, 0x0000, 0x0000, 0x0000, 0x0000, 0x0000, 0x0000, 0x0000, 0x0000, 0x0000, 0x0000, 0x0000, 0x0000,
  0x0000, 0x0000, 0x0000, 0x0000, 0x0000, 0x0000, 0x0000, 0x0000, 0x0000, 0x8208, 0x0000, 0x0000, 0x0000, 0x0000, 0x0000, 0xE418,
  0xC310, 0x0000, 0x0000, 0x6621, 0x0000, 0x0000, 0x0000, 0x0000, 0x0000, 0x0000, 0x0000, 0xA210, 0xC318, 0x0000, 0xA210, 0x0000,
  0x0000, 0xA210, 0x0000, 0x0000, 0x0000, 0x0000, 0x0000, 0x0000, 0x0000, 0x0000, 0xA310, 0x0000, 0x0000, 0x0000, 0x0000, 0x0321,
  0xE318, 0xE318, 0x8210, 0x0000, 0x0000, 0x0000, 0x0000, 0x0000, 0xC318, 0xA210, 0x2421, 0x2521, 0x2842, 0xA631, 0x2421, 0x6529,
  0xE418, 0x2421, 0x2C63, 0xC639, 0xC318, 0xA631, 0xC318, 0xC739, 0x0742, 0x0742, 0x8631, 0x4529, 0x6629, 0x0000, 0xC318, 0x6629,
  0x4D6B, 0xC739, 0x0000, 0x0000, 0x8210, 0x0000, 0xE318, 0x494A, 0x4521, 0x0842, 0x2842, 0xC739, 0x8631, 0xA210, 0x0000, 0xE318,
  0x0000, 0x0000, 0x0000, 0x0421, 0x083A, 0xE318, 0xC218, 0xA210, 0x0000, 0x0000, 0x0000, 0x0000, 0xC318, 0x2421, 0xE318, 0x0000,
  0x0000, 0x0000, 0x0000, 0x0000, 0x0000, 0x0000, 0x0000, 0xC318, 0x0000, 0x0000, 0xC318, 0xA210, 0x0421, 0x2421, 0x6621, 0xA310,
  0xC318, 0xA210, 0x0000, 0x0000, 0x0000, 0x0000, 0x0000, 0xE318, 0xA631, 0x2421, 0xC210, 0xA210, 0x0421, 0x2421, 0x0000, 0x0421,
  0x8208, 0x8208, 0x0000, 0x0000, 0x0000, 0x0000, 0x0000, 0x0000, 0x0000, 0x0000, 0x0000, 0x6208, 0x0000, 0x0000, 0x0000, 0x0000,
  0x0000, 0x0000, 0x0000, 0x0000, 0x0000, 0x0000, 0x0000, 0x0000, 0x0000, 0x0000, 0x0000, 0x0000, 0x0000, 0x0000, 0x0000, 0x0000,
  0x0000, 0x0000, 0x0000, 0x0000, 0x0000, 0x0000, 0x0000, 0x0000, 0x0000, 0x0000, 0x0000, 0x0000, 0x0000, 0x0000, 0x0000, 0x0000,
  0x0000, 0x0000, 0x0000, 0x0000, 0x0000, 0x0000, 0x0000, 0x0000, 0x0000, 0x0000, 0x0000, 0x0000, 0x0000, 0x0000, 0x0000, 0x0000,
  0x0000, 0x0000, 0x0000, 0x0000, 0x0000, 0x0000, 0x0000, 0x0000, 0x0000, 0x0000, 0x0000, 0x0000, 0x0000, 0x0000, 0x0000, 0x0000,
  0x0000, 0x0000, 0x0000, 0x0000, 0x0000, 0x0000, 0x0000, 0x0000, 0x0000, 0x0000, 0x0000, 0x0000, 0x0000, 0x0000, 0x0000, 0x0000,
  0x0000, 0x0000, 0x0000, 0x0000, 0x0000, 0x0000, 0x0000, 0x0000, 0x0000, 0x0000, 0x0000, 0x0000, 0x0000, 0x0000, 0x0000, 0x0000,
  0x0000, 0x0000, 0x0000, 0x0000, 0x0000, 0x0000, 0x0000, 0x0000, 0x0000, 0x0000, 0x0000, 0x0000, 0x0000, 0x0000, 0x0000, 0x0000,
  0x0000, 0x0000, 0x0000, 0x0000, 0x0000, 0x0000, 0x0000, 0x0000, 0x0000, 0x0000, 0x0000, 0x0000, 0x0000, 0x0000, 0x0000, 0x0000,
  0x0000, 0x0000, 0x0000, 0x0000, 0x0000, 0x0000, 0x0000, 0x0000, 0x0000, 0x0000, 0x0000, 0x0000, 0x0000, 0x0000, 0x0000, 0x0000,
  0x0000, 0x0000, 0x0000, 0x0000, 0x0000, 0x0000, 0x0000, 0x0000, 0x0000, 0x0000, 0xC318, 0x8208, 0x0000, 0x0000, 0x6629, 0x0419,
  0x0000, 0x0000, 0x0000, 0x0000, 0x0000, 0x0000, 0x0421, 0x2421, 0x0000, 0x0321, 0x0000, 0x0000, 0x0000, 0x0000, 0x0000, 0x0000,
  0x0000, 0x0000, 0x0000, 0x8210, 0x0000, 0x0000, 0x0000, 0x0000, 0x0000, 0x0000, 0xC218, 0xA218, 0x0000, 0xA210, 0x0000, 0x0000,
  0x0000, 0x0000, 0x0000, 0x0000, 0xE418, 0x2421, 0x0421, 0x0842, 0xAA52, 0xE739, 0xA631, 0x2521, 0x8210, 0xAA52, 0x0B63, 0x0000,
  0xE418, 0xE418, 0x8210, 0x8952, 0x6952, 0x8531, 0xA310, 0x2521, 0xA210, 0xC318, 0xE418, 0x2521, 0x4D6B, 0xA631, 0x0000, 0x8210,
  0x8210, 0x0000, 0xC318, 0xAB52, 0xE739, 0xA639, 0x694A, 0x0842, 0xE839, 0xA310, 0x0000, 0xA210, 0xE318, 0x0000, 0x0000, 0x0421,
  0x4529, 0xC318, 0x0000, 0xA210, 0x0000, 0x0000, 0x0000, 0x0000, 0xA210, 0xA210, 0x4429, 0xE318, 0x0000, 0x0000, 0x0000, 0x0000,
  0x0000, 0x0000, 0x0000, 0xE318, 0xA210, 0xE318, 0xE318, 0xE418, 0xC318, 0xC318, 0xA729, 0x0419, 0x8210, 0x6629, 0xC318, 0x0000,
  0x0000, 0x0000, 0x0000, 0x0000, 0xA210, 0x4529, 0x0000, 0x0000, 0x0000, 0xC318, 0x0421, 0xE318, 0xE418, 0xC310, 0xA310, 0x0000,
  0x0000, 0x0000, 0x0000, 0x0000, 0x8208, 0xA310, 0xA310, 0x0000, 0x0000, 0x0000, 0x0000, 0x0000, 0x0000, 0x0000, 0x0000, 0x0000,
  0x0000, 0x0000, 0x0000, 0x0000, 0x0000, 0x0000, 0x0000, 0x0000, 0x0000, 0x0000, 0x0000, 0x0000, 0x0000, 0x0000, 0x0000, 0x0000,
  0x0000, 0x0000, 0x0000, 0x0000, 0x0000, 0x0000, 0x0000, 0x0000, 0x0000, 0x0000, 0x0000, 0x0000, 0x0000, 0x0000, 0x0000, 0x0000,
  0x0000, 0x0000, 0x0000, 0x0000, 0x0000, 0x0000, 0x0000, 0x0000, 0x0000, 0x0000, 0x0000, 0x0000, 0x0000, 0x0000, 0x0000, 0x0000,
  0x0000, 0x0000, 0x0000, 0x0000, 0x0000, 0x0000, 0x0000, 0x0000, 0x0000, 0x0000, 0x0000, 0x0000, 0x0000, 0x0000, 0x0000, 0x0000,
  0x0000, 0x0000, 0x0000, 0x0000, 0x0000, 0x0000, 0x0000, 0x0000, 0x0000, 0x0000, 0x0000, 0x0000, 0x0000, 0x0000, 0x0000, 0x0000,
  0x0000, 0x0000, 0x0000, 0x0000, 0x0000, 0x0000, 0x0000, 0x0000, 0x0000, 0x0000, 0x0000, 0x0000, 0x0000, 0x0000, 0x0000, 0x0000,
  0x0000, 0x0000, 0x0000, 0x0000, 0x0000, 0x0000, 0x0000, 0x0000, 0x0000, 0x0000, 0x0000, 0x0000, 0x0000, 0x0000, 0x0000, 0x0000,
  0x0000, 0x0000, 0x0000, 0x0000, 0x0000, 0x0000, 0x0000, 0x0000, 0x0000, 0x0000, 0x0000, 0x0000, 0x0000, 0x0000, 0x0000, 0x0000,
  0x0000, 0x0000, 0x0000, 0x0000, 0x0000, 0x0000, 0x0000, 0x0000, 0x0000, 0x0000, 0x0000, 0x0000, 0x0000, 0x0000, 0x0000, 0x0000,
  0x0000, 0x0000, 0xA210, 0x0000, 0x0000, 0x0000, 0x0000, 0x0000, 0x0000, 0xC318, 0xE410, 0x0000, 0x0000, 0x0000, 0x0000, 0x0000,
  0x0000, 0xE318, 0x6529, 0x8210, 0xE318, 0x2421, 0x0000, 0xC218, 0x0000, 0x0000, 0x0000, 0x0000, 0x0000, 0x0000, 0x8210, 0x0000,
  0x0000, 0x0000, 0x0000, 0x0000, 0x0000, 0xC218, 0xA210, 0xC318, 0x0000, 0xA210, 0xC318, 0x0000, 0x0000, 0x0000, 0x0000, 0xA210,
  0xC318, 0xA631, 0x0421, 0x484A, 0x6952, 0xAA5A, 0x8631, 0x8210, 0x0421, 0x2C63, 0x6529, 0xE318, 0x2521, 0x8210, 0xE418, 0xEB5A,
  0x684A, 0xA210, 0x0000, 0xE418, 0x0000, 0x4529, 0x8631, 0x2521, 0x0B5B, 0x6529, 0x0000, 0xE418, 0xC318, 0xC318, 0x0000, 0x694A,
  0xE839, 0x6529, 0x6D6B, 0x2842, 0x4529, 0x0000, 0x0000, 0x0000, 0xE318, 0x0000, 0x0000, 0x0000, 0x0000, 0x4521, 0x0000, 0xA210,
  0x0000, 0x0000, 0x0000, 0x0000, 0xA210, 0xC318, 0xE318, 0x2421, 0x0000, 0x0000, 0x0000, 0x0000, 0x0000, 0x0000, 0x0000, 0x2421,
  0xE318, 0x0421, 0x2421, 0x0421, 0x2421, 0x0421, 0x6621, 0xA729, 0xE418, 0x0419, 0x4529, 0xC310, 0x0000, 0x0000, 0x0000, 0x0000,
  0x0000, 0x8210, 0xE318, 0xC318, 0x0000, 0x0000, 0xE318, 0xC318, 0x8210, 0xC410, 0xC310, 0x8208, 0x0000, 0x0000, 0x0000, 0x0000,
  0x0000, 0x0000, 0x0000, 0xA310, 0xE418, 0xC310, 0x0000, 0x0000, 0x0000, 0x0000, 0x0000, 0x0000, 0x0000, 0x0000, 0x0000, 0x0000,
  0x0000, 0x0000, 0x0000, 0x0000, 0x0000, 0x0000, 0x0000, 0x0000, 0x0000, 0x0000, 0x0000, 0x0000, 0x0000, 0x0000, 0x0000, 0x0000,
  0x0000, 0x0000, 0x0000, 0x0000, 0x0000, 0x0000, 0x0000, 0x0000, 0x0000, 0x0000, 0x0000, 0x0000, 0x0000, 0x0000, 0x0000, 0x0000,
  0x0000, 0x0000, 0x0000, 0x0000, 0x0000, 0x0000, 0x0000, 0x0000, 0x0000, 0x0000, 0x0000, 0x0000, 0x0000, 0x0000, 0x0000, 0x0000,
  0x0000, 0x0000, 0x0000, 0x0000, 0x0000, 0x0000, 0x0000, 0x0000, 0x0000, 0x0000, 0x0000, 0x0000, 0x0000, 0x0000, 0x0000, 0x0000,
  0x0000, 0x0000, 0x0000, 0x0000, 0x0000, 0x0000, 0x0000, 0x0000, 0x0000, 0x0000, 0x0000, 0x0000, 0x0000, 0x0000, 0x0000, 0x0000,
  0x0000, 0x0000, 0x0000, 0x0000, 0x0000, 0x0000, 0x0000, 0x0000, 0x0000, 0x0000, 0x0000, 0x0000, 0x0000, 0x0000, 0x0000, 0x0000,
  0x0000, 0x0000, 0x0000, 0x0000, 0x0000, 0x0000, 0x0000, 0x0000, 0x0000, 0x0000, 0x0000, 0x0000, 0x0000, 0x0000, 0x0000, 0x0000,
  0x0000, 0x0000, 0x0000, 0x0000, 0x0000, 0x0000, 0x0000, 0x0000, 0x0000, 0x0000, 0x0000, 0x0000, 0x0000, 0x0000, 0x0000, 0x0000,
  0x0000, 0x0000, 0x0000, 0x0000, 0x0000, 0x0000, 0x0000, 0x0000, 0x0000, 0x0000, 0x0000, 0x0000, 0x0000, 0xE410, 0xE418, 0x8210,
  0x0000, 0x0000, 0x0000, 0x0000, 0x0000, 0x0000, 0x0000, 0x0000, 0x0000, 0x0000, 0x0000, 0x0000, 0xE318, 0x2421, 0x6529, 0xC318,
  0xE318, 0xE318, 0x0000, 0xA210, 0x0000, 0x0000, 0x0000, 0x0000, 0x0000, 0xC310, 0x0000, 0x0000, 0x0000, 0x0000, 0x0000, 0x0000,
  0x0000, 0xC318, 0xC218, 0xC218, 0xE318, 0xE318, 0xC318, 0x0000, 0x0000, 0x0000, 0x0000, 0xE318, 0xE318, 0x8531, 0xE739, 0x6529,
  0x0742, 0x8952, 0x2421, 0xE418, 0x4529, 0x2842, 0x8631, 0xA731, 0x2421, 0x0000, 0x2521, 0x484A, 0x6529, 0x8210, 0xA210, 0x0000,
  0x0000, 0xA631, 0x494A, 0x8629, 0x2C63, 0x2521, 0xE318, 0x8631, 0x4529, 0x2421, 0x0000, 0x2521, 0x083A, 0x8631, 0x0C63, 0x2842,
  0x2421, 0x0000, 0x0000, 0x0000, 0x0419, 0x0000, 0x0000, 0x0000, 0x0000, 0xE418, 0x0000, 0x0000, 0x0000, 0x0000, 0x0000, 0x0000,
  0xC310, 0xC310, 0x0421, 0xE318, 0xE318, 0xA210, 0x0000, 0x0000, 0x0000, 0x0000, 0xA210, 0xA210, 0x2421, 0x6529, 0x0421, 0xC318,
  0x2521, 0x6629, 0x8629, 0xC729, 0x4529, 0x0421, 0x0000, 0x2521, 0xE418, 0x0000, 0x0000, 0x0000, 0x0000, 0xA310, 0xA210, 0xC318,
  0x2421, 0xC318, 0xA310, 0x0421, 0x0419, 0x0000, 0xA310, 0xA310, 0x0000, 0x0000, 0x0000, 0x0000, 0x0000, 0x0000, 0x0000, 0xA310,
  0x0419, 0x0419, 0xC310, 0xA208, 0x0000, 0x0000, 0x0000, 0x0000, 0x0000, 0x0000, 0x0000, 0x0000, 0x0000, 0x0000, 0x0000, 0x0000,
  0x0000, 0x0000, 0x0000, 0x0000, 0x0000, 0x0000, 0x0000, 0x0000, 0x0000, 0x0000, 0x0000, 0x0000, 0x0000, 0x0000, 0x0000, 0x0000,
  0x0000, 0x0000, 0x0000, 0x0000, 0x0000, 0x0000, 0x0000, 0x0000, 0x0000, 0x0000, 0x0000, 0x0000, 0x0000, 0x0000, 0x0000, 0x0000,
  0x0000, 0x0000, 0x0000, 0x0000, 0x0000, 0x0000, 0x0000, 0x0000, 0x0000, 0x0000, 0x0000, 0x0000, 0x0000, 0x0000, 0x0000, 0x0000,
  0x0000, 0x0000, 0x0000, 0x0000, 0x0000, 0x0000, 0x0000, 0x0000, 0x0000, 0x0000, 0x0000, 0x0000, 0x0000, 0x0000, 0x0000, 0x0000,
  0x0000, 0x0000, 0x0000, 0x0000, 0x0000, 0x0000, 0x0000, 0x0000, 0x0000, 0x0000, 0x0000, 0x0000, 0x0000, 0x0000, 0x0000, 0x0000,
  0x0000, 0x0000, 0x0000, 0x0000, 0x0000, 0x0000, 0x0000, 0x0000, 0x0000, 0x0000, 0x0000, 0x0000, 0x0000, 0x0000, 0x0000, 0x0000,
  0x0000, 0x0000, 0x0000, 0x0000, 0x0000, 0x0000, 0x0000, 0x0000, 0x0000, 0x0000, 0x0000, 0x0000, 0x0000, 0x0000, 0x0000, 0x0000,
  0x0000, 0x0000, 0x0000, 0x0000, 0x0000, 0x0000, 0x0000, 0x0000, 0x0000, 0x0000, 0x0000, 0x0000, 0x0000, 0x0000, 0x0000, 0x0000,
  0x0000, 0x0000, 0x0000, 0x0000, 0x0000, 0x0000, 0x0000, 0x0000, 0x0411, 0xC310, 0xA310, 0x0000, 0x0000, 0x0000, 0x0000, 0x0000,
  0x0000, 0x0000, 0x0000, 0x0000, 0x0000, 0x0000, 0x0000, 0xE318, 0x0421, 0xC639, 0xE318, 0xC318, 0x6529, 0xC318, 0xA210, 0x0000,
  0x0000, 0x0000, 0x0000, 0x0000, 0xE318, 0xC310, 0x0000, 0x0000, 0x0000, 0x0000, 0x0000, 0x0000, 0xC318, 0xA210, 0x0000, 0x0000,
  0xE318, 0xE318, 0x0000, 0x0000, 0x0000, 0x0000, 0xA210, 0xE318, 0x0421, 0x6529, 0x0742, 0x2421, 0x484A, 0xE741, 0x0421, 0xE418,
  0x8631, 0xC739, 0x083A, 0x8631, 0x0000, 0xA310, 0x6629, 0x8531, 0x6529, 0x8210, 0x0000, 0x0000, 0x0000, 0xA731, 0x2842, 0xE739,
  0xAB52, 0xA310, 0x4529, 0xA631, 0xC739, 0x6529, 0x0000, 0x0000, 0xC310, 0x8629, 0xCB5A, 0x0842, 0x0000, 0x0000, 0xA310, 0x0000,
  0xE318, 0x0000, 0x0000, 0x0000, 0x0000, 0x8210, 0xC310, 0x0000, 0x8210, 0x0000, 0x0000, 0x0000, 0x0421, 0x0000, 0xC318, 0xE318,
  0xE318, 0x0421, 0xA310, 0x0000, 0x0000, 0x0000, 0x0000, 0xC318, 0xC318, 0x6529, 0x4529, 0xA210, 0xA210, 0x4529, 0xE839, 0x8629,
  0x8631, 0x2521, 0xC318, 0x0421, 0xE318, 0x2521, 0x0000, 0x0000, 0x0000, 0x0000, 0x0000, 0x0000, 0xE318, 0x2421, 0xC318, 0xA310,
  0xE418, 0xA310, 0x0000, 0x0000, 0xC310, 0x0000, 0x0000, 0x0000, 0x0000, 0x0000, 0x0000, 0x8208, 0x8210, 0xA310, 0xC310, 0xE318,
  0xA310, 0x0000, 0x0000, 0x0000, 0x0000, 0x0000, 0x0000, 0x0000, 0x0000, 0x0000, 0x0000, 0x0000, 0x0000, 0x0000, 0x0000, 0x0000,
  0x0000, 0x0000, 0x0000, 0x0000, 0x0000, 0x0000, 0x0000, 0x0000, 0x0000, 0x0000, 0x0000, 0x0000, 0x0000, 0x0000, 0x0000, 0x0000,
  0x0000, 0x0000, 0x0000, 0x0000, 0x0000, 0x0000, 0x0000, 0x0000, 0x0000, 0x0000, 0x0000, 0x0000, 0x0000, 0x0000, 0x0000, 0x0000,
  0x0000, 0x0000, 0x0000, 0x0000, 0x0000, 0x0000, 0x0000, 0x0000, 0x0000, 0x0000, 0x0000, 0x0000, 0x0000, 0x0000, 0x0000, 0x0000,
  0x0000, 0x0000, 0x0000, 0x0000, 0x0000, 0x0000, 0x0000, 0x0000, 0x0000, 0x0000, 0x0000, 0x0000, 0x0000, 0x0000, 0x0000, 0x0000,
  0x0000, 0x0000, 0x0000, 0x0000, 0x0000, 0x0000, 0x0000, 0x0000, 0x0000, 0x0000, 0x0000, 0x0000, 0x0000, 0x0000, 0x0000, 0x0000,
  0x0000, 0x0000, 0x0000, 0x0000, 0x0000, 0x0000, 0x0000, 0x0000, 0x0000, 0x0000, 0x0000, 0x0000, 0x0000, 0x0000, 0x0000, 0x0000,
  0x0000, 0x0000, 0x0000, 0x0000, 0x0000, 0x0000, 0x0000, 0x0000, 0x0000, 0x0000, 0x0000, 0x0000, 0x0000, 0x0000, 0x0000, 0x0000,
  0x0000, 0x0000, 0x0000, 0x0000, 0x0000, 0x0000, 0x0000, 0x0000, 0x0000, 0x0000, 0x0000, 0x0000, 0x0000, 0x0000, 0x0000, 0x0000,
  0x0000, 0x0000, 0x8208, 0xC310, 0xA208, 0x8208, 0xC310, 0xA310, 0x0000, 0x0000, 0x0000, 0x0000, 0x0000, 0x0000, 0x0000, 0x0000,
  0x0000, 0x0000, 0x0421, 0xA310, 0x4529, 0xC318, 0xC318, 0x2842, 0xC739, 0x0000, 0x0000, 0x0000, 0x0000, 0x0000, 0x0000, 0xC318,
  0x0421, 0xA210, 0x0000, 0x0000, 0x0000, 0x0000, 0x0000, 0x0000, 0x0319, 0x0000, 0x0000, 0xA210, 0x0000, 0x0000, 0xC318, 0x0000,
  0x0000, 0xA210, 0xA210, 0xC318, 0xC218, 0xA631, 0xC639, 0x2421, 0x484A, 0x6529, 0xE318, 0x2421, 0xE739, 0x8A52, 0xC731, 0xC318,
  0x0000, 0x0421, 0x8631, 0xA639, 0xC318, 0x0000, 0x0000, 0x0000, 0x0000, 0xC739, 0x4942, 0x694A, 0xC731, 0x0000, 0xE318, 0xA210,
  0x0842, 0x6631, 0x0000, 0x0000, 0xA210, 0xA210, 0x0842, 0xE739, 0x0000, 0x0000, 0xA310, 0x0000, 0xC318, 0x0000, 0x0000, 0x0000,
  0x0000, 0x0000, 0x0000, 0xC318, 0x0000, 0x0000, 0x0000, 0x8210, 0xE418, 0xE418, 0x0419, 0x2421, 0x0321, 0x0421, 0x2421, 0xA210,
  0x0000, 0x0000, 0x0000, 0x0000, 0xC310, 0xA210, 0x2521, 0x4529, 0x0419, 0x0000, 0xA631, 0x2519, 0xA310, 0x0421, 0xA210, 0xA210,
  0x0000, 0xA210, 0xA310, 0x0000, 0x0000, 0x0000, 0x0000, 0xA210, 0xA210, 0xA310, 0xA210, 0xE418, 0x0000, 0xA210, 0xC310, 0x0000,
  0x0000, 0x0000, 0x0000, 0x0000, 0x0000, 0x0000, 0x0000, 0x0000, 0x0000, 0x0000, 0x0000, 0xA310, 0x8210, 0x0000, 0x0000, 0x0000,
  0x0000, 0x0000, 0x0000, 0x0000, 0x0000, 0x0000, 0x0000, 0x0000, 0x0000, 0x0000, 0x0000, 0x0000, 0x0000, 0x0000, 0x0000, 0x0000,
  0x0000, 0x0000, 0x0000, 0x0000, 0x0000, 0x0000, 0x0000, 0x0000, 0x0000, 0x0000, 0x0000, 0x0000, 0x0000, 0x0000, 0x0000, 0x0000,
  0x0000, 0x0000, 0x0000, 0x0000, 0x0000, 0x0000, 0x0000, 0x0000, 0x0000, 0x0000, 0x0000, 0x0000, 0x0000, 0x0000, 0x0000, 0x0000,
  0x0000, 0x0000, 0x0000, 0x0000, 0x0000, 0x0000, 0x0000, 0x0000, 0x0000, 0x0000, 0x0000, 0x0000, 0x0000, 0x0000, 0x0000, 0x0000,
  0x0000, 0x0000, 0x0000, 0x0000, 0x0000, 0x0000, 0x0000, 0x0000, 0x0000, 0x0000, 0x0000, 0x0000, 0x0000, 0x0000, 0x0000, 0x0000,
  0x0000, 0x0000, 0x0000, 0x0000, 0x0000, 0x0000, 0x0000, 0x0000, 0x0000, 0x0000, 0x0000, 0x0000, 0x0000, 0x0000, 0x0000, 0x0000,
  0x0000, 0x0000, 0x0000, 0x0000, 0x0000, 0x0000, 0x0000, 0x0000, 0x0000, 0x0000, 0x0000, 0x0000, 0x0000, 0x0000, 0x0000, 0x0000,
  0x0000, 0x0000, 0x0000, 0x0000, 0x0000, 0x0000, 0x0000, 0x0000, 0x0000, 0x0000, 0x0000, 0x0000, 0x0000, 0x0000, 0x0000, 0x0000,
  0x0000, 0x0000, 0x0000, 0x0000, 0x0000, 0x0000, 0x0000, 0x0000, 0x0000, 0x0000, 0x0000, 0x0000, 0x0000, 0x8208, 0xA208, 0xA208,
  0xA208, 0xA208, 0x8208, 0x0000, 0x0000, 0x0000, 0x0000, 0x0000, 0x0000, 0x0000, 0x0000, 0x0000, 0x8210, 0xE318, 0x0000, 0xE318,
  0xC318, 0x0000, 0x6529, 0x8629, 0x0000, 0x0000, 0x0000, 0x0000, 0x0000, 0x0000, 0x0421, 0xE318, 0xA210, 0x0000, 0xC318, 0xA210,
  0x0000, 0x0000, 0x0000, 0x0421, 0x2421, 0xA210, 0x0000, 0xA210, 0x0000, 0x0000, 0xC318, 0x0000, 0x0000, 0xE318, 0xE318, 0xC218,
  0xA210, 0x2421, 0x6529, 0x2429, 0x8631, 0x0421, 0xE318, 0x4429, 0x694A, 0xE739, 0x0000, 0x0000, 0x0000, 0xC318, 0xE739, 0xC639,
  0x0000, 0x0000, 0x0000, 0x0000, 0x0000, 0x083A, 0xE839, 0x083A, 0x2521, 0x8210, 0xE318, 0xA210, 0xA631, 0x0421, 0x0000, 0xA210,
  0xA210, 0xA210, 0x0421, 0xC318, 0xC310, 0xA210, 0x0000, 0x0000, 0xA210, 0xC318, 0x0000, 0x0000, 0x0000, 0x0000, 0x0000, 0xE318,
  0x0000, 0x0000, 0x0000, 0xA310, 0xC310, 0xE418, 0x0419, 0x2421, 0x4429, 0x8531, 0x4529, 0x4529, 0x0000, 0x0000, 0x0000, 0x0000,
  0x0000, 0xC318, 0xE318, 0x0421, 0x0421, 0xE318, 0x0000, 0x8729, 0x0000, 0x0000, 0x0419, 0xA210, 0x0000, 0x0000, 0x0000, 0x0000,
  0x0000, 0x0000, 0x0000, 0x0000, 0xA310, 0x0419, 0xC310, 0x8208, 0xA310, 0x0000, 0x0000, 0x0000, 0x0000, 0x0000, 0x0000, 0x0000,
  0x0000, 0x0000, 0x0000, 0x0000, 0x0000, 0x0000, 0x0000, 0x8208, 0x0000, 0x0000, 0x0000, 0x0000, 0x0000, 0x0000, 0x0000, 0x0000,
  0x0000, 0x0000, 0x0000, 0x0000, 0x0000, 0x0000, 0x0000, 0x0000, 0x0000, 0x0000, 0x0000, 0x0000, 0x0000, 0x0000, 0x0000, 0x0000,
  0x0000, 0x0000, 0x0000, 0x0000, 0x0000, 0x0000, 0x0000, 0x0000, 0x0000, 0x0000, 0x0000, 0x0000, 0x0000, 0x0000, 0x0000, 0x0000,
  0x0000, 0x0000, 0x0000, 0x0000, 0x0000, 0x0000, 0x0000, 0x0000, 0x0000, 0x0000, 0x0000, 0x0000, 0x0000, 0x0000, 0x0000, 0x0000,
  0x0000, 0x0000, 0x0000, 0x0000, 0x0000, 0x0000, 0x0000, 0x0000, 0x0000, 0x0000, 0x0000, 0x0000, 0x0000, 0x0000, 0x0000, 0x0000,
  0x0000, 0x0000, 0x0000, 0x0000, 0x0000, 0x0000, 0x0000, 0x0000, 0x0000, 0x0000, 0x0000, 0x0000, 0x0000, 0x0000, 0x0000, 0x0000,
  0x0000, 0x0000, 0x0000, 0x0000, 0x0000, 0x0000, 0x0000, 0x0000, 0x0000, 0x0000, 0x0000, 0x0000, 0x0000, 0x0000, 0x0000, 0x0000,
  0x0000, 0x0000, 0x0000, 0x0000, 0x0000, 0x0000, 0x0000, 0x0000, 0x0000, 0x0000, 0x0000, 0x0000, 0x0000, 0x0000, 0x0000, 0x0000,
  0x0000, 0x0000, 0x0000, 0x0000, 0x0000, 0x0000, 0x0000, 0x0000, 0x0000, 0x0000, 0x0000, 0x0000, 0x0000, 0x0000, 0x0000, 0x0000,
  0x0000, 0x0000, 0x0000, 0x0000, 0x0000, 0x0000, 0x0000, 0x0000, 0x0000, 0x8208, 0x0000, 0x0000, 0x0000, 0x8208, 0x0000, 0x0000,
  0x0000, 0x0000, 0x0000, 0x0000, 0x0000, 0x0000, 0x0000, 0x0000, 0x8210, 0xC318, 0x0421, 0xE318, 0xA210, 0xE318, 0xE318, 0x0000,
  0x0000, 0x0000, 0x0000, 0x0000, 0x0000, 0xE318, 0x6529, 0x2421, 0xA210, 0x0000, 0x0419, 0x0000, 0xA210, 0xA210, 0x2421, 0x0421,
  0x2421, 0xA210, 0x0000, 0x0000, 0x0000, 0xA210, 0x0000, 0xC318, 0xA218, 0xE318, 0x6529, 0xA210, 0x0000, 0x4429, 0xA631, 0x0321,
  0x4429, 0x0421, 0xA210, 0xE318, 0xE739, 0xA210, 0x0000, 0xA210, 0x0000, 0xE318, 0xE741, 0x0321, 0x0000, 0x0000, 0x0000, 0x0000,
  0xE418, 0x2942, 0xA731, 0x0419, 0x8210, 0xA210, 0xC310, 0xA210, 0x073A, 0xE418, 0xC318, 0xA210, 0x0000, 0x0000, 0x0000, 0x0000,
  0xE318, 0xE418, 0x0000, 0x0000, 0xC318, 0xA210, 0xC318, 0x0000, 0xA210, 0xA210, 0xA210, 0xC210, 0x0421, 0xA210, 0x0000, 0xA210,
  0x0419, 0xA731, 0x6529, 0x8629, 0x4421, 0x6529, 0x8531, 0x8631, 0xE318, 0x0000, 0x0000, 0x0000, 0x0000, 0x0000, 0xC318, 0xE318,
  0xE318, 0x2521, 0xC318, 0xC310, 0x8210, 0xA210, 0x0000, 0x8629, 0x0000, 0x0000, 0x0000, 0x0000, 0x0000, 0xC318, 0x2421, 0xC318,
  0x0000, 0xC318, 0xC318, 0xA210, 0x0000, 0x0000, 0x0000, 0x0000, 0x0000, 0x0000, 0x0000, 0x0000, 0x0000, 0x0000, 0x8210, 0x0000,
  0x0000, 0x0000, 0x0000, 0x0000, 0x0000, 0x0000, 0x0000, 0x0000, 0x0000, 0x0000, 0x0000, 0x0000, 0x0000, 0x0000, 0x0000, 0x0000,
  0x0000, 0x0000, 0x0000, 0x0000, 0x0000, 0x0000, 0x0000, 0x0000, 0x0000, 0x0000, 0x0000, 0x0000, 0x0000, 0x0000, 0x0000, 0x0000,
  0x0000, 0x0000, 0x0000, 0x0000, 0x0000, 0x0000, 0x0000, 0x0000, 0x0000, 0x0000, 0x0000, 0x0000, 0x0000, 0x0000, 0x0000, 0x0000,
  0x0000, 0x0000, 0x0000, 0x0000, 0x0000, 0x0000, 0x0000, 0x0000, 0x0000, 0x0000, 0x0000, 0x0000, 0x0000, 0x0000, 0x0000, 0x0000,
  0x0000, 0x0000, 0x0000, 0x0000, 0x0000, 0x0000, 0x0000, 0x0000, 0x0000, 0x0000, 0x0000, 0x0000, 0x0000, 0x0000, 0x0000, 0x0000,
  0x0000, 0x0000, 0x0000, 0x0000, 0x0000, 0x0000, 0x0000, 0x0000, 0x0000, 0x0000, 0x0000, 0x0000, 0x0000, 0x0000, 0x0000, 0x0000,
  0x0000, 0x0000, 0x0000, 0x0000, 0x0000, 0x0000, 0x0000, 0x0000, 0x0000, 0x0000, 0x0000, 0x0000, 0x0000, 0x0000, 0x0000, 0x0000,
  0x0000, 0x0000, 0x0000, 0x0000, 0x0000, 0x0000, 0x0000, 0x0000, 0x0000, 0x0000, 0x0000, 0x0000, 0x0000, 0x0000, 0x0000, 0x0000,
  0x0000, 0x0000, 0x0000, 0x0000, 0x0000, 0x0000, 0x0000, 0x0000, 0x0000, 0x0000, 0x0000, 0x0000, 0x0000, 0x0000, 0x0000, 0x0000,
  0x0000, 0x0000, 0x0000, 0x0000, 0x0000, 0x0000, 0x0000, 0x0000, 0xC310, 0xA208, 0x0000, 0x0000, 0x0000, 0x0000, 0x0000, 0x0000,
  0x0000, 0x0000, 0x0000, 0xC318, 0xE318, 0xC318, 0x2421, 0x0421, 0x0000, 0x0000, 0x0000, 0x0000, 0x0000, 0x0000, 0x0000, 0x0000,
  0xA210, 0xA631, 0x0421, 0xE318, 0xA310, 0x2521, 0x8208, 0x0000, 0xE320, 0x0000, 0x0321, 0x2421, 0x6529, 0xA210, 0x0000, 0x0000,
  0x0000, 0xC318, 0x0000, 0xE318, 0x2421, 0xC218, 0xE318, 0x0000, 0xC218, 0x8531, 0xC639, 0x8531, 0x0421, 0x8531, 0x0321, 0xC318,
  0xA210, 0xC318, 0x0000, 0x0000, 0x0000, 0x8631, 0xC639, 0xA210, 0x0000, 0x0000, 0xC318, 0x0000, 0x4529, 0x8631, 0x6629, 0x0000,
  0x0000, 0xA210, 0x0000, 0x0000, 0x2421, 0x2421, 0xE318, 0x0000, 0x0000, 0x8210, 0x0000, 0x0000, 0xE318, 0xE318, 0xC318, 0xA210,
  0xA210, 0xA210, 0xA210, 0x0000, 0xA210, 0x4529, 0xC218, 0x0000, 0x2421, 0xE318, 0x0000, 0x0000, 0x0421, 0x8629, 0xA731, 0x4529,
  0x4429, 0xC631, 0x073A, 0x6529, 0x0421, 0x0000, 0x0000, 0x0000, 0x0000, 0x0000, 0x0000, 0xA210, 0x0419, 0xA210, 0x4529, 0xE418,
  0x0000, 0x0000, 0xA210, 0x0000, 0xE318, 0x0000, 0x0000, 0x0000, 0x0000, 0x0000, 0x8210, 0x0419, 0xC318, 0x0000, 0x0000, 0x8208,
  0x0000, 0x0000, 0x0000, 0x0000, 0x0000, 0x0000, 0x0000, 0x0000, 0x0000, 0x0000, 0x0000, 0x0000, 0x0000, 0x0000, 0x0000, 0xA310,
  0xC310, 0x0000, 0x0000, 0x0000, 0x0000, 0x0000, 0x0000, 0x0000, 0x0000, 0x0000, 0x0000, 0x0000, 0x0000, 0x0000, 0x0000, 0x0000,
  0x0000, 0x0000, 0x0000, 0x0000, 0x0000, 0x0000, 0x0000, 0x0000, 0x0000, 0x0000, 0x0000, 0x0000, 0x0000, 0x0000, 0x0000, 0x0000,
  0x0000, 0x0000, 0x0000, 0x0000, 0x0000, 0x0000, 0x0000, 0x0000, 0x0000, 0x0000, 0x0000, 0x0000, 0x0000, 0x0000, 0x0000, 0x0000,
  0x0000, 0x0000, 0x0000, 0x0000, 0x0000, 0x0000, 0x0000, 0x0000, 0x0000, 0x0000, 0x0000, 0x0000, 0x0000, 0x0000, 0x0000, 0x0000,
  0x0000, 0x0000, 0x0000, 0x0000, 0x0000, 0x0000, 0x0000, 0x0000, 0x0000, 0x0000, 0x0000, 0x0000, 0x0000, 0x0000, 0x0000, 0x0000,
  0x0000, 0x0000, 0x0000, 0x0000, 0x0000, 0x0000, 0x0000, 0x0000, 0x0000, 0x0000, 0x0000, 0x0000, 0x0000, 0x0000, 0x0000, 0x0000,
  0x0000, 0x0000, 0x0000, 0x0000, 0x0000, 0x0000, 0x0000, 0x0000, 0x0000, 0x0000, 0x0000, 0x0000, 0x0000, 0x0000, 0x0000, 0x0000,
  0x0000, 0x0000, 0x0000, 0x0000, 0x0000, 0x0000, 0x0000, 0x0000, 0x0000, 0x0000, 0x0000, 0x0000, 0x0000, 0x0000, 0x0000, 0x0000,
  0x0000, 0x0000, 0x0000, 0x0000, 0x0000, 0x0000, 0x0000, 0x0000, 0x0000, 0x0000, 0x0000, 0x0000, 0x0000, 0x0000, 0x0000, 0x0000,
  0x0000, 0x0000, 0x0000, 0xA310, 0x0000, 0x0000, 0x0000, 0x0000, 0x0000, 0x0000, 0x8210, 0x0000, 0x0000, 0xC318, 0x2521, 0xE418,
  0x0421, 0xE418, 0xC318, 0x0000, 0x0000, 0x0000, 0x0000, 0x0000, 0x0000, 0x0000, 0x0000, 0x0000, 0x0000, 0x0421, 0x0421, 0xA310,
  0xE418, 0xC310, 0x0000, 0xA210, 0xC318, 0xE318, 0x0321, 0x2421, 0xE318, 0xA210, 0x0000, 0xC318, 0xA210, 0x0421, 0x0000, 0x2421,
  0xA639, 0x0321, 0x0321, 0xE318, 0x0321, 0x0742, 0x0742, 0x0321, 0x2429, 0x6529, 0x2421, 0x0000, 0xA210, 0xA310, 0x0000, 0x0000,
  0xA210, 0x8631, 0xE318, 0x0000, 0x0000, 0x0000, 0xC318, 0xA210, 0x0421, 0x0421, 0x0421, 0x0000, 0x0000, 0x0000, 0x0000, 0x0000,
  0xC318, 0x8631, 0xC318, 0x0000, 0xA210, 0xE318, 0x0000, 0x0000, 0xE318, 0xE318, 0xA210, 0x0321, 0xE318, 0x2421, 0xA210, 0xA210,
  0x0000, 0x6529, 0xE318, 0x0000, 0x8531, 0x2421, 0x0000, 0x0000, 0x8210, 0x2521, 0xC731, 0xA631, 0xC739, 0xA631, 0x694A, 0xE739,
  0x0421, 0xA210, 0x0000, 0x0000, 0x0000, 0x0000, 0x0000, 0x0000, 0x0000, 0x0000, 0x0000, 0x4521, 0xA310, 0x0000, 0x0421, 0x0000,
  0x0000, 0x0000, 0xA210, 0xC318, 0xA210, 0x0000, 0x0000, 0x0000, 0x0000, 0x0000, 0x0000, 0x0000, 0x8208, 0x8208, 0xA310, 0x8208,
  0x0000, 0x0000, 0x0000, 0x0000, 0x0000, 0x0000, 0x0000, 0xA210, 0x0000, 0x0000, 0x0000, 0x0000, 0x8208, 0x0000, 0x0000, 0x0000,
  0x0000, 0x0000, 0x0000, 0x0000, 0x0000, 0x0000, 0x0000, 0x0000, 0x0000, 0x0000, 0x0000, 0x0000, 0x0000, 0x0000, 0x0000, 0x0000,
  0x0000, 0x0000, 0x0000, 0x0000, 0x0000, 0x0000, 0x0000, 0x0000, 0x0000, 0x0000, 0x0000, 0x0000, 0x0000, 0x0000, 0x0000, 0x0000,
  0x0000, 0x0000, 0x0000, 0x0000, 0x0000, 0x0000, 0x0000, 0x0000, 0x0000, 0x0000, 0x0000, 0x0000, 0x0000, 0x0000, 0x0000, 0x0000,
  0x0000, 0x0000, 0x0000, 0x0000, 0x0000, 0x0000, 0x0000, 0x0000, 0x0000, 0x0000, 0x0000, 0x0000, 0x0000, 0x0000, 0x0000, 0x0000,
  0x0000, 0x0000, 0x0000, 0x0000, 0x0000, 0x0000, 0x0000, 0x0000, 0x0000, 0x0000, 0x0000, 0x0000, 0x0000, 0x0000, 0x0000, 0x0000,
  0x0000, 0x0000, 0x0000, 0x0000, 0x0000, 0x0000, 0x0000, 0x0000, 0x0000, 0x0000, 0x0000, 0x0000, 0x0000, 0x0000, 0x0000, 0x0000,
  0x0000, 0x0000, 0x0000, 0x0000, 0x0000, 0x0000, 0x0000, 0x0000, 0x0000, 0x0000, 0x0000, 0x0000, 0x0000, 0x0000, 0x0000, 0x0000,
  0x0000, 0x0000, 0x0000, 0x0000, 0x0000, 0x0000, 0x0000, 0x0000, 0x0000, 0x0000, 0x0000, 0x0000, 0x0000, 0x0000, 0x0000, 0x0000,
  0x0000, 0x0000, 0x0000, 0x0000, 0x0000, 0x0000, 0x0000, 0x0000, 0x0000, 0x0000, 0x0000, 0x0000, 0x0000, 0x0000, 0x0000, 0x0000,
  0x0000, 0x0000, 0x0000, 0x0000, 0x0000, 0x0000, 0x0000, 0xA310, 0x0421, 0xE418, 0xC310, 0xA210, 0xE418, 0xA310, 0x0000, 0x0000,
  0x0000, 0x0000, 0x0000, 0x0000, 0x0000, 0x0000, 0x0000, 0x0000, 0xA310, 0xA731, 0x0421, 0x0419, 0xC310, 0x0000, 0x0000, 0x2421,
  0x0421, 0x2421, 0x0321, 0x0421, 0x0421, 0x0000, 0x0000, 0x6529, 0x2421, 0xC318, 0x0000, 0x4529, 0xA631, 0x4429, 0xE318, 0x0421,
  0xE318, 0xE739, 0xC639, 0x2421, 0xC318, 0x2421, 0xC218, 0xC318, 0x0421, 0xC310, 0x0000, 0x0000, 0x0419, 0x0000, 0xA210, 0x0000,
  0x0000, 0x2421, 0x0419, 0xA210, 0xE318, 0x0421, 0x0000, 0x0000, 0x0000, 0x0000, 0x0000, 0x0000, 0xA210, 0xA210, 0x0000, 0xE318,
  0xE318, 0xC318, 0x0000, 0x0000, 0x0421, 0x0421, 0x0321, 0x0421, 0x8631, 0x4529, 0xA210, 0xC318, 0x8210, 0x8631, 0x4529, 0xC318,
  0x8631, 0x6529, 0x0000, 0xC318, 0x0000, 0x2521, 0x4942, 0x8629, 0xC739, 0xA631, 0x073A, 0xC739, 0xE318, 0xE318, 0x0000, 0x0000,
  0x0000, 0x0000, 0x0000, 0x0000, 0x0000, 0x0000, 0x0000, 0x8208, 0xC310, 0x0000, 0xA210, 0xC318, 0x0000, 0xC318, 0xA210, 0xC218,
  0x0421, 0x0419, 0x0000, 0x0000, 0x0000, 0x0000, 0x0000, 0x0000, 0x8208, 0x0000, 0x0000, 0x8208, 0xC310, 0xA310, 0x0000, 0x0000,
  0x0000, 0x0000, 0x0000, 0xA210, 0xC318, 0xA210, 0x0000, 0x0000, 0x0000, 0x0000, 0x0000, 0x0000, 0x0000, 0x0000, 0x0000, 0x0000,
  0x0000, 0x0000, 0x0000, 0x0000, 0x0000, 0x0000, 0x0000, 0x0000, 0x0000, 0x0000, 0x0000, 0x0000, 0x0000, 0x0000, 0x0000, 0x0000,
  0x0000, 0x0000, 0x0000, 0x0000, 0x0000, 0x0000, 0x0000, 0x0000, 0x0000, 0x0000, 0x0000, 0x0000, 0x0000, 0x0000, 0x0000, 0x0000,
  0x0000, 0x0000, 0x0000, 0x0000, 0x0000, 0x0000, 0x0000, 0x0000, 0x0000, 0x0000, 0x0000, 0x0000, 0x0000, 0x0000, 0x0000, 0x0000,
  0x0000, 0x0000, 0x0000, 0x0000, 0x0000, 0x0000, 0x0000, 0x0000, 0x0000, 0x0000, 0x0000, 0x0000, 0x0000, 0x0000, 0x0000, 0x0000,
  0x0000, 0x0000, 0x0000, 0x0000, 0x0000, 0x0000, 0x0000, 0x0000, 0x0000, 0x0000, 0x0000, 0x0000, 0x0000, 0x0000, 0x0000, 0x0000,
  0x0000, 0x0000, 0x0000, 0x0000, 0x0000, 0x0000, 0x0000, 0x0000, 0x0000, 0x0000, 0x0000, 0x0000, 0x0000, 0x0000, 0x0000, 0x0000,
  0x0000, 0x0000, 0x0000, 0x0000, 0x0000, 0x0000, 0x0000, 0x0000, 0x0000, 0x0000, 0x0000, 0x0000, 0x0000, 0x0000, 0x0000, 0x0000,
  0x0000, 0x0000, 0x0000, 0x0000, 0x0000, 0x0000, 0x0000, 0x0000, 0x0000, 0x0000, 0x0000, 0x0000, 0x0000, 0x0000, 0x0000, 0x0000,
  0x0000, 0x0000, 0x0000, 0x0000, 0x0000, 0x0000, 0x0000, 0x0000, 0x0000, 0x0000, 0x0000, 0x0000, 0x0000, 0x0000, 0x0000, 0x0000,
  0x0000, 0x0000, 0xC310, 0x8210, 0x0000, 0xA210, 0xC318, 0xE418, 0xE318, 0x8210, 0x0000, 0x0000, 0x0000, 0x0000, 0x0000, 0x0000,
  0x0000, 0x0000, 0x0000, 0x0000, 0xC739, 0x2521, 0xA210, 0xC318, 0x0000, 0x0000, 0x0000, 0xC318, 0xC318, 0xE318, 0x2421, 0xE318,
  0xC318, 0x0000, 0xC318, 0xE739, 0xC318, 0xC218, 0xA210, 0xA631, 0xA631, 0x4529, 0x2421, 0xA631, 0xA631, 0x6531, 0xC639, 0x2421,
  0xC318, 0x4429, 0x0421, 0x0000, 0x0000, 0x0000, 0x0000, 0x0000, 0x0000, 0x0000, 0x0000, 0x0000, 0x0000, 0x0421, 0xA210, 0xC318,
  0x0421, 0x8210, 0x0000, 0x0000, 0x0000, 0x0000, 0x0000, 0x0000, 0x0000, 0x0000, 0x0000, 0x0000, 0xA210, 0x0000, 0x0000, 0x0000,
  0xC218, 0x2421, 0x6529, 0x6529, 0x0742, 0xA639, 0x6529, 0xE318, 0x0000, 0x8631, 0x8531, 0x0321, 0xE739, 0x4529, 0x0000, 0x0421,
  0x0000, 0x0000, 0x083A, 0xE739, 0x0421, 0xA631, 0x2421, 0xC739, 0x0421, 0xC318, 0xC318, 0x0000, 0x0000, 0x0000, 0x0000, 0x0000,
  0x0000, 0x0000, 0x0000, 0x0000, 0x0000, 0xC310, 0xA210, 0xE318, 0xE318, 0x0421, 0x0421, 0xA210, 0xE318, 0x0421, 0xA210, 0x0000,
  0x0000, 0x0000, 0x0000, 0x0000, 0x0000, 0x8208, 0x0000, 0x0000, 0x0000, 0x0000, 0x0000, 0x0000, 0x0000, 0x0000, 0x0000, 0x0000,
  0x0000, 0x0000, 0x0000, 0x0000, 0x0000, 0x0000, 0x0000, 0x0000, 0x0000, 0x0000, 0x0000, 0x0000, 0x0000, 0x0000, 0x0000, 0x0000,
  0x0000, 0x0000, 0x0000, 0x0000, 0x0000, 0x0000, 0x0000, 0x0000, 0x0000, 0x0000, 0x0000, 0x0000, 0x0000, 0x0000, 0x0000, 0x0000,
  0x0000, 0x0000, 0x0000, 0x0000, 0x0000, 0x0000, 0x0000, 0x0000, 0x0000, 0x0000, 0x0000, 0x0000, 0x0000, 0x0000, 0x0000, 0x0000,
  0x0000, 0x0000, 0x0000, 0x0000, 0x0000, 0x0000, 0x0000, 0x0000, 0x0000, 0x0000, 0x0000, 0x0000, 0x0000, 0x0000, 0x0000, 0x0000,
  0x0000, 0x0000, 0x0000, 0x0000, 0x0000, 0x0000, 0x0000, 0x0000, 0x0000, 0x0000, 0x0000, 0x0000, 0x0000, 0x0000, 0x0000, 0x0000,
  0x0000, 0x0000, 0x0000, 0x0000, 0x0000, 0x0000, 0x0000, 0x0000, 0x0000, 0x0000, 0x0000, 0x0000, 0x0000, 0x0000, 0x0000, 0x0000,
  0x0000, 0x0000, 0x0000, 0x0000, 0x0000, 0x0000, 0x0000, 0x0000, 0x0000, 0x0000, 0x0000, 0x0000, 0x0000, 0x0000, 0x0000, 0x0000,
  0x0000, 0x0000, 0x0000, 0x0000, 0x0000, 0x0000, 0x0000, 0x0000, 0x0000, 0x0000, 0x0000, 0x0000, 0x0000, 0x0000, 0x0000, 0x0000,
  0x0000, 0x0000, 0x0000, 0x0000, 0x0000, 0x0000, 0x0000, 0x0000, 0x0000, 0x0000, 0x0000, 0x0000, 0x0000, 0x0000, 0x0000, 0x0000,
  0x0000, 0x0000, 0x0000, 0x0000, 0x0000, 0x0000, 0x0000, 0x0000, 0x0000, 0x0000, 0x0000, 0x0000, 0x0000, 0x0000, 0x0000, 0x8208,
  0x2519, 0x0419, 0xE418, 0xE418, 0x0000, 0x0000, 0x0000, 0x0000, 0x0000, 0x0000, 0x0000, 0x0000, 0x0000, 0xC310, 0x8210, 0xE318,
  0x2521, 0xC310, 0xC318, 0x0000, 0x0000, 0x0000, 0xA210, 0xC318, 0x8210, 0x0321, 0x0000, 0xC318, 0x0000, 0x0000, 0xA631, 0x8631,
  0xC318, 0x2421, 0xE318, 0xE739, 0x6529, 0x0421, 0x6529, 0x0842, 0x2421, 0x0421, 0x8631, 0x2421, 0xE318, 0x4529, 0xE318, 0x0000,
  0x0000, 0x0000, 0x0000, 0x0000, 0x0000, 0x0000, 0x0000, 0x0000, 0xE318, 0xA210, 0x0419, 0x2421, 0xA210, 0x0000, 0xC318, 0x0000,
  0x0000, 0x0000, 0x0000, 0x0000, 0x0000, 0x0000, 0x0000, 0x0000, 0x0000, 0x0000, 0xA210, 0xA210, 0xC318, 0xA639, 0xA631, 0x4529,
  0xE739, 0xE739, 0x6529, 0x6529, 0x0000, 0x2421, 0x4529, 0x6529, 0x494A, 0x4529, 0x0000, 0xA310, 0x0000, 0x0000, 0x2521, 0xA731,
  0x0421, 0x2421, 0x4529, 0x2421, 0xC731, 0x0000, 0xA210, 0x0000, 0x0000, 0x0000, 0x0000, 0x0000, 0x0000, 0x0000, 0x0000, 0x0000,
  0x0000, 0xA210, 0x0421, 0xE318, 0x2421, 0xA631, 0x8529, 0x4529, 0xA210, 0x2421, 0xE318, 0x0000, 0x0000, 0x0000, 0x0000, 0x0000,
  0x0000, 0x0000, 0x0000, 0x0000, 0x0000, 0x0000, 0x0000, 0x0000, 0x0000, 0x0000, 0x0000, 0x0000, 0x0000, 0x0000, 0x0000, 0x0000,
  0x0000, 0x0000, 0x0000, 0x0000, 0x0000, 0x0000, 0x0000, 0x0000, 0x0000, 0x0000, 0x0000, 0x0000, 0x0000, 0x0000, 0x0000, 0x0000,
  0x0000, 0x0000, 0x0000, 0x0000, 0x0000, 0x0000, 0x0000, 0x0000, 0x0000, 0x0000, 0x0000, 0x0000, 0x0000, 0x0000, 0x0000, 0x0000,
  0x0000, 0x0000, 0x0000, 0x0000, 0x0000, 0x0000, 0x0000, 0x0000, 0x0000, 0x0000, 0x0000, 0x0000, 0x0000, 0x0000, 0x0000, 0x0000,
  0x0000, 0x0000, 0x0000, 0x0000, 0x0000, 0x0000, 0x0000, 0x0000, 0x0000, 0x0000, 0x0000, 0x0000, 0x0000, 0x0000, 0x0000, 0x0000,
  0x0000, 0x0000, 0x0000, 0x0000, 0x0000, 0x0000, 0x0000, 0x0000, 0x0000, 0x0000, 0x0000, 0x0000, 0x0000, 0x0000, 0x0000, 0x0000,
  0x0000, 0x0000, 0x0000, 0x0000, 0x0000, 0x0000, 0x0000, 0x0000, 0x0000, 0x0000, 0x0000, 0x0000, 0x0000, 0x0000, 0x0000, 0x0000,
  0x0000, 0x0000, 0x0000, 0x0000, 0x0000, 0x0000, 0x0000, 0x0000, 0x0000, 0x0000, 0x0000, 0x0000, 0x0000, 0x0000, 0x0000, 0x0000,
  0x0000, 0x0000, 0x0000, 0x0000, 0x0000, 0x0000, 0x0000, 0x0000, 0x0000, 0x0000, 0x0000, 0x0000, 0x0000, 0x0000, 0x0000, 0x0000,
  0x0000, 0x0000, 0x0000, 0x0000, 0x0000, 0x0000, 0x0000, 0x0000, 0x0000, 0x0000, 0x0000, 0x0000, 0x0000, 0x0000, 0x0000, 0x0000,
  0x0000, 0x0000, 0x0000, 0x0000, 0x0000, 0x0000, 0x0000, 0x0000, 0x0000, 0xA308, 0xE410, 0xE418, 0xA310, 0x8208, 0x0000, 0x0000,
  0x0000, 0x0000, 0x0000, 0x0000, 0x0000, 0x0000, 0x0000, 0x0000, 0x0000, 0xC318, 0x0000, 0xA210, 0xE318, 0xE318, 0x0000, 0x0000,
  0x0000, 0x0000, 0xE318, 0xC318, 0xC318, 0xA210, 0x0000, 0xC318, 0x0000, 0xC318, 0x0842, 0x0000, 0xE318, 0xE318, 0xA631, 0xE739,
  0xC318, 0xE318, 0x8631, 0x8631, 0xA210, 0xA631, 0x6529, 0x2421, 0xC318, 0x4529, 0x0000, 0xE318, 0x0000, 0x0000, 0x0000, 0x0000,
  0x0000, 0x0000, 0x0000, 0x0000, 0xE318, 0xC310, 0x2421, 0xC318, 0xA210, 0x0000, 0x8210, 0x0000, 0x0000, 0x0000, 0x0000, 0x0000,
  0xA210, 0x0000, 0x0000, 0x0000, 0x0000, 0x0000, 0x0000, 0xC318, 0x0421, 0x6529, 0xC739, 0x6529, 0x8631, 0xA631, 0xA631, 0xC739,
  0x0000, 0x2421, 0xE318, 0x0421, 0xE739, 0xA631, 0x0000, 0xC318, 0x0000, 0x0000, 0x0000, 0xE318, 0x4521, 0x2421, 0x2421, 0xE318,
  0x8631, 0xC318, 0xC318, 0x0000, 0x0000, 0x0000, 0x0000, 0x0000, 0x0000, 0x0000, 0x0000, 0x0000, 0x0000, 0x0000, 0xE318, 0x4529,
  0x2421, 0x6529, 0x6529, 0x6629, 0xC318, 0x0000, 0x2521, 0x8208, 0x0000, 0x0000, 0x0000, 0x0000, 0x0000, 0x0000, 0x0000, 0x0000,
  0x0000, 0x0000, 0x0000, 0x0000, 0x0000, 0x0000, 0x0000, 0x0000, 0x0000, 0x0000, 0x0000, 0x0000, 0x0000, 0x0000, 0x0000, 0x0000,
  0x0000, 0x0000, 0x0000, 0x0000, 0x0000, 0x0000, 0x0000, 0x0000, 0x0000, 0x0000, 0x0000, 0x0000, 0x0000, 0x0000, 0x0000, 0x0000,
  0x0000, 0x0000, 0x0000, 0x0000, 0x0000, 0x0000, 0x0000, 0x0000, 0x0000, 0x0000, 0x0000, 0x0000, 0x0000, 0x0000, 0x0000, 0x0000,
  0x0000, 0x0000, 0x0000, 0x0000, 0x0000, 0x0000, 0x0000, 0x0000, 0x0000, 0x0000, 0x0000, 0x0000, 0x0000, 0x0000, 0x0000, 0x0000,
  0x0000, 0x0000, 0x0000, 0x0000, 0x0000, 0x0000, 0x0000, 0x0000, 0x0000, 0x0000, 0x0000, 0x0000, 0x0000, 0x0000, 0x0000, 0x0000,
  0x0000, 0x0000, 0x0000, 0x0000, 0x0000, 0x0000, 0x0000, 0x0000, 0x0000, 0x0000, 0x0000, 0x0000, 0x0000, 0x0000, 0x0000, 0x0000,
  0x0000, 0x0000, 0x0000, 0x0000, 0x0000, 0x0000, 0x0000, 0x0000, 0x0000, 0x0000, 0x0000, 0x0000, 0x0000, 0x0000, 0x0000, 0x0000,
  0x0000, 0x0000, 0x0000, 0x0000, 0x0000, 0x0000, 0x0000, 0x0000, 0x0000, 0x0000, 0x0000, 0x0000, 0x0000, 0x0000, 0x0000, 0x0000,
  0x0000, 0x0000, 0x0000, 0x0000, 0x0000, 0x0000, 0x0000, 0x0000, 0x0000, 0x0000, 0x0000, 0x0000, 0x0000, 0x0000, 0x0000, 0x0000,
  0x0000, 0x0000, 0x0000, 0x0000, 0x0000, 0x0000, 0x0000, 0x0000, 0x0000, 0x0000, 0x0000, 0x0000, 0x0000, 0x0000, 0x0000, 0x0000,
  0x0000, 0x0000, 0x0000, 0x0000, 0x0000, 0x8208, 0x0000, 0x0000, 0x0000, 0x0000, 0x0000, 0x0000, 0x0000, 0x0000, 0x0000, 0x0000,
  0x0000, 0x0000, 0x0000, 0x0000, 0xE318, 0xE318, 0x0000, 0xA210, 0x0000, 0x0000, 0x0000, 0x0000, 0x0000, 0xA210, 0x0000, 0xA210,
  0x0000, 0x0000, 0x0000, 0x0000, 0x0000, 0x2521, 0x8629, 0x0000, 0x0000, 0xE318, 0xC731, 0x6529, 0x4521, 0x2421, 0x8631, 0x0419,
  0x6629, 0x8631, 0x0000, 0xA210, 0xC318, 0xE318, 0x0000, 0x0000, 0x0000, 0x0000, 0x0000, 0x0000, 0x0000, 0x0000, 0x0000, 0x0000,
  0xA210, 0x0000, 0x0421, 0xE318, 0x8210, 0x0000, 0x0000, 0xE318, 0x0000, 0x0000, 0x0000, 0x0000, 0x0000, 0x0000, 0x0000, 0x0000,
  0x0000, 0x0000, 0x0000, 0xA210, 0xE318, 0x0000, 0x0842, 0x8631, 0xA631, 0xA631, 0x6529, 0x6531, 0x0000, 0x4521, 0x0000, 0x0000,
  0xA631, 0x8631, 0x0000, 0xA210, 0x0000, 0x0000, 0x0000, 0x0000, 0xC318, 0x4529, 0x4529, 0x4529, 0x8631, 0xE318, 0xC318, 0xC318,
  0x0000, 0x0000, 0x0000, 0x0000, 0x0000, 0x0000, 0x0000, 0x0000, 0x0000, 0x0000, 0x0000, 0xC318, 0x8631, 0x4529, 0x8631, 0xA731,
  0x4521, 0xA310, 0xA310, 0x0000, 0x0000, 0x0000, 0x0000, 0x0000, 0x0000, 0x0000, 0x0000, 0x0000, 0x0000, 0x0000, 0x0000, 0x0000,
  0x0000, 0x0000, 0x0000, 0x0000, 0x0000, 0x0000, 0x0000, 0x0000, 0x0000, 0x0000, 0x0000, 0x0000, 0x0000, 0x0000, 0x0000, 0x0000,
  0x0000, 0x0000, 0x0000, 0x0000, 0x0000, 0x0000, 0x0000, 0x0000, 0x0000, 0x0000, 0x0000, 0x0000, 0x0000, 0x0000, 0x0000, 0x0000,
  0x0000, 0x0000, 0x0000, 0x0000, 0x0000, 0x0000, 0x0000, 0x0000, 0x0000, 0x0000, 0x0000, 0x0000, 0x0000, 0x0000, 0x0000, 0x0000,
  0x0000, 0x0000, 0x0000, 0x0000, 0x0000, 0x0000, 0x0000, 0x0000, 0x0000, 0x0000, 0x0000, 0x0000, 0x0000, 0x0000, 0x0000, 0x0000,
  0x0000, 0x0000, 0x0000, 0x0000, 0x0000, 0x0000, 0x0000, 0x0000, 0x0000, 0x0000, 0x0000, 0x0000, 0x0000, 0x0000, 0x0000, 0x0000,
  0x0000, 0x0000, 0x0000, 0x0000, 0x0000, 0x0000, 0x0000, 0x0000, 0x0000, 0x0000, 0x0000, 0x0000, 0x0000, 0x0000, 0x0000, 0x0000,
  0x0000, 0x0000, 0x0000, 0x0000, 0x0000, 0x0000, 0x0000, 0x0000, 0x0000, 0x0000, 0x0000, 0x0000, 0x0000, 0x0000, 0x0000, 0x0000,
  0x0000, 0x0000, 0x0000, 0x0000, 0x0000, 0x0000, 0x0000, 0x0000, 0x0000, 0x0000, 0x0000, 0x0000, 0x0000, 0x0000, 0x0000, 0x0000,
  0x0000, 0x0000, 0x0000, 0x0000, 0x0000, 0x0000, 0x0000, 0x0000, 0x0000, 0x0000, 0x0000, 0x0000, 0x0000, 0x0000, 0x0000, 0x0000,
  0x0000, 0x0000, 0x0000, 0x0000, 0x0000, 0x0000, 0x0000, 0x0000, 0x0000, 0x0000, 0x0000, 0x0000, 0x0000, 0x0000, 0x0000, 0x0000,
  0x0000, 0x0000, 0x0000, 0x0000, 0x0000, 0x0000, 0x0000, 0x0000, 0x0000, 0x0000, 0x0000, 0x0000, 0x0000, 0x0000, 0x8210, 0xC318,
  0x2421, 0xE318, 0x0000, 0x0000, 0x0000, 0x0000, 0x0000, 0x0000, 0xC318, 0x0000, 0x0000, 0x0000, 0x0000, 0x0000, 0x0000, 0x0000,
  0x0000, 0xE418, 0x0000, 0x0000, 0x0000, 0x0421, 0x8631, 0xE839, 0x6629, 0x4529, 0xC318, 0xE318, 0x6629, 0x0000, 0xA210, 0x0000,
  0x0000, 0x0000, 0x0000, 0x0000, 0x0000, 0x0000, 0x0000, 0x0000, 0x0000, 0x0000, 0x0000, 0x0000, 0x0000, 0x0000, 0xA210, 0x0000,
  0x0000, 0x0000, 0x0000, 0x0421, 0x0000, 0x8210, 0x0000, 0x0000, 0x0000, 0x0000, 0x0000, 0x0000, 0x0000, 0x0000, 0x0000, 0xA210,
  0xA210, 0x0000, 0x6529, 0x8631, 0x6529, 0x6529, 0x4529, 0x0321, 0xC318, 0x2421, 0xA210, 0x0000, 0x0421, 0x4529, 0x0000, 0x0000,
  0x0000, 0x0000, 0x0000, 0x0000, 0x0000, 0xE318, 0x6529, 0x8631, 0x8631, 0x6529, 0xE318, 0xE318, 0xA210, 0x0000, 0x0000, 0x0000,
  0x0000, 0x0000, 0x0000, 0x0000, 0x0000, 0x0000, 0x0000, 0x0000, 0xC318, 0x4529, 0x0421, 0x0419, 0x6629, 0xC310, 0x0000, 0x0000,
  0x0000, 0x0000, 0x0000, 0x0000, 0x0000, 0x0000, 0x0000, 0x0000, 0x0000, 0x0000, 0x0000, 0x0000, 0x0000, 0x0000, 0x0000, 0x0000,
  0x0000, 0x0000, 0x0000, 0x0000, 0x0000, 0x0000, 0x0000, 0x0000, 0x0000, 0x0000, 0x0000, 0x0000, 0x0000, 0x0000, 0x0000, 0x0000,
  0x0000, 0x0000, 0x0000, 0x0000, 0x0000, 0x0000, 0x0000, 0x0000, 0x0000, 0x0000, 0x0000, 0x0000, 0x0000, 0x0000, 0x0000, 0x0000,
  0x0000, 0x0000, 0x0000, 0x0000, 0x0000, 0x0000, 0x0000, 0x0000, 0x0000, 0x0000, 0x0000, 0x0000, 0x0000, 0x0000, 0x0000, 0x0000,
  0x0000, 0x0000, 0x0000, 0x0000, 0x0000, 0x0000, 0x0000, 0x0000, 0x0000, 0x0000, 0x0000, 0x0000, 0x0000, 0x0000, 0x0000, 0x0000,
  0x0000, 0x0000, 0x0000, 0x0000, 0x0000, 0x0000, 0x0000, 0x0000, 0x0000, 0x0000, 0x0000, 0x0000, 0x0000, 0x0000, 0x0000, 0x0000,
  0x0000, 0x0000, 0x0000, 0x0000, 0x0000, 0x0000, 0x0000, 0x0000, 0x0000, 0x0000, 0x0000, 0x0000, 0x0000, 0x0000, 0x0000, 0x0000,
  0x0000, 0x0000, 0x0000, 0x0000, 0x0000, 0x0000, 0x0000, 0x0000, 0x0000, 0x0000, 0x0000, 0x0000, 0x0000, 0x0000, 0x0000, 0x0000,
  0x0000, 0x0000, 0x0000, 0x0000, 0x0000, 0x0000, 0x0000, 0x0000, 0x0000, 0x0000, 0x0000, 0x0000, 0x0000, 0x0000, 0x0000, 0x0000,
  0x0000, 0x0000, 0x0000, 0x0000, 0x0000, 0x0000, 0x0000, 0x0000, 0x0000, 0x0000, 0x0000, 0x0000, 0x0000, 0x0000, 0x0000, 0x0000,
  0x0000, 0x0000, 0x0000, 0x0000, 0x0000, 0x0000, 0x0000, 0x0000, 0x0000, 0x0000, 0x0000, 0x0000, 0x0000, 0x0000, 0x0000, 0x0000,
  0x0000, 0x0000, 0x0000, 0x0000, 0x0000, 0x0000, 0x0000, 0x0000, 0x0000, 0x0000, 0xE418, 0x6529, 0x2421, 0xE318, 0x0000, 0x0000,
  0x0000, 0x0000, 0x0000, 0x0000, 0x0000, 0x0000, 0x0000, 0x0000, 0x0000, 0x0000, 0xC318, 0x0000, 0x0000, 0x0000, 0x0000, 0x0000,
  0xA210, 0xE418, 0x8629, 0x2521, 0x0000, 0x0421, 0xE318, 0xA310, 0x0000, 0xC210, 0xC310, 0x0000, 0x0000, 0x0000, 0x0000, 0x0000,
  0x0000, 0x0000, 0x0000, 0x0000, 0x0000, 0x0000, 0x0000, 0x0000, 0x0000, 0x0000, 0x0000, 0x0000, 0x0000, 0x0000, 0x0000, 0xC318,
  0xC318, 0x0000, 0x0000, 0x0000, 0x0000, 0x0000, 0x0000, 0x0000, 0x0000, 0x0000, 0x0000, 0x0000, 0x0000, 0x0000, 0x0000, 0xC318,
  0xA210, 0x0421, 0x8631, 0xE318, 0xA210, 0x0421, 0xE318, 0x0000, 0x0000, 0x8631, 0x0000, 0x0000, 0x0000, 0x0000, 0x0000, 0x0000,
  0x0000, 0x0000, 0x0421, 0x2421, 0x0421, 0x0421, 0x2421, 0x0421, 0xE318, 0x0000, 0x0000, 0x0000, 0x0000, 0x0421, 0xE318, 0x0000,
  0x0000, 0x0000, 0x0000, 0x0000, 0x0000, 0xA210, 0x2521, 0xC310, 0x8210, 0xC310, 0x0000, 0x0000, 0x0000, 0x0000, 0x0000, 0x0000,
  0x0000, 0x0000, 0x0000, 0x0000, 0x0000, 0x0000, 0x0000, 0x0000, 0x0000, 0x0000, 0x0000, 0x0000, 0x0000, 0x0000, 0x0000, 0x0000,
  0x0000, 0x0000, 0x8210, 0x0000, 0x0000, 0x0000, 0x0000, 0x0000, 0x0000, 0x0000, 0x0000, 0x0000, 0x0000, 0x0000, 0x0000, 0x0000,
  0x0000, 0x0000, 0x0000, 0x0000, 0x0000, 0x0000, 0x0000, 0x0000, 0x0000, 0x0000, 0x0000, 0x0000, 0x0000, 0x0000, 0x0000, 0x0000,
  0x0000, 0x0000, 0x0000, 0x0000, 0x0000, 0x0000, 0x0000, 0x0000, 0x0000, 0x0000, 0x0000, 0x0000, 0x0000, 0x0000, 0x0000, 0x0000,
  0x0000, 0x0000, 0x0000, 0x0000, 0x0000, 0x0000, 0x0000, 0x0000, 0x0000, 0x0000, 0x0000, 0x0000, 0x0000, 0x0000, 0x0000, 0x0000,
  0x0000, 0x0000, 0x0000, 0x0000, 0x0000, 0x0000, 0x0000, 0x0000, 0x0000, 0x0000, 0x0000, 0x0000, 0x0000, 0x0000, 0x0000, 0x0000,
  0x0000, 0x0000, 0x0000, 0x0000, 0x0000, 0x0000, 0x0000, 0x0000, 0x0000, 0x0000, 0x0000, 0x0000, 0x0000, 0x0000, 0x0000, 0x0000,
  0x0000, 0x0000, 0x0000, 0x0000, 0x0000, 0x0000, 0x0000, 0x0000, 0x0000, 0x0000, 0x0000, 0x0000, 0x0000, 0x0000, 0x0000, 0x0000,
  0x0000, 0x0000, 0x0000, 0x0000, 0x0000, 0x0000, 0x0000, 0x0000, 0x0000, 0x0000, 0x0000, 0x0000, 0x0000, 0x0000, 0x0000, 0x0000,
  0x0000, 0x0000, 0x0000, 0x0000, 0x0000, 0x0000, 0x0000, 0x0000, 0x0000, 0x0000, 0x0000, 0x0000, 0x0000, 0x0000, 0x0000, 0x0000,
  0x0000, 0x0000, 0x0000, 0x0000, 0x0000, 0x0000, 0x0000, 0x0000, 0x0000, 0x0000, 0x0000, 0x0000, 0x0000, 0x0000, 0x0000, 0x0000,
  0x0000, 0x0000, 0x0000, 0x0000, 0x0000, 0xE418, 0xA631, 0x8631, 0x2421, 0xA210, 0x0000, 0xC310, 0x0000, 0xA310, 0xA210, 0x0000,
  0x0000, 0x0000, 0x0000, 0x0000, 0x0000, 0xA210, 0x8210, 0x0000, 0x0000, 0x0000, 0x0000, 0x0000, 0xA210, 0x0000, 0x0419, 0x0000,
  0x0000, 0x0419, 0x0421, 0x0000, 0x0000, 0x0000, 0x0000, 0x0000, 0x0000, 0x0000, 0x0000, 0x0000, 0x0000, 0x0000, 0x0000, 0x0000,
  0xA210, 0x0419, 0xC318, 0x0000, 0x0000, 0x0000, 0xA210, 0xC210, 0x0419, 0xA210, 0x0000, 0x0000, 0x0421, 0xE318, 0xA210, 0x0000,
  0x0000, 0xA210, 0xA210, 0x0000, 0x0000, 0x0000, 0x0000, 0x0000, 0x0000, 0x0000, 0x0000, 0x0000, 0x0000, 0xA210, 0xA631, 0x2421,
  0x0000, 0xA210, 0x4529, 0x0000, 0x0000, 0x4529, 0x0000, 0x0000, 0x0000, 0x0000, 0x0000, 0x0000, 0x0000, 0x0000, 0xE318, 0x6529,
  0xC318, 0x0321, 0x2421, 0x0421, 0x2429, 0xC318, 0xC318, 0x0000, 0x0000, 0x0421, 0x8631, 0x4529, 0x8210, 0x0000, 0xA210, 0x0000,
  0x0000, 0x0000, 0x0000, 0xE418, 0x8208, 0x0000, 0x8208, 0x0000, 0x0000, 0x0000, 0x0000, 0x0000, 0x0000, 0x0000, 0x0000, 0x0000,
  0x0000, 0x0000, 0x0000, 0x0000, 0x0000, 0x0000, 0x0000, 0x0000, 0x0000, 0x0000, 0x0000, 0x0000, 0x0000, 0x0000, 0x0000, 0x0000,
  0x0000, 0x0000, 0x0000, 0x0000, 0x0000, 0x0000, 0x0000, 0x0000, 0x0000, 0x0000, 0x0000, 0x0000, 0x0000, 0x0000, 0x0000, 0x0000,
  0x0000, 0x0000, 0x0000, 0x0000, 0x0000, 0x0000, 0x0000, 0x0000, 0x0000, 0x0000, 0x0000, 0x0000, 0x0000, 0x0000, 0x0000, 0x0000,
  0x0000, 0x0000, 0x0000, 0x0000, 0x0000, 0x0000, 0x0000, 0x0000, 0x0000, 0x0000, 0x0000, 0x0000, 0x0000, 0x0000, 0x0000, 0x0000,
  0x0000, 0x0000, 0x0000, 0x0000, 0x0000, 0x0000, 0x0000, 0x0000, 0x0000, 0x0000, 0x0000, 0x0000, 0x0000, 0x0000, 0x0000, 0x0000,
  0x0000, 0x0000, 0x0000, 0x0000, 0x0000, 0x0000, 0x0000, 0x0000, 0x0000, 0x0000, 0x0000, 0x0000, 0x0000, 0x0000, 0x0000, 0x0000,
  0x0000, 0x0000, 0x0000, 0x0000, 0x0000, 0x0000, 0x0000, 0x0000, 0x0000, 0x0000, 0x0000, 0x0000, 0x0000, 0x0000, 0x0000, 0x0000,
  0x0000, 0x0000, 0x0000, 0x0000, 0x0000, 0x0000, 0x0000, 0x0000, 0x0000, 0x0000, 0x0000, 0x0000, 0x0000, 0x0000, 0x0000, 0x0000,
  0x0000, 0x0000, 0x0000, 0x0000, 0x0000, 0x0000, 0x0000, 0x0000, 0x0000, 0x0000, 0x0000, 0x0000, 0x0000, 0x0000, 0x0000, 0x0000,
  0x0000, 0x0000, 0x0000, 0x0000, 0x0000, 0x0000, 0x0000, 0x0000, 0x0000, 0x0000, 0x0000, 0x0000, 0x0000, 0x0000, 0x0000, 0x0000,
  0x0000, 0x0000, 0x0000, 0x0000, 0x0000, 0x0000, 0x0000, 0x0000, 0x0000, 0x0000, 0x0000, 0x0000, 0x0000, 0x0000, 0x0000, 0x0000,
  0x0000, 0x0000, 0x0000, 0x0000, 0x0000, 0x0000, 0x0000, 0x0000, 0x0000, 0x0000, 0x0000, 0x0000, 0x0000, 0x0000, 0x0000, 0x0000,
  0x0000, 0x0000, 0x0000, 0x0000, 0x0000, 0x0000, 0x0000, 0x0000, 0x0000, 0x0000, 0x0000, 0x0000, 0x0000, 0x0000, 0x0000, 0x0000,
  0x0000, 0x0000, 0x0000, 0x0000, 0x0000, 0x0000, 0x0000, 0x0000, 0x0000, 0x0000, 0x0000, 0x0000, 0x0000, 0x0000, 0x0000, 0x0000,
  0x0000, 0x0000, 0x0000, 0x0000, 0x0000, 0x0000, 0x0000, 0x0000, 0x0000, 0x0000, 0x0000, 0x0000, 0x0000, 0x0000, 0x0000, 0x0000,
  0x0000, 0x0000, 0x0000, 0x0000, 0x0000, 0x0000, 0x0000, 0x0000, 0x0000, 0x0000, 0x0000, 0x0000, 0x0000, 0x0000, 0x0000, 0x0000,
  0x0000, 0x0000, 0x0000, 0x0000, 0x0000, 0x0000, 0x0000, 0x0000, 0x0000, 0x0000, 0x0000, 0x0000, 0x0000, 0x0000, 0x0000, 0x0000,
  0x0000, 0x0000, 0x0000, 0x0000, 0x0000, 0x0000, 0x0000, 0x0000, 0x0000, 0x0000, 0x0000, 0x0000, 0x0000, 0x0000, 0x0000, 0x0000,
  0x0000, 0x0000, 0x0000, 0x0000, 0x0000, 0x0000, 0x0000, 0x0000, 0x0000, 0x0000, 0x0000, 0x0000, 0x0000, 0x0000, 0x0000, 0x0000,
  0x0000, 0x0000, 0x0000, 0x0000, 0x0000, 0x0000, 0x0000, 0x0000, 0x0000, 0x0000, 0x0000, 0x0000, 0x0000, 0x0000, 0x0000, 0x0000,
  0x0000, 0x0000, 0x0000, 0x0000, 0x0000, 0x0000, 0x0000, 0x0000, 0x0000, 0x0000, 0x0000, 0x0000, 0x0000, 0x0000, 0x0000, 0x0000,
  0x0000, 0x0000, 0x0000, 0x0000, 0x0000, 0x0000, 0x0000, 0x0000, 0x0000, 0x0000, 0x0000, 0x0000, 0x0000, 0x0000, 0x0000, 0x0000,
  0x0000, 0x0000, 0x0000, 0x0000, 0x0000, 0x0000, 0x0000, 0x0000, 0x0000, 0x0000, 0x0000, 0x0000, 0x0000, 0x0000, 0x0000, 0x0000,
  0x0000, 0x0000, 0x0000, 0x0000, 0x0000, 0x0000, 0x0000, 0x0000, 0x0000, 0x0000, 0x0000, 0x0000, 0x0000, 0x0000, 0x0000, 0x0000,
  0x0000, 0x0000, 0x0000, 0x0000, 0x0000, 0x0000, 0x0000, 0x0000, 0x0000, 0x0000, 0x0000, 0x0000, 0x0000, 0x0000, 0x0000, 0x0000,
  0x0000, 0x0000, 0x0000, 0x0000, 0x0000, 0x0000, 0x0000, 0x0000, 0x0000, 0x0000, 0x0000, 0x0000, 0x0000, 0x0000, 0x0000, 0x0000,
  0x0000, 0x0000, 0x0000, 0x0000, 0x0000, 0x0000, 0x0000, 0x0000, 0x0000, 0x0000, 0x0000, 0x0000, 0x0000, 0x0000, 0x0000, 0x0000,
  0x0000, 0x0000, 0x0000, 0x0000, 0x0000, 0x0000, 0x0000, 0x0000, 0x0000, 0x0000, 0x0000, 0x0000, 0x0000, 0x0000, 0x0000, 0x0000,
  0x0000, 0x0000, 0x0000, 0x0000, 0x0000, 0x0000, 0x0000, 0x0000, 0x0000, 0x0000, 0x0000, 0x0000, 0x0000, 0x0000, 0x0000, 0x0000,
  0x0000, 0x0000, 0x0000, 0x0000, 0x0000, 0x0000, 0x0000, 0x0000, 0x0000, 0x0000, 0x0000, 0x0000, 0x0000, 0x0000, 0x0000, 0x0000,
  0x0000, 0x0000, 0x0000, 0x0000, 0x0000, 0x0000, 0x0000, 0x0000, 0x0000, 0x0000, 0x0000, 0x0000, 0x0000, 0x0000, 0x0000, 0x0000,
  0x0000, 0x0000, 0x0000, 0x0000, 0x0000, 0x0000, 0x0000, 0x0000, 0x0000, 0x0000, 0x0000, 0x0000, 0x0000, 0x0000, 0x0000, 0x0000,
  0x0000, 0x0000, 0x0000, 0x0000, 0x0000, 0x0000, 0x0000, 0x0000, 0x0000, 0x0000, 0x0000, 0x0000, 0x0000, 0x0000, 0x0000, 0x0000,
  0x0000, 0x0000, 0x0000, 0x0000, 0x0000, 0x0000, 0x0000, 0x0000, 0x0000, 0x0000, 0x0000, 0x0000, 0x0000, 0x0000, 0x0000, 0x0000,
  0x0000, 0x0000, 0x0000, 0x0000, 0x0000, 0x0000, 0x0000, 0x0000, 0x0000, 0x0000, 0x0000, 0x0000, 0x0000, 0x0000, 0x0000, 0x0000,
  0x0000, 0x0000, 0x0000, 0x0000, 0x0000, 0x0000, 0x0000, 0x0000, 0x0000, 0x0000, 0x0000, 0x0000, 0x0000, 0x0000, 0x0000, 0x0000,
  0x0000, 0x0000, 0x0000, 0x0000, 0x0000, 0x0000, 0x0000, 0x0000, 0x0000, 0x0000, 0x0000, 0x0000, 0x0000, 0x0000, 0x0000, 0x0000,
  0x0000, 0x0000, 0x0000, 0x0000, 0x0000, 0x0000, 0x0000, 0x0000, 0x0000, 0x0000, 0x0000, 0x0000, 0x0000, 0x0000, 0x0000, 0x0000,
  0x0000, 0x0000, 0x0000, 0x0000, 0x0000, 0x0000, 0x0000, 0x0000, 0x0000, 0x0000, 0x0000, 0x0000, 0x0000, 0x0000, 0x0000, 0x0000,
  0x0000, 0x0000, 0x0000, 0x0000, 0x0000, 0x0000, 0x0000, 0x0000, 0x0000, 0x0000, 0x0000, 0x0000, 0x0000, 0x0000, 0x0000, 0x0000,
  0x0000, 0x0000, 0x0000, 0x0000, 0x0000, 0x0000, 0x0000, 0x0000, 0x0000, 0x0000, 0x0000, 0x0000, 0x0000, 0x0000, 0x0000, 0x0000,
  0x0000, 0x0000, 0x0000, 0x0000, 0x0000, 0x0000, 0x0000, 0x0000, 0x0000, 0x0000, 0x0000, 0x0000, 0x0000, 0x0000, 0x0000, 0x0000,
  0x0000, 0x0000, 0x0000, 0x0000, 0x0000, 0x0000, 0x0000, 0x0000, 0x0000, 0x0000, 0x0000, 0x0000, 0x0000, 0x0000, 0x0000, 0x0000,
  0x0000, 0x0000, 0x0000, 0x0000, 0x0000, 0x0000, 0x0000, 0x0000, 0x0000, 0x0000, 0x0000, 0x0000, 0x0000, 0x0000, 0x0000, 0x0000,
  0x0000, 0x0000, 0x0000, 0x0000, 0x0000, 0x0000, 0x0000, 0x0000, 0x0000, 0x0000, 0x0000, 0x0000, 0x0000, 0x0000, 0x0000, 0x0000,
  0x0000, 0x0000, 0x0000, 0x0000, 0x0000, 0x0000, 0x0000, 0x0000, 0x0000, 0x0000, 0x0000, 0x0000, 0x0000, 0x0000, 0x0000, 0x0000,
  0x0000, 0x0000, 0x0000, 0x0000, 0x0000, 0x0000, 0x0000, 0x0000, 0x0000, 0x0000, 0x0000, 0x0000, 0x0000, 0x0000, 0x0000, 0x0000,
  0x0000, 0x0000, 0x0000, 0x0000, 0x0000, 0x0000, 0x0000, 0x0000, 0x0000, 0x0000, 0x0000, 0x0000, 0x0000, 0x0000, 0x0000, 0x0000,
  0x0000, 0x0000, 0x0000, 0x0000, 0x0000, 0x0000, 0x0000, 0x0000, 0x0000, 0x0000, 0x0000, 0x0000, 0x0000, 0x0000, 0x0000, 0x0000,
  0x0000, 0x0000, 0x0000, 0x0000, 0x0000, 0x0000, 0x0000, 0x0000, 0x0000, 0x0000, 0x0000, 0x0000, 0x0000, 0x0000, 0x0000, 0x0000,
  0x0000, 0x0000, 0x0000, 0x0000, 0x0000, 0x0000, 0x0000, 0x0000, 0x0000, 0x0000, 0x0000, 0x0000, 0x0000, 0x0000, 0x0000, 0x0000,
  0x0000, 0x0000, 0x0000, 0x0000, 0x0000, 0x0000, 0x0000, 0x0000, 0x0000, 0x0000, 0x0000, 0x0000, 0x0000, 0x0000, 0x0000, 0x0000,
  0x0000, 0x0000, 0x0000, 0x0000, 0x0000, 0x0000, 0x0000, 0x0000, 0x0000, 0x0000, 0x0000, 0x0000, 0x0000, 0x0000, 0x0000, 0x0000,
  0x0000, 0x0000, 0x0000, 0x0000, 0x0000, 0x0000, 0x0000, 0x0000, 0x0000, 0x0000, 0x0000, 0x0000, 0x0000, 0x0000, 0x0000, 0x0000,
  0x0000, 0x0000, 0x0000, 0x0000, 0x0000, 0x0000, 0x0000, 0x0000, 0x0000, 0x0000, 0x0000, 0x0000, 0x0000, 0x0000, 0x0000, 0x0000,
  0x0000, 0x0000, 0x0000, 0x0000, 0x0000, 0x0000, 0x0000, 0x0000, 0x0000, 0x0000, 0x0000, 0x0000, 0x0000, 0x0000, 0x0000, 0x0000,
  0x0000, 0x0000, 0x0000, 0x0000, 0x0000, 0x0000, 0x0000, 0x0000, 0x0000, 0x0000, 0x0000, 0x0000, 0x0000, 0x0000, 0x0000, 0x0000,
  0x0000, 0x0000, 0x0000, 0x0000, 0x0000, 0x0000, 0x0000, 0x0000, 0x0000, 0x0000, 0x0000, 0x0000, 0x0000, 0x0000, 0x0000, 0x0000,
  0x0000, 0x0000, 0x0000, 0x0000, 0x0000, 0x0000, 0x0000, 0x0000, 0x0000, 0x0000, 0x0000, 0x0000, 0x0000, 0x0000, 0x0000, 0x0000,
  0x0000, 0x0000, 0x0000, 0x0000, 0x0000, 0x0000, 0x0000, 0x0000, 0x0000, 0x0000, 0x0000, 0x0000, 0x0000, 0x0000, 0x0000, 0x0000,
  0x0000, 0x0000, 0x0000, 0x0000, 0x0000, 0x0000, 0x0000, 0x0000, 0x0000, 0x0000, 0x0000, 0x0000, 0x0000, 0x0000, 0x0000, 0x0000,
  0x0000, 0x0000, 0x0000, 0x0000, 0x0000, 0x0000, 0x0000, 0x0000, 0x0000, 0x0000, 0x0000, 0x0000, 0x0000, 0x0000, 0x0000, 0x0000,
  0x0000, 0x0000, 0x0000, 0x0000, 0x0000, 0x0000, 0x0000, 0x0000, 0x0000, 0x0000, 0x0000, 0x0000, 0x0000, 0x0000, 0x0000, 0x0000,
  0x0000, 0x0000, 0x0000, 0x0000, 0x0000, 0x0000, 0x0000, 0x0000, 0x0000, 0x0000, 0x0000, 0x0000, 0x0000, 0x0000, 0x0000, 0x0000,
  0x0000, 0x0000, 0x0000, 0x0000, 0x0000, 0x0000, 0x0000, 0x0000, 0x0000, 0x0000, 0x0000, 0x0000, 0x0000, 0x0000, 0x0000, 0x0000,
  0x0000, 0x0000, 0x0000, 0x0000, 0x0000, 0x0000, 0x0000, 0x0000, 0x0000, 0x0000, 0x0000, 0x0000, 0x0000, 0x0000, 0x0000, 0x0000,
  0x0000, 0x0000, 0x0000, 0x0000, 0x0000, 0x0000, 0x0000, 0x0000, 0x0000, 0x0000, 0x0000, 0x0000, 0x0000, 0x0000, 0x0000, 0x0000,
  0x0000, 0x0000, 0x0000, 0x0000, 0x0000, 0x0000, 0x0000, 0x0000, 0x0000, 0x0000, 0x0000, 0x0000, 0x0000, 0x0000, 0x0000, 0x0000,
  0x0000, 0x0000, 0x0000, 0x0000, 0x0000, 0x0000, 0x0000, 0x0000, 0x0000, 0x0000, 0x0000, 0x0000, 0x0000, 0x0000, 0x0000, 0x0000,
  0x0000, 0x0000, 0x0000, 0x0000, 0x0000, 0x0000, 0x0000, 0x0000, 0x0000, 0x0000, 0x0000, 0x0000, 0x0000, 0x0000, 0x0000, 0x0000,
  0x0000, 0x0000, 0x0000, 0x0000, 0x0000, 0x0000, 0x0000, 0x0000, 0x0000, 0x0000, 0x0000, 0x0000, 0x0000, 0x0000, 0x0000, 0x0000,
  0x0000, 0x0000, 0x0000, 0x0000, 0x0000, 0x0000, 0x0000, 0x0000, 0x0000, 0x0000, 0x0000, 0x0000, 0x0000, 0x0000, 0x0000, 0x0000,
  0x0000, 0x0000, 0x0000, 0x0000, 0x0000, 0x0000, 0x0000, 0x0000, 0x0000, 0x0000, 0x0000, 0x0000, 0x0000, 0x0000, 0x0000, 0x0000,
  0x0000, 0x0000, 0x0000, 0x0000, 0x0000, 0x0000, 0x0000, 0x0000, 0x0000, 0x0000, 0x0000, 0x0000, 0x0000, 0x0000, 0x0000, 0x0000,
  0x0000, 0x0000, 0x0000, 0x0000, 0x0000, 0x0000, 0x0000, 0x0000, 0x0000, 0x0000, 0x0000, 0x0000, 0x0000, 0x0000, 0x0000, 0x0000,
  0x0000, 0x0000, 0x0000, 0x0000, 0x0000, 0x0000, 0x0000, 0x0000, 0x0000, 0x0000, 0x0000, 0x0000, 0x0000, 0x0000, 0x0000, 0x0000,
  0x0000, 0x0000, 0x0000, 0x0000, 0x0000, 0x0000, 0x0000, 0x0000, 0x0000, 0x0000, 0x0000, 0x0000, 0x0000, 0x0000, 0x0000, 0x0000,
  0x0000, 0x0000, 0x0000, 0x0000, 0x0000, 0x0000, 0x0000, 0x0000, 0x0000, 0x0000, 0x0000, 0x0000, 0x0000, 0x0000, 0x0000, 0x0000,
  0x0000, 0x0000, 0x0000, 0x0000, 0x0000, 0x0000, 0x0000, 0x0000, 0x0000, 0x0000, 0x0000, 0x0000, 0x0000, 0x0000, 0x0000, 0x0000,
  0x0000, 0x0000, 0x0000, 0x0000, 0x0000, 0x0000, 0x0000, 0x0000, 0x0000, 0x0000, 0x0000, 0x0000, 0x0000, 0x0000, 0x0000, 0x0000,
  0x0000, 0x0000, 0x0000, 0x0000, 0x0000, 0x0000, 0x0000, 0x0000, 0x0000, 0x0000, 0x0000, 0x0000, 0x0000, 0x0000, 0x0000, 0x0000,
  0x0000, 0x0000, 0x0000, 0x0000, 0x0000, 0x0000, 0x0000, 0x0000, 0x0000, 0x0000, 0x0000, 0x0000, 0x0000, 0x0000, 0x0000, 0x0000,
  0x0000, 0x0000, 0x0000, 0x0000, 0x0000, 0x0000, 0x0000, 0x0000, 0x0000, 0x0000, 0x0000, 0x0000, 0x0000, 0x0000, 0x0000, 0x0000,
  0x0000, 0x0000, 0x0000, 0x0000, 0x0000, 0x0000, 0x0000, 0x0000, 0x0000, 0x0000, 0x0000, 0x0000, 0x0000, 0x0000, 0x0000, 0x0000,
  0x0000, 0x0000, 0x0000, 0x0000, 0x0000, 0x0000, 0x0000, 0x0000, 0x0000, 0x0000, 0x0000, 0x0000, 0x0000, 0x0000, 0x0000, 0x0000,
  0x0000, 0x0000, 0x0000, 0x0000, 0x0000, 0x0000, 0x0000, 0x0000, 0x0000, 0x0000, 0x0000, 0x0000, 0x0000, 0x0000, 0x0000, 0x0000,
  0x0000, 0x0000, 0x0000, 0x0000, 0x0000, 0x0000, 0x0000, 0x0000, 0x0000, 0x0000, 0x0000, 0x0000, 0x0000, 0x0000, 0x0000, 0x0000,
  0x0000, 0x0000, 0x0000, 0x0000, 0x0000, 0x0000, 0x0000, 0x0000, 0x0000, 0x0000, 0x0000, 0x0000, 0x0000, 0x0000, 0x0000, 0x0000,
  0x0000, 0x0000, 0x0000, 0x0000, 0x0000, 0x0000, 0x0000, 0x0000, 0x0000, 0x0000, 0x0000, 0x0000, 0x0000, 0x0000, 0x0000, 0x0000,
  0x0000, 0x0000, 0x0000, 0x0000, 0x0000, 0x0000, 0x0000, 0x0000, 0x0000, 0x0000, 0x0000, 0x0000, 0x0000, 0x0000, 0x0000, 0x0000,
  0x0000, 0x0000, 0x0000, 0x0000, 0x0000, 0x0000, 0x0000, 0x0000, 0x0000, 0x0000, 0x0000, 0x0000, 0x0000, 0x0000, 0x0000, 0x0000,
  0x0000, 0x0000, 0x0000, 0x0000, 0x0000, 0x0000, 0x0000, 0x0000, 0x0000, 0x0000, 0x0000, 0x0000, 0x0000, 0x0000, 0x0000, 0x0000,
  0x0000, 0x0000, 0x0000, 0x0000, 0x0000, 0x0000, 0x0000, 0x0000, 0x0000, 0x0000, 0x0000, 0x0000, 0x0000, 0x0000, 0x0000, 0x0000,
  0x0000, 0x0000, 0x0000, 0x0000, 0x0000, 0x0000, 0x0000, 0x0000, 0x0000, 0x0000, 0x0000, 0x0000, 0x0000, 0x0000, 0x0000, 0x0000,
  0x0000, 0x0000, 0x0000, 0x0000, 0x0000, 0x0000, 0x0000, 0x0000, 0x0000, 0x0000, 0x0000, 0x0000, 0x0000, 0x0000, 0x0000, 0x0000,
  0x0000, 0x0000, 0x0000, 0x0000, 0x0000, 0x0000, 0x0000, 0x0000, 0x0000, 0x0000, 0x0000, 0x0000, 0x0000, 0x0000, 0x0000, 0x0000,
  0x0000, 0x0000, 0x0000, 0x0000, 0x0000, 0x0000, 0x0000, 0x0000, 0x0000, 0x0000, 0x0000, 0x0000, 0x0000, 0x0000, 0x0000, 0x0000,
  0x0000, 0x0000, 0x0000, 0x0000, 0x0000, 0x0000, 0x0000, 0x0000, 0x0000, 0x0000, 0x0000, 0x0000, 0x0000, 0x0000, 0x0000, 0x0000,
  0x0000, 0x0000, 0x0000, 0x0000, 0x0000, 0x0000, 0x0000, 0x0000, 0x0000, 0x0000, 0x0000, 0x0000
};